:020000040800F2
:1000000088100224D9030008E94C010831170108BF
:10001000F94B010871120008A9F401080000000062
:10002000000000000000000000000000C17E010888
:100030006933000800000000515C01086187010875
:10004000F7030008F7030008F7030008F7030008A8
:10005000F7030008F7030008F7030008F703000898
:10006000F7030008F7030008F703000861250008FC
:10007000712500088125000891250008A1250008A8
:10008000F7030008F7030008F703000871350008BC
:100090009135000881350008A1350008F7030008F4
:1000A000F7030008F7030008F7030008F703000848
:1000B000D9890108F7030008F7030008F7030008CF
:1000C000F7030008F7030008F7030008F703000828
:1000D000D17C010879B5010841B70108F703000890
:1000E000F7030008F703000800000000E989010891
:1000F000F7030008F7030008F7030008B12500081C
:10010000F7030008F7030008F7030008F7030008E7
:10011000F703000801A20108F7030008F70300082D
:10012000C1250008F7030008F7030008D1250008DF
:10013000E1250008F7030008F7030008F7030008AB
:1001400000000000000000000000000000000000AF
:10015000F7030008F7030008F7030008F703000897
:10016000F7030008F7030008F7030008F703000887
:10017000F7030008D1540108F7030008000000004D
:10018000F7030008F7030008F7030008F703000867
:10019000F7030008F7030008F7030008F703000857
:1001A000F7030008F7030008F70300080000000049
:1001B000F7030008F7030008F7030008F703000837
:1001C000F7030008F703000800000000000000002B
:1001D0000000000000000000F7030008000000001D
:1001E000000000000000000000000000000000000F
:1001F0000000000000000000F7030008F7030008FB
:10020000F7030008F703000800000000F7030008E8
:10021000F7030008F7030008F7030008F7030008D6
:10022000F703000800000000F703000800000000CA
:10023000F7030008F703000800000000F7030008B8
:10024000F7030008F7030008F7030008F7030008A6
:10025000F7030008F7030008F7030008F703000896
:10026000F7030008F7030008F7030008F703000886
:10027000F7030008F7030008F70300080000000078
:10028000F7030008F7030008F7030008F703000866
:1002900000000000F7030008F7030008000000005A
:1002A00000000000F7030008F7030008F703000848
:1002B000F7030008F7030008F7030008B13500084A
:1002C000C1350008F7030008F703000800F002F842
:1002D00000F072F814A696E8000CB244B344DA4574
:1002E00001D100F069F8BAE80F000FA696E83000D7
:1002F000A5EB040504EB0607AAEB0704A7F1010729
:100300004FEA15154FEA3414A4F10104AC4201D3AD
:1003100000F052F813F0010F18BFFB1A43F001036D
:1003200000F001F8DBE718471460020034600200B7
:100330000A444FF0000C10F8013B13F0070408BF0B
:1003400010F8014B1D1108BF10F8015B641E05D0A9
:1003500010F8016B641E01F8016BF9D113F0080F5E
:100360001EBF10F8014BAD1C0C1B09D16D1E58BFF0
:1003700001F801CBFAD505E014F8016B01F8016B27
:100380006D1EF9D59142D6D370470000704700002A
:100390000023002400250026103A28BF78C1FBD88E
:1003A000520728BF30C148BF0B6070471FB524F00B
:1003B00064FE1FBD10B510BD00F0FFF91146FFF738
:1003C000F5FF21F085F900F01DFA03B4FFF7F2FF05
:1003D00003BC00F021FA00000A4880470A48804721
:1003E0000A480047FEE7FEE7FEE7FEE7FEE7FEE716
:1003F000FEE7FEE7FEE7FEE705480649064A074B2B
:10040000704700004935000871880108CD020008D6
:1004100088F801248810022488000224880002241D
:10042000F0B400EB4003DFF8880000EBC30000F1FC
:1004300018063069F7687568874232D3B368DC1BE9
:10044000631E934214D37D19D01900BF11F8013BEC
:1004500005F8013B521E05D011F8013B05F8013BA0
:10046000521EF3D1BFF35F8FF0600120F0BC7047E4
:10047000C018904219D37819121B11F8013B00F8EB
:10048000013B641EF9D1141C05D011F8013B05F89D
:10049000013B521EF9D1BFF35F8FF4600120F0BC25
:1004A0007047C01B401E9042CDD20020F0BC704768
:1004B000381B002453EA020C00F069802DE9F04B50
:1004C0004FF00006002B1FBFB3FA83F503FA05F4C3
:1004D00024FA05F65E4012BF1643B2FA82F502FA1C
:1004E00005F4C5F120051EBF22FA05FC44EA0C0400
:1004F000203556EA044C4FEA144418BF641C4FF0F0
:1005000000084FF00009904271EB030C39D3002929
:1005100019BFB1FA81F701FA07F6B0FA80F700FACD
:1005200007F6C7F120071EBF20FA07FC46EA0C06B3
:100530002037B6FBF4FCA7EB0507103F07F01F0BB5
:10054000CBF120062CFA06F60CFA0BFB44BFB3469F
:100550000026202FA4BF5E464FF0000B5BEA060C7E
:1005600008BF4FF0010B19EB0B0948EB0608ABFB7A
:10057000027C06FB02CC0BFB03CCC01B71EB0C0115
:10058000C1E70B46024641464846BDE8F08B13B52D
:10059000084318BF4FF0FF300146AFF30080BDE8BD
:1005A0001C40704740EA010310B59B070FD1042A95
:1005B0000DD310C808C9121F9C42F8D020BA19BA2E
:1005C000884201D9012010BD4FF0FF3010BD1AB193
:1005D000D30703D0521C07E0002010BD10F8013BE8
:1005E00011F8014B1B1B07D110F8013B11F8014B0F
:1005F0001B1B01D1921EF1D1184610BD032A40F2F7
:10060000308010F0030C00F0158011F8013BBCF1B4
:10061000020F624498BF11F801CB00F8013B38BFCC
:1006200011F8013BA2F1040298BF00F801CB38BFDA
:1006300000F8013B11F0030300F02580083AC0F0F8
:10064000088051F8043B083A51F804CBA0E80810A0
:10065000F5E7121D5CBF51F8043B40F8043BAFF3D3
:100660000080D20724BF11F8013B11F801CB48BF2D
:1006700011F8012B24BF00F8013B00F801CB48BF63
:1006800000F8012B704710B5203AC0F00B80B1E89C
:100690001850A0E81850B1E81850A0E81850203AB7
:1006A000BFF4F5AF5FEA027C24BFB1E81850A0E8C0
:1006B000185044BF18C918C0BDE810405FEA827CDA
:1006C00024BF51F8043B40F8043B08BF7047D207F1
:1006D00028BF31F8023B48BF11F8012B28BF20F892
:1006E000023B48BF00F8012B704702F0FF0343EACA
:1006F000032242EA024200F024B84FF0000204292B
:10070000C0F0128010F0030C00F01B80CCF1040C40
:10071000BCF1020F18BF00F8012BA8BF20F8022B74
:10072000A1EB0C0100F00DB85FEAC17C24BF00F81A
:10073000012B00F8012B48BF00F8012B70474FF048
:10074000000200B5134694469646203922BFA0E821
:100750000C50A0E80C50B1F12001BFF4F7AF09072D
:1007600028BFA0E80C5048BF0CC05DF804EB89001E
:1007700028BF40F8042B08BF704748BF20F8022B61
:1007800011F0804F18BF00F8012B70477047704779
:10079000704710B500F00CF8006810BD10B50446A5
:1007A00000F006F8046010BD00487047880200247D
:1007B000004870478802002470477546FFF7F4FF31
:1007C000AE4605006946534620F00700854618B03E
:1007D00020B5FFF711FEBDE820404FF000064FF0B6
:1007E00000074FF000084FF0000BAC46ACE8C00922
:1007F000ACE8C009ACE8C009ACE8C00921F00701C9
:100800008D46704710B50446AFF300802046BDE822
:100810001040FFF7DABD000001491820ABBEFEE72B
:10082000260002000000000080B544F6B430C2F299
:1008300000404FF24431C2F201414FF480720FF098
:10084000FFFD44F20020C2F2004000681021C4F213
:100850000201884200F0B280FFE744F20020C2F2B9
:10086000004000682821C4F20201884200F0A680FE
:10087000FFE744F20020C2F2004000684021C4F2C9
:100880000201884200F09A80FFE744F20020C2F2A1
:10089000004000685821C4F20201884200F08E80B6
:1008A000FFE744F20020C2F2004000687021C4F269
:1008B0000201884200F08280FFE744F20020C2F289
:1008C000004000688821C4F20201884276D0FFE728
:1008D00044F20020C2F200400068A021C4F20201EC
:1008E00088426BD0FFE744F20020C2F2004000686B
:1008F000B821C4F20201884260D0FFE744F2002030
:10090000C2F20040006840F21041C4F20201884285
:1009100054D0FFE744F20020C2F20040006840F2E9
:100920002841C4F20201884248D0FFE744F2002087
:10093000C2F20040006840F24041C4F20201884225
:100940003CD0FFE744F20020C2F20040006840F2D1
:100950005841C4F20201884230D0FFE744F200203F
:10096000C2F20040006840F27041C4F202018842C5
:1009700024D0FFE744F20020C2F20040006840F2B9
:100980008841C4F20201884218D0FFE744F20020F7
:10099000C2F20040006840F2A041C4F20201884265
:1009A0000CD0FFE744F20020C2F20040006840F2A1
:1009B000B841C4F2020188420AD1FFE744F20020A4
:1009C000C2F200400168086820F00800086009E0F1
:1009D00044F20020C2F200400168086820F00400E0
:1009E0000860FFE780BD000080B584B04FF244305E
:1009F000C2F201400078AB2863D1FFE74FF24430E8
:100A0000C2F2014090F83F00FD285AD1FFE70020D4
:100A10008DF80F00FFE79DF80F0003281CDCFFE7AF
:100A20009DF80F104FF24430C2F2014000EB41023A
:100A30005078927840EA022001EB411242F2C05114
:100A4000C2F2004101EBC2014884FFE79DF80F00AC
:100A500001308DF80F00DEE74FF24430C2F2014062
:100A60000090417A827A41EA022140F26612C2F293
:100A70000042118002A90191C17A019A1170017B93
:100A8000019A5170417B019A9170817B019AD170DA
:100A9000029942F2C052C2F20042C2F8DC1400F1E4
:100AA0000F0140F62C20C2F200401E22FFF7A6FDE7
:100AB000009890F83E0040F20831C2F20041087000
:100AC000FFE704B080BD000080B58AB04FF244411A
:100AD000C2F20141AA20087000208DF82700FFE72C
:100AE0009DF82700032824DCFFE79DF8273003EB5F
:100AF000431142F2C050C2F20040203000EBC1016D
:100B00008A7A4FF24441C2F2014101EB43035A7029
:100B10009DF8272002EB421300EBC300C07A01EBE3
:100B200042018870FFE79DF8270001308DF827000B
:100B3000D6E742F2C050C2F2004000F58862069249
:100B400092ED030A9FEDA31A8DED071A20EE010A1C
:100B5000BDEEC00A10EE103A4FF24441C2F201411C
:100B600008914B7292ED030A20EE010ABDEEC00A15
:100B700010EE103A1B0A8B7292ED040A20EE010A65
:100B8000BDEEC00A10EE103ACB7292ED040A20EED0
:100B9000010ABDEEC00A10EE103A1B0A0B7392ED6B
:100BA0002A0A20EE010ABDEEC00A10EE103A4B737D
:100BB00092ED2A0A20EE010ABDEEC00A10EE103AAC
:100BC0001B0A8B7392ED2E0A20EE010ABDEEC00ABD
:100BD00010EE103ACB7392ED2E0A20EE010ABDEE14
:100BE000C00A10EE102A120A0A7490F830054874F0
:100BF00041F62030C2F20040007888744FF2E440A1
:100C0000C2F2014090ED000ABCEEC00A10EE100ADC
:100C1000C8740020087546F24030C2F20040B0F9B6
:100C20001201002808D4FFE746F24030C2F200402B
:100C3000B0F91201059008E046F24030C2F20040DF
:100C4000B0F9120140420590FFE7059800EE100A46
:100C5000B8EEC00A8DED040A46F24030C2F2004000
:100C6000B0F91A02002808D4FFE746F24030C2F279
:100C70000040B0F91A02039008E046F24030C2F298
:100C80000040B0F91A0240420390FFE79DED041ABC
:100C9000039800EE100AB8EEC00AB6EE002A20EE65
:100CA000020AA1EE020ABDEEC00A10EE100A4FF2CF
:100CB0004441C2F20141487546F24030C2F2004060
:100CC000B0F91201002808D4FFE746F24030C2F222
:100CD0000040B0F91201029008E046F24030C2F242
:100CE0000040B0F9120140420290FFE7029800EE86
:100CF000100AB8EEC00A8DED010A46F24030C2F289
:100D00000040B0F91A02002808D4FFE746F240304C
:100D1000C2F20040B0F91A02009008E046F24030FA
:100D2000C2F20040B0F91A0240420090FFE79DED88
:100D3000011A009800EE100AB8EEC00AB6EE002ABA
:100D400020EE020AA1EE020ABDEEC00A10EE100A61
:100D5000000A4FF24441C2F20141887546F2403028
:100D6000C2F200400279CA7590F84E0300F001000B
:100D7000087642F2C050C2F2004000F5AC6090ED3F
:100D8000000ABDEEC00A10EE102A4A7690ED000A65
:100D9000BDEEC00A10EE100A000A887642F69840AE
:100DA000C2F2004090F8360F00F00100C87640F221
:100DB000EC50C2F20040007881F83E00FE2081F83D
:100DC0003F0044F6B430C2F20040402210F05CFB19
:100DD0000AB080BD00007A4480B540F60000C5F638
:100DE00002000122114608F097FF80BD00000000BC
:100DF00080B540F60000C5F602000121002208F08F
:100E00008BFF80BD00000000704700000000000064
:100E100080B540F60000C5F602000821012208F066
:100E20007BFF80BD0000000080B540F60000C5F6E5
:100E300002000821002208F06FFF80BD00000000C2
:100E4000704700000000000080B582B0ADF80600D9
:100E5000FFE7BDF80600411EADF8061028B1FFE718
:100E60004FF47A7000F004F8F3E702B080BD0000A0
:100E700086B0ADF816000020049003900290019017
:100E800000904EF21400CEF2000000680090BDF811
:100E90001600C0EB0010400104904EF21800CEF294
:100EA000000000680390FFE74EF21800CEF2000049
:100EB000006802900298039988421ED0FFE70298CA
:100EC0000399884207D2FFE703980299411A0198D3
:100ED0000844019008E000980299401A03990144DF
:100EE000019808440190FFE7029803900198049943
:100EF000884201D3FFE701E0FFE7D5E706B070477E
:100F000080B582B000208DF80700FFF77DFFFFF766
:100F100097FF20F06DF801469DF8070008438DF813
:100F2000070020F02DF901469DF8070008438DF8D1
:100F300007009DF8070002B080BD0000000000001F
:100F400080B588B00790069105920020009004902B
:100F50000390FFF74DFF922000F00AF9122003A939
:100F60000191062200F0CCF8FFF736FF9DF80C0047
:100F70009DF80D1040EA0120ADF80A00BDF90A0005
:100F800000EE100AB8EEC00A40F2A000C2F2004023
:100F900090ED001A20EE010A069981ED000A9DF8F5
:100FA0000E109DF80F2041EA0221ADF80A10BDF99C
:100FB0000A1000EE101AB8EEC00A90ED001A20EEEA
:100FC000010A069981ED010A9DF810109DF8112083
:100FD00041EA0221ADF80A10BDF90A1000EE101A1C
:100FE000B8EEC00A90ED001A20EE010A069880EDD6
:100FF000020AFFF719FF00980199082200F080F813
:10100000FFF706FF9DF80C000F2844D1FFE79DF87D
:101010000E009DF80F1040EA0120ADF80A00BDF95E
:101020000A0000EE100AB8EEC00A40F2A400C2F2B4
:10103000004090ED001A20EE010A079981ED000AA8
:101040009DF810109DF8112041EA0221ADF80A1018
:10105000BDF90A1000EE101AB8EEC00A90ED001AA1
:1010600020EE010A079981ED010A9DF812109DF802
:10107000132041EA0221ADF80A10BDF90A1000EE72
:10108000101AB8EEC00A90ED001A20EE010A079877
:1010900080ED020AFFE7FFF7ABFEA22000F068F840
:1010A000222003A9022200F02BF8FFF795FE9DF8FD
:1010B0000C009DF80D10C00040EA5110ADF80A0078
:1010C000BDF90A00B0F5806F07DBFFE7BDF80A0045
:1010D000A0F50060ADF80A00FFE7BDF90A0000EED8
:1010E000100AB8EEC01AB4EE002AB3EE070AA1EE59
:1010F000020A059880ED000A08B080BD00000000DB
:1011000080B584B08DF80F0002918DF807209DF80E
:101110000F0040F0800000F02BF8FFE79DF807007B
:1011200070B1FFE7552000F023F80299087002988B
:10113000013002909DF8070001388DF80700EDE7B7
:1011400004B080BD0000000080B582B08DF80700BB
:1011500000919DF8070040F0800000F009F855204C
:1011600000F006F80099087002B080BD0000000091
:1011700080B582B08DF8070069464FF47A70086038
:1011800044F6B410C2F200400DF107010DF1060261
:1011900001230DF0E5F99DF8060002B080BD0000C6
:1011A00080B582B08DF807008DF806109DF8070015
:1011B000FFF7DEFF9DF80600FFF7DAFF02B080BD03
:1011C00080B582B0ADF8060044F63C20C2F2004083
:1011D00004210EF019FFBDF80600D0B1FFE7FFE7CC
:1011E000BDF8060044F63C21C2F200410A68D06214
:1011F000BDF80600C860FFE7BDF80600410844F6E8
:101200003C20C2F200400268916304210EF034FBDE
:10121000FFE702B080BD000080B584B003908DF878
:101220000B1000200190FFE701989DF80B108842F9
:101230000FDAFFE70398019900EB810146F22020C5
:10124000C2F2004014F058FDFFE701980130019010
:10125000EAE740F2E820C2F20040006802220023E0
:10126000194621F0F1FE04B080BD0000000000002E
:10127000FFE7FEE70000000080B586B0059004910E
:1012800005980068029040F20121884206D0FFE7ED
:101290000298A0F20220022822D35EE0049B93F879
:1012A00000C059789A78D87841EA0C2140EA0222A5
:1012B00093F804C0587940EA0C2093F90630EC46C4
:1012C000CCF8003003B246F24030C2F200400830A1
:1012D00009B212B201F024F9082002F019F93DE038
:1012E00005980068A0F202208DF80F009DF80F000D
:1012F00000EB401146F24030C2F2004000EBC1006A
:1013000000F58870DDF810C09CF800E09CF8011032
:101310009CF802309CF8032041EA0E2142EA0322A5
:101320009CF804E09CF8053043EA0E239CF906C0C3
:10133000EE46CEF800C01BB209B212B201F0F0F8CE
:101340009DF80F000930C0B202F0E2F89DF80F00DE
:101350000930C0B202F0DCF800E0FFE706B080BD63
:1013600080B584B003900291039800680190112821
:101370000ED0FFE70198122817D0FFE70198132835
:1013800020D0FFE7019840F20521884227D049E0AC
:10139000029942F69840C2F2004000F555701FF0E5
:1013A000F7FF052002F0B4F83DE0029942F69840BC
:1013B000C2F2004000F5AB601FF0EAFF062002F029
:1013C000A7F830E0029942F69840C2F2004000F5DA
:1013D000CA6020F051F8072002F09AF823E0029B3F
:1013E00093F800C059789A78D87841EA0C2140EAFD
:1013F000022293F804C0587940EA0C2093F9063091
:10140000EC46CCF8003003B242F69840C2F20040FD
:1014100000F58A6009B212B201F082F8042002F0ED
:1014200077F800E0FFE704B080BD00000000000096
:1014300082B00190009101980068B0F5407F01D121
:10144000FFE700E0FFE702B0704700000000000087
:1014500080B592B0002008900A900B90022105916F
:101460000C91012106910D910E900F9044F2F02005
:10147000C2F2004002900AA9049107F085F8059A8B
:10148000089B029869460B60114607F009F9069916
:10149000089A029806F034FF089A02984FF00071FB
:1014A000079106F02DFF069A0298114607F018F8EA
:1014B000029808F0F1F9049944F29030C2F2004029
:1014C000039007F061F8059A089B039869460B6042
:1014D000114607F0E5F8069A0398114607F000F860
:1014E0000699089A039806F00BFF0799089A039843
:1014F00006F006FF039808F0CFF9049944F2304053
:10150000C2F20040099007F03FF8059A089B09983D
:1015100069460B60114607F0C3F8069A0998114610
:1015200006F0DEFF0699089A099806F0E9FE079989
:10153000089A099806F0E4FE099808F0ADF912B08F
:1015400080BD00000000000084B08DF80F00029103
:10155000ADF806209DF80F000146009123281DD804
:101560000099DFE801F012131415161B1B1B1B1B3F
:101570001B1B1B1B1B1B1B1B1B1B1B1B1B1B1B1BBB
:101580001B1B1B1B1B1B1718191A08E007E006E0A2
:1015900005E004E003E002E001E000E0FFE70020F6
:1015A00004B07047000000000020704700000000F9
:1015B00080B582B043F6DC30C2F20040009041F2C8
:1015C0001931C2F20041002201921AF049FD00983F
:1015D00040F61931C2F200411AF022FD019802B022
:1015E00080BD00000000000080B584B0039002912F
:1015F0000398029909681DF0CBFF039943F6DC308C
:10160000C2F2004001901AF00BFD01981AF0ACFCF8
:10161000002004B080BD000083B0029001918DF8DD
:10162000032000208DF802009DF9020003B07047EE
:1016300080B586B00490ADF80E1000208DF80D0036
:1016400043F6DC30C2F20040D0F8BC0202900298AF
:10165000D0F8140220B1FFE701208DF8170013E045
:101660000499BDF80E2043F6DC30C2F20040019030
:101670001AF0F6FC01981AF0FFFD8DF80D009DF8A8
:101680000D008DF81700FFE79DF8170006B080BD2C
:1016900080B58AB042F2C050C2F20040069000F518
:1016A000A4609FED9C0A17F043F8069890F8840513
:1016B000002840F0D280FFE742F2C050C2F2004062
:1016C000D0F8600509909DED090A9FED931AB4EEDC
:1016D000410AF1EE10FA09DBFFE79DED090A9FEDE3
:1016E0008F1A30EE010A8DED090AFFE79DED090A18
:1016F0009FED8B1AB4EE410AF1EE10FA09DAFFE71A
:101700009DED090A9FED871A30EE010A8DED090A59
:10171000FFE74CF6CD40C3F6CC5008900020079070
:101720009DED090A9DED081AB4EE410AF1EE10FA9A
:1017300009DDFFE79DED090A9DED081A30EE410A2B
:101740008DED070A1EE09DED090A9DED081AB1EE28
:10175000411AB4EE410AF1EE10FA09DAFFE79DED05
:10176000090A9DED081A30EE010A8DED070A08E01E
:101770000020079042F2C051C2F20041C1F84C056E
:10178000FFE7FFE79DED070AF1EE400A42F2C05085
:10179000C2F20040059000F5A76004909FED5D0A3D
:1017A00014F076F90499059891ED070A00F5886020
:1017B00090ED3A1A30EE010A80ED020A90ED020A2D
:1017C00090ED051AB1EE411AB4EE410AF1EE10FAAD
:1017D0000DDCFFE742F2C050C2F2004000F254407C
:1017E00090ED000AB1EE400A8DED030A2AE042F2C4
:1017F000C050C2F2004000F5886090ED020A90ED02
:10180000051AB4EE410AF1EE10FA0BDBFFE742F2E3
:10181000C050C2F2004000F2544090ED000A8DED3D
:10182000020A0AE042F2C050C2F2004000F58960AC
:1018300090ED000A8DED020AFFE79DED020A8DEDA5
:10184000030AFFE79DED030A42F2C050C2F20040D6
:1018500000F5896080ED000A5AE04FF27450C2F240
:101860000140016842F2C050C2F2004000F58860B9
:10187000816090ED020A90ED051AB1EE411AB4EEC6
:10188000410AF1EE10FA0DDCFFE742F2C050C2F25D
:10189000004000F2544090ED000AB1EE400A8DED98
:1018A000010A2AE042F2C050C2F2004000F588600E
:1018B00090ED020A90ED051AB4EE410AF1EE10FA2D
:1018C0000BDBFFE742F2C050C2F2004000F254408E
:1018D00090ED000A8DED000A0AE042F2C050C2F21B
:1018E000004000F5896090ED000A8DED000AFFE7E9
:1018F0009DED000A8DED010AFFE79DED010A42F220
:10190000C050C2F2004000F5896080ED000AFFE798
:101910000AB080BD00000000000034430000B4C3E2
:10192000000034C30000B44380B584B042F2C0501C
:10193000C2F2004090F88405002840F08480FFE760
:1019400042F2C050C2F2004000F59C6016F054FE16
:10195000B5EE400AF1EE10FA0BDBFFE742F2C050A1
:10196000C2F2004000F59C6016F046FE8DED030AC1
:101970000CE042F2C050C2F2004000F59C6016F04C
:101980003BFEB1EE400A8DED030AFFE79DED030A31
:1019900042F2C050C2F2004000F24C4191ED001AF8
:1019A00080EE010A8DED020A00F59E6016F024FE1D
:1019B000B5EE400AF1EE10FA0BDBFFE742F2C05041
:1019C000C2F2004000F59E6016F016FE8DED010A91
:1019D0000CE042F2C050C2F2004000F59E6016F0EA
:1019E0000BFEB1EE400A8DED010AFFE79DED020A04
:1019F0009DED011A42F2C050C2F2004000F58A602B
:101A000090ED002A81EE021A30EE010A9FED1F1AB6
:101A1000B4EE410AF1EE10FA0BDDFFE742F2C051DD
:101A2000C2F200414CF6CD40C3F6CC60C1F8780557
:101A300008E042F2C051C2F200414FF07E50C1F8BE
:101A40007805FFE708E042F2C051C2F200414FF0D2
:101A50007C50C1F87805FFE742F2C050C2F2004066
:101A6000009000F2544191ED000A00F5AF6191ED54
:101A7000001A20EE010A00F5A46016F059FE009944
:101A8000D1F82805C1F8480404B080BDCDCC4C3D48
:101A900080B58AB042F2C050C2F2004009900021E5
:101AA000C4F2D231016041600021C4F2962181600C
:101AB0000021C160016190ED001A90ED030AB6EEBD
:101AC000002A8DED062A01EE020AF0EE000ACDEDA5
:101AD000070A22F0A5F99DED062ADDED070A09980F
:101AE0008DED080A90ED011A90ED040A01EE020A4C
:101AF00022F096F9B0EE401A9DED080A30EE010A88
:101B000022F0E2FD099880ED050A90ED020A9FEDB2
:101B1000421A20EE011A9FED410A80EE010A9FED64
:101B2000401A20EE010A80ED060A0021C4F2F621D7
:101B3000C0F8681500F5AD6090ED000A9FED391A08
:101B4000B4EE410AF1EE10FA0FDDFFE742F2C050A9
:101B5000C2F2004000F5AD6090ED000A9FED321A30
:101B600030EE010A80ED000AFFE742F2C050C2F2F7
:101B70000040039040F20A51A0F86C1500F59C60FB
:101B80009FED2A0A8DED010ADFED290ACDED040A49
:101B900016F03AFD9DED010A0398DDED040A00F50B
:101BA0009E6016F031FD0398DDED040A00F5A46097
:101BB0009FED200A8DED020A16F026FD9DED020A2A
:101BC0000398DDED040A00F5A06016F01DFD0398F2
:101BD000DDED040A00F5A2609FED170A16F014FD72
:101BE00042F69840C2F20040059000F6DC000A215F
:101BF00001F002FF059800F5E960022101F0FCFE0A
:101C0000059800F55A60322101F0F6FE00F018F850
:101C100000F09EF80AB080BDDB0FC94000007042A2
:101C20003C3C7C410000B4430000B4C300002042AF
:101C300000000000CDCCCC3D9A99193E0000000078
:101C400080B582B042F2C050C2F20040009000F570
:101C5000A7609FED0F0ADFED0F0ACDED010AB1EE8F
:101C6000081AF1EE001AB2EE0E2A13F0F1FE0098F7
:101C7000DDED011A00F2B440B2EE042AB0EE610AC2
:101C8000F0EE610AB0EE611A13F0E2FE02B080BD20
:101C9000CDCC4C3E0000000081B046F2E020C2F204
:101CA0000040807A0146009101280CD0FFE700989F
:101CB000032810D1FFE742F2C051C2F200410120D7
:101CC00081F8840508E042F2C051C2F200410020D0
:101CD00081F88405FFE7FFE701B0704700000000CE
:101CE00083B002908DF807108DF806200298013815
:101CF00001460091072826D80099DFE801F0040C7E
:101D0000241C2424241442F2C051C2F20041FF20BA
:101D100081F8340518E042F2C051C2F200410120BE
:101D200081F8360510E042F2C051C2F200410120B4
:101D300081F8370508E042F2C051C2F20041FF20AD
:101D400081F8350500E0FFE703B0704700000000B0
:101D500080B586B041F6E143C0F600030F20009045
:101D6000002103910222049214F0E6FB00980399EB
:101D700041F6A163C0F600030322019214F0DCFBDC
:101D80000399049A41F61173C0F600034FF498606A
:101D900014F0D2FB0399049A42F23943C0F60003CF
:101DA0004FF4804014F0C8FB019A03994BF2695339
:101DB000C0F6010305931020029014F0BDFB0298B9
:101DC0000399049A059B14F0B7FB06B080BD000090
:101DD00082B042F2C050C2F2004090F88405014641
:101DE000019120B1FFE7019801283BD053E040F278
:101DF0006410C2F200400078C00790B3FFE742F2DF
:101E0000C050C2F2004090F874050146009120B124
:101E1000FFE70098012811D021E046F2E020C2F24D
:101E20000040407A022808D1FFE742F2C051C2F2D6
:101E30000041012081F87405FFE711E046F2E0203F
:101E4000C2F20040407A032808D1FFE742F2C051B5
:101E5000C2F20041002081F87405FFE700E0FFE7CF
:101E6000FFE719E04FF2E840C2F2014090F8350078
:101E700040B1FFE742F2C051C2F20041012081F8B7
:101E8000740507E042F2C051C2F20041002081F81F
:101E90007405FFE7FFE7FFE702B0704700000000AE
:101EA00083B002908DF807108DF806200298013853
:101EB00001460091072826D80099DFE801F0040CBC
:101EC000241C2424241442F2C051C2F200410020F8
:101ED00081F8340518E042F2C051C2F200410020FE
:101EE00081F8360510E042F2C051C2F200410020F4
:101EF00081F8370508E042F2C051C2F200410020EB
:101F000081F8350500E0FFE703B0704700000000EE
:101F100080B584B003908DF80B108DF80A2042F242
:101F2000C050C2F2004090F8740540B1FFE742F2A1
:101F3000C051C2F20041002081F8740541E00398CD
:101F40000190402804D0FFE70198802816D036E0A1
:101F500042F2C050C2F20040009000F5A76013F0BA
:101F600067FD0098012180F8741500F2544191ED4D
:101F7000000A00F5A46016F0DBFB21E042F2C0503D
:101F8000C2F2004000F5AB6090ED000AB5EE400AE9
:101F9000F1EE10FA0AD1FFE742F2C051C2F200415D
:101FA0000020C4F27010C1F8580507E042F2C05199
:101FB000C2F200410020C1F85805FFE700E0FFE74A
:101FC000FFE704B080BD000081B042F2C050C2F211
:101FD00000400021C4F2F621C0F8681500F5AD609C
:101FE00090ED000A9FED2D1AB4EE410AF1EE10FAC1
:101FF0000FDBFFE742F2C050C2F2004000F5AD60D7
:1020000090ED000A9FED261A30EE010A80ED000ADD
:10201000FFE742F2C050C2F2004000F5AD6090ED23
:10202000000AB5EE400AF1EE10FA0FDAFFE742F2CD
:10203000C050C2F2004000F5AD6090ED000A9FED87
:10204000171A30EE010A80ED000AFFE70120ADF813
:102050000200BDF80200012816D1FFE742F69840C1
:10206000C2F20040D0F8981342F2C050C2F20040D1
:1020700000F5A760816390ED0C1A90ED0E0A30EE2A
:10208000410A80ED0A0A07E042F2C051C2F2004163
:102090000020C1F86005FFE701B070470000B443BD
:1020A0000000B4C30000000080B59AB042F2C050F6
:1020B000C2F20040169000F5AC60139090ED000A5B
:1020C0009FED991A8DED141A20EE010A9FED971AD3
:1020D0008DED151A80EE010AB7EEC00A22F0D4F990
:1020E00013989DED142A9DED151AB7EEC00B8DEDDA
:1020F000190A90ED000A20EE020A80EE010AB7EEFE
:10210000C00A21F0ADFC1698B7EEC00B8DED180A91
:1021100090F884050146179198B3FFE717980128B6
:1021200040F0FF80FFE74FF27850C2F2014090ED9F
:10213000000A42F2C050C2F200400F9000F59C60CD
:10214000109016F0F5FA0F9800F5886112914FF291
:102150007C51C2F2014191ED000A00F59E601190A0
:1021600016F0E6FA00F0E8F8109816F045FA119823
:10217000129981ED000A16F03FFA129880ED010ADB
:10218000D0E000F0D9F842F2C050C2F2004090F81E
:102190007405012819D1FFE742F2C050C2F2004095
:1021A00000F5AF6191ED001A00F5886090ED030A2B
:1021B00020EE010A80ED030A91ED001A90ED040A69
:1021C00020EE010A80ED040AFFE740F26410C2F23B
:1021D00000400078C007B8B3FFE746F2E020C2F243
:1021E00000400B90B0F9040000EE100AB8EEC00AEF
:1021F00042F2C050C2F200400E9000F588610C918E
:1022000091ED031A20EE010A9FED491A8DED0D1A8A
:1022100080EE010A00F59C6016F08AFA0B9A0C9980
:102220009DED0D1A0E98B2F9062000EE102AB8EEB8
:10223000C00A91ED042A20EE020A80EE010A00F5A0
:102240009E6016F075FA2CE042F2C050C2F20040D7
:102250000A9000F58861099191ED040A90F934150E
:1022600090F93625114401EE101AB8EEC11A20EE8D
:10227000010A00F59E6016F05BFA09990A9891ED43
:10228000030A90F9371590F93525114401EE101A1B
:10229000B8EEC11A20EE010A00F59C6016F048FA6B
:1022A000FFE742F2C050C2F20040019000F58861A1
:1022B000089100F59C60049016F09EF901988DED50
:1022C000030A9DED180A8DED020A00F59E60059047
:1022D00016F092F99DED022A9DED031A04980899D3
:1022E0009DED193A20EE030A91EE420A81ED000AB3
:1022F00016F082F905988DED070A9DED190A8DED0E
:10230000060A16F079F99DED062A9DED071A089840
:102310009DED183A20EE030AA1EE420A80ED010A73
:1023200000E0FFE71AB080BDDB0F494000003443F6
:10233000000025440000000080B584B042F2C05087
:10234000C2F20040019000F59C6016F071F901980E
:1023500000F58861029100F59E6016F069F9019818
:1023600000F5A46016F064F90199029891ED000A55
:1023700091ED011A30EE010AB5EE001A20EE010AC5
:102380008DED030A40F26612C2F20042138800EE9D
:10239000103AB8EEC00A9FED263A80EE030AB7EE77
:1023A000C00A9FED1D2B80EE020B30EE000B9FED5F
:1023B0001C1B20EE010B91ED024AB7EEC44A20EE41
:1023C000040BB7EEC00B80ED030AC368C1F85034AC
:1023D000128800EE102AB8EEC00A9DED034A80EE86
:1023E000040A80EE030AB7EEC00A80EE020B30EE5C
:1023F000000B20EE010B91ED021AB7EEC11A20EE90
:10240000010B9FED091B80EE010BB7EEC00B80EDB9
:10241000050A04B080BD00BFC3F5285C8FC22D4003
:1024200000000060FB21094000000080BE9FF63FD5
:10243000000070420000000082B001908DF803108F
:102440008DF8022042F2C050C2F2004090F83005F0
:1024500040B9FFE742F2C051C2F20041012081F8C9
:10246000300510E042F2C050C2F2004090F8300552
:10247000012808D1FFE742F2C051C2F2004100201A
:1024800081F83005FFE702B070470000000000004F
:1024900080B584B003908DED020ACDED010A8DED7B
:1024A000001A039850309DED020ADDED010A9DED02
:1024B000001AB1EE411A13F0DBF9039890ED190AF6
:1024C000DDED000A13F0E4FA0399C869C1F8800051
:1024D00004B080BD0000000087B006908DED050AB5
:1024E000CDED040A8DED031ACDED021A8DED012A12
:1024F000CDED002A05980699086004980699486071
:1025000003980699886002980699C862019806990E
:10251000886200980699486207B070470000000082
:1025200080B583B084460598CDF808C0ADF8061094
:10253000ADF80420ADF802308DF80100BDF80600BA
:1025400002990880BDF8040002994880BDF8020095
:10255000029988809DF801000299887103B080BDBE
:1025600080B543F6B860C2F2004003F091FD80BD33
:1025700080B543F63070C2F2004003F089FD80BDA3
:1025800080B544F22000C2F2004003F081FD80BD1E
:1025900080B544F29800C2F2004003F079FD80BD9E
:1025A00080B543F6A870C2F2004003F071FD80BD13
:1025B00080B544F27820C2F2004003F069FD80BD8E
:1025C00080B544F20020C2F2004003F061FD80BDFE
:1025D00080B544F21010C2F2004003F059FD80BDF6
:1025E00080B544F28810C2F2004003F051FD80BD76
:1025F00083B002900298016801201022C4F2020206
:102600009142009000F0A380FFE70298016801204A
:102610002822C4F202029142009000F09880FFE765
:102620000298016801204022C4F202029142009007
:1026300000F08D80FFE70298016801205822C4F263
:1026400002029142009000F08280FFE70298016848
:1026500001207022C4F202029142009077D0FFE77D
:102660000298016801208822C4F20202914200907F
:102670006DD0FFE7029801680120A022C4F2020297
:102680009142009063D0FFE7029801680120B822D0
:10269000C4F202029142009059D0FFE7029801680B
:1026A000012040F21042C4F20202914200904ED04A
:1026B000FFE702980168012040F22842C4F20202BA
:1026C0009142009043D0FFE702980168012040F258
:1026D0004042C4F202029142009038D0FFE70298D3
:1026E0000168012040F25842C4F202029142009077
:1026F0002DD0FFE702980168012040F27042C4F239
:1027000002029142009022D0FFE702980168012066
:1027100040F28842C4F202029142009017D0FFE7D3
:1027200002980168012040F2A042C4F202029142E4
:1027300000900CD0FFE7029800684FF64831CBF6C6
:10274000FD710844B0FA80F040090090FFE700985E
:10275000C00740B3FFE70298007810384AF6AB2173
:10276000CAF6AA21A0FB011000090190019800F00F
:10277000070145F2A860C0F60200405C0299C865F6
:102780000198042807D3FFE702990868042262F33E
:102790000900886506E00299086840F2FF3290431C
:1027A0008865FFE705E00299086820F0FF0088656A
:1027B000FFE70298806D03B0704700000000000042
:1027C00084B0039003980068019003980168012089
:1027D00045F20842C5F60202914200904ED0FFE752
:1027E00003980168012045F21C42C5F6020291429D
:1027F000009043D0FFE703980168012045F2304282
:10280000C5F602029142009038D0FFE703980168B4
:10281000012045F24442C5F60202914200902DD0BB
:10282000FFE703980168012045F25842C5F602020D
:102830009142009022D0FFE703980168012045F201
:102840006C42C5F602029142009017D0FFE7039850
:102850000168012045F28042C5F6020291420090D3
:102860000CD0FFE7039800684AF66C31CAF2FD719C
:102870000844B0FA80F040090090FFE70098C007D4
:1028800010B3FFE70398007808384CF6CD41CCF63A
:10289000CC41A0FB011000090290029945F600000E
:1028A000C5F6020000EB810003990866039945F61E
:1028B0008000C5F602004866029800F01F01012062
:1028C00088400399886635E00398007810384AF606
:1028D000AB21CAF6AA21A0FB0110000902900198C1
:1028E00040F2B841C4F2020188420CD8FFE70198D7
:1028F00040F21041C4F20201884204D3FFE702987B
:1029000008300290FFE7029940F60000C4F202008E
:1029100000EB810003990866039940F68000C4F239
:1029200002004866029800F01F01012088400399C8
:102930008866FFE704B0704783B002900298007980
:1029400001900198002800F08A80FFE7019808288C
:1029500000F28580FFE702980168012045F20842F5
:10296000C5F60202914200904ED0FFE7029801683E
:10297000012045F21C42C5F602029142009043D06C
:10298000FFE702980168012045F23042C5F60202D5
:102990009142009038D0FFE702980168012045F28B
:1029A0004442C5F60202914200902DD0FFE7029802
:1029B0000168012045F25842C5F60202914200909A
:1029C00022D0FFE702980168012045F26C42C5F66B
:1029D00002029142009017D0FFE70298016801209F
:1029E00045F28042C5F60202914200900CD0FFE70A
:1029F000029800684AF66C31CAF2FD710844B0FAD8
:102A000080F040090090FFE70098C00780B1FFE721
:102A1000019945F6FC00C5F6020000EB8100029921
:102A2000C866029945F64010C5F6020008670FE037
:102A3000019940F6FC00C4F2020000EB810002990B
:102A4000C866029940F64010C4F202000867FFE72A
:102A50000198411E0120884002994867FFE703B0B2
:102A6000704700000000000085B0049000208DF841
:102A70000F000498806918BBFFE70498806A0290F1
:102A800003281BD80299DFE801F0020D0218049810
:102A900090F82F00C00720B1FFE701208DF80F004C
:102AA000FFE70CE00498C06AB0F1C07F04D1FFE7F3
:102AB00001208DF80F00FFE701E000E0FFE747E0AD
:102AC00004988069B0F5005F26D1FFE70498806A1A
:102AD000019003281ED80199DFE801F002060211D7
:102AE00001208DF80F0016E0049890F82F00C00721
:102AF00020B1FFE701208DF80F00FFE70BE00498FD
:102B0000C06AB0F1C07F04D1FFE701208DF80F004B
:102B1000FFE700E0FFE71AE00498806A00900328CE
:102B200004D3FFE70098032804D00EE001208DF8BD
:102B30000F000BE0049890F82F00C00720B1FFE7CA
:102B400001208DF80F00FFE700E0FFE7FFE7FFE758
:102B50009DF80F0005B0704789B008900791069264
:102B600005930898806D04900898806D03900898EC
:102B7000016801201022C4F202029142029000F08A
:102B80000381FFE70898016801202822C4F20202AD
:102B90009142029000F0F880FFE708980168012058
:102BA0004022C4F202029142029000F0ED80FFE761
:102BB0000898016801205822C4F202029142029052
:102BC00000F0E280FFE70898016801207022C4F25B
:102BD00002029142029000F0D780FFE70898016856
:102BE00001208822C4F202029142029000F0CC80BF
:102BF000FFE7089801680120A022C4F20202914276
:102C0000029000F0C180FFE7089801680120B82217
:102C1000C4F202029142029000F0B680FFE70898E9
:102C20000168012040F21042C4F202029142029077
:102C300000F0AA80FFE708980168012040F22842CE
:102C4000C4F202029142029000F09E80FFE70898D1
:102C50000168012040F24042C4F202029142029017
:102C600000F09280FFE708980168012040F2584286
:102C7000C4F202029142029000F08680FFE70898B9
:102C80000168012040F27042C4F2020291420290B7
:102C90007AD0FFE708980168012040F28842C4F228
:102CA0000202914202906FD0FFE70898016801206C
:102CB00040F2A042C4F202029142029064D0FFE7C7
:102CC00008980168012040F2B842C4F20202914221
:102CD000029059D0FFE708980168012045F20842A8
:102CE000C5F60202914202904ED0FFE708980168B3
:102CF000012045F21C42C5F602029142029043D0E7
:102D0000FFE708980168012045F23042C5F602024B
:102D10009142029038D0FFE708980168012045F2FF
:102D20004442C5F60202914202902DD0FFE7089876
:102D30000168012045F25842C5F602029142029014
:102D400022D0FFE708980168012045F26C42C5F6E1
:102D500002029142029017D0FFE708980168012013
:102D600045F28042C5F60202914202900CD0FFE784
:102D7000089800684AF66C31CAF2FD710844B0FA4E
:102D800080F040090290FFE70298C00770B1FFE7AA
:102D90000898416E806E48600898C06E28B1FFE7C1
:102DA0000898016F406F4860FFE7FFE708980168E7
:102DB00001201022C4F202029142019000F0A3808F
:102DC000FFE70898016801202822C4F2020291421C
:102DD000019000F09880FFE70898016801204022E8
:102DE000C4F202029142019000F08D80FFE7089842
:102DF000016801205822C4F202029142019000F0C1
:102E00008280FFE70898016801207022C4F2020264
:102E10009142019077D0FFE708980168012088224D
:102E2000C4F20202914201906DD0FFE70898016858
:102E30000120A022C4F202029142019063D0FFE778
:102E4000089801680120B822C4F202029142019060
:102E500059D0FFE708980168012040F21042C4F2FF
:102E60000202914201904ED0FFE7089801680120CC
:102E700040F22842C4F202029142019043D0FFE79F
:102E800008980168012040F24042C4F202029142D7
:102E9000019038D0FFE708980168012040F25842BD
:102EA000C4F20202914201902DD0FFE70898016818
:102EB000012040F27042C4F202029142019022D0FD
:102EC000FFE708980168012040F28842C4F202023C
:102ED0009142019017D0FFE708980168012040F265
:102EE000A042C4F20202914201900CD0FFE7089880
:102EF00000684FF64831CBF6FD710844B0FA80F017
:102F000040090190FFE70198C00750B3FFE7089818
:102F1000C06D00F01F013F20884004998860089828
:102F20000168086820F480200860059808990968FD
:102F3000486008988068402809D1FFE706980899FA
:102F400009688860079808990968C86008E00798C8
:102F5000089909688860069808990968C860FFE7B9
:102F600082E008980168012045F20842C5F6020295
:102F7000914200904ED0FFE708980168012045F289
:102F80001C42C5F602029142009043D0FFE7089828
:102F90000168012045F23042C5F6020291420090DC
:102FA00038D0FFE708980168012045F24442C5F691
:102FB0000202914200902DD0FFE70898016801209D
:102FC00045F25842C5F602029142009022D0FFE736
:102FD00008980168012045F26C42C5F60202914250
:102FE000009017D0FFE708980168012045F2804261
:102FF000C5F60202914200900CD0FFE708980068E5
:103000004AF66C31CAF2FD710844B0FA80F040090A
:103010000090FFE70098C00720B3FFE70898C06D55
:1030200000F01F0101208840039948600598089925
:103030000968486008988068402809D1FFE7069829
:10304000089909688860079808990968C86008E0C5
:103050000798089909688860069808990968C860FF
:10306000FFE700E0FFE7FFE709B07047000000005E
:1030700080B584B00390029103990878497840EABA
:1030800001206FF3DF200299088002990888A0F5DB
:1030900080600880039948788978C00840EA411028
:1030A0006FF3DF200299488002994888A0F580607C
:1030B000488003998878CA780979800940EA8200B3
:1030C00040EA81206FF3DF20029988800299888886
:1030D000A0F580608880039908794979400840EA22
:1030E000C1106FF3DF200299C8800299C888A0F54B
:1030F0008060C8800298B0F9000000EE100AB8EEB7
:10310000C00ADFED3F0ACDED010A00F005F9DDED63
:10311000010ABDEEC00A10EE100A0299088002985A
:10312000B0F9020000EE100AB8EEC00A00F0F4F8A0
:10313000DDED010ABDEEC00A10EE100A02994880CA
:103140000298B0F9040000EE100AB8EEC00A00F0D0
:10315000E3F8DDED010ABDEEC00A10EE100A029997
:1031600088800298B0F9060000EE100AB8EEC00A96
:1031700000F0D2F8BDEEC00A10EE100A0299C88025
:103180000299087A88720299487AC872039840793D
:1031900080090299087203984079C0F301100299DE
:1031A000487203998879C97940EA01200299888197
:1031B0000399087A497A40EA01200299C881039963
:1031C000887AC97A40EA0120029908820398007B34
:1031D000029988740398407B0299C8740399887B8C
:1031E000C97B40EA0120029988820399087C497CC6
:1031F00040EA0120A0F580600299C88204B080BD39
:10320000000020420000000082B00190009101986F
:1032100000880099088001984088009948800198AA
:103220008088009988800198C08840420099C880B1
:103230000198007A009948720198407A0099887242
:103240000198807A009948730198C07A0099887330
:1032500001988089009908820198C0890099488264
:103260000198008A009988820198807C009988756D
:103270000198C07C0099C8750198808A00990883DC
:103280000198C08A0099488302B07047000000008E
:1032900081B000904EF6FC51CEF20001086840F07B
:1032A0008070086041F20401CEF200010020086045
:1032B00041F20002CEF20002116841F001011160FA
:1032C000009944F24022C0F20F024A4340F2EC213E
:1032D000C2F200410A600A6844F6D353C1F26203A5
:1032E000A2FB0332920940F2F023C2F200431A60BB
:1032F00009684DF68362C4F21B32A1FB0221890CDE
:1033000040F2F422C2F20042116040F2F821C2F20F
:103310000041086001B0704783B08DED010ACDED2A
:10332000000A9DED010A9DED001AB1EE411AB4EEBE
:10333000410AF1EE10FA0DDDFFE79DED010A9DED6A
:10334000001AB4EE410AF1EE10FA03DAFFE70020AA
:10335000029002E001980290FFE79DED020A03B09F
:1033600070470000000000007047000000000000EF
:1033700080B582B08DF807009DF807000C2818D1A1
:10338000FFE746F23C30C2F20040016801310160C3
:103390000068022801D8FFE70BE046F23C30C2F299
:1033A000004000680B2801D3FFE7FFE7FDF73CFA78
:1033B000FFE702B080BD000081B08DF8030001B0CE
:1033C000704700000000000080B584B064210191C6
:1033D0000023039318461A4600F06EF80199039BE8
:1033E000012000901A4600F067F80199039B022023
:1033F0001A4600F061F80199039B03201A4600F079
:103400005BF80199039B04201A4600F055F80199D6
:10341000039B05201A4600F04FF80199039B0620F4
:103420001A4600F049F80199039B07201A4600F05C
:1034300043F800980199039B42F65432C2F20042CD
:1034400082F8580082F86C0008201A4600F034F820
:103450000199039B09201A4600F02EF80199039B5D
:103460000A201A4600F028F8039B0B204FF4FA714B
:1034700002911A4600F020F80199039B0C201A468D
:1034800000F01AF80299039B42F69952C0F6010225
:103490000D2000F011F80199039B0E201A4600F050
:1034A0000BF80299039B0F201A4600F005F804B0B0
:1034B00080BD00000000000084B08DF80F00029174
:1034C0000192009302989DF80F1001EB810242F6E1
:1034D0005431C2F2004141F822009DF80F0000EB88
:1034E000800001EB80020020107201989DF80F20EF
:1034F00002EB820201EB8202D06000989DF80F205F
:1035000002EB820201EB8201086104B07047000007
:1035100080B582B08DF8070006F016FC9DF8071004
:1035200001EB810242F65431C2F2004101EB82010B
:10353000486002B080BD000081B0EFF3108072B629
:103540000090FFE7FEE7000044F60C01C5F602011B
:10355000086840F002000860FFE744F60400C5F682
:10356000020000688004002801D4FFE7F5E77047F7
:1035700080B544F2F020C2F2004005F0C9FA80BDE7
:1035800080B544F2F020C2F2004005F0C1FA80BDDF
:1035900080B544F29030C2F2004005F0B9FA80BD27
:1035A00080B544F29030C2F2004005F0B1FA80BD1F
:1035B00080B544F23040C2F2004005F0A9FA80BD67
:1035C00080B544F23040C2F2004005F0A1FA80BD5F
:1035D00084B002900298406B009002980068D0F886
:1035E00084004FF6FC718843009940EA81000299FB
:1035F0000968C1F8840002980068D0F8840020F4BB
:103600007F00029A1168926B40EA0240C1F8840080
:103610000298816B00980844009002980068D0F8E6
:1036200088006FF38F00009940EA810002990968D1
:10363000C1F8880002980068D0F8880020F4FE00E5
:10364000029A1168D26B40EA0240C1F888000298E1
:10365000C16B009800EB4100009002980068D0F820
:10366000A0006FF38F00009940EA81000299096879
:10367000C1F8A00002980068D0F8A00020F4FE0075
:10368000029A1168126C40EA0240C1F8A000029947
:10369000086C496C009A00FB0120009002980068B9
:1036A000D0F8B0006FF38F00009940EA81000299D2
:1036B0000968C1F8B00002980068D0F8B00020F4A2
:1036C000FE00029A1168926C40EA0240C1F8B00014
:1036D0000299886CC96C009A00FB01200090029846
:1036E0000068D0F8AC006FF38F00009940EA8100C9
:1036F00002990968C1F8AC000299086D496D009AF9
:1037000000FB0120009002980068D0F8F0006FF3F1
:103710008F00009940EA810002990968C1F8F00021
:1037200002980068D0F8F00020F47C10029A11682A
:10373000926D40EA0240C1F8F0000298816D009855
:1037400000EB4100009002980068D0F8C0006FF3D1
:103750008F00009940EA810002990968C1F8C00011
:1037600002980068D0F8C00020F47C10029A11681A
:10377000D26D40EA0240C1F8C00002980068D0F85B
:10378000C00020F07C50029A1168126E40EA02607C
:10379000C1F8C00002994A6B4AF60040C4F200002A
:1037A00000EB8200C86602998A6BC86E00EB82004B
:1037B00008670299CA6B086F00EBC200486702995C
:1037C0000A6C4B6C486F5A4300EB82008867029981
:1037D0008A6CCB6C886F5A4300EB8200C8670299F1
:1037E0000A6D4B6DC86F5A4300EB8200C1F8800030
:1037F00002998A6DD1F8800000EBC200C1F8840004
:103800000299CA6D8B6ED1F884005A4300EB820096
:10381000C1F8880002990A6E8B6ED1F888005A436D
:1038200000EB8200C1F890000298D0F890004DF2B1
:10383000FD31C4F2000188420FD3FFE70299D1F8AD
:103840009C0040F02000C1F89C000299032081F800
:10385000980001208DF80F0017E00298C06E0190CB
:10386000FFE701980299D1F89010884208D2FFE74B
:10387000019900200860FFE7019804300190F0E70B
:10388000FFE700208DF80F00FFE79DF80F0004B060
:10389000704700000000000088B007900691059274
:1038A00004930698406848B9FFE706980168826863
:1038B0000069104340EA8140039009E006980168DE
:1038C000826800691043084340F080400390FFE79E
:1038D0000698D0F820C0C16842698369C06940EA8F
:1038E0000C601843104340EA014002900798826E32
:1038F000D0F884000499514300EB810001900398B3
:1039000001990860019804300190029801990860BB
:1039100001980430019000200090FFE7009806997C
:10392000CA6845F29861C0F60201895C88420DD2EE
:10393000FFE7059800994058019908600198043004
:103940000190FFE7009804300090E7E708B0704767
:1039500085B002A9009101460098049180ED010A0A
:1039600000200290ADF80600FFE7BDF806000499BC
:10397000B1F89011013988421DDAFFE70098049AE6
:10398000BDF8063002EB8301496842F82310049920
:10399000BDF8062001EB820191ED001A90ED000ABE
:1039A00030EE010A80ED000AFFE7BDF806000130A5
:1039B000ADF80600D9E700980399049AB2F890315F
:1039C00002EB830242F8041C90ED011A90ED000A0C
:1039D00030EE010A80ED000A90ED000A0498B0F87C
:1039E000900101EE100AB8EEC11A80EE010A05B08E
:1039F000704700000000000082B00190ADF8021096
:103A0000BDF802000199A1F890010020ADF8000076
:103A1000FFE7BDF80000BDF8021088420DDAFFE7AD
:103A20000199BDF80020002041F82200FFE7BDF811
:103A300000000130ADF80000EBE702B07047000075
:103A400084B002900191ADF80220029828B9FFE7F6
:103A50004FF6FF70ADF80E0021E0FFE70198411E20
:103A60000191B8B1FFE70298411C029100788DF8EE
:103A70000100BDF802109DF801004840C2B246F2B4
:103A80003A10C0F6020030F8120080EA1120ADF8BA
:103A90000200E3E7BDF80200ADF80E00FFE7BDF855
:103AA0000E0004B07047000082B00190ADF8021023
:103AB0008DF80120FFE7BDF80200411EADF80210AD
:103AC00098B1FFE79DF8010001994A1C019209781D
:103AD00048408DF800009DF8001045F28850C0F66F
:103AE0000200405C8DF80100E5E79DF8010002B09E
:103AF000704700000000000040F20040C2F20040A9
:103B000090ED690A7047000040F20040C2F20040A8
:103B100090ED680A7047000080B584B04EF6000052
:103B2000C1F6F170006803904EF60400C1F6F17022
:103B3000006802904EF60800C1F6F170006801902E
:103B40000199039808440390039888B1FFE703980C
:103B500040F22421C2F200410091023108220FF00C
:103B6000BFF800990298123104220FF0B9F8FFE76C
:103B700004B080BD0000000040F20040C2F20040EE
:103B800090ED6A0A7047000082B001908DF8031032
:103B90008DF8022042F69840C2F2004090EDA80A4B
:103BA0009FED1A1AB4EE410AF1EE10FA10DDFFE7AC
:103BB00042F69841C2F200410020C4F2A000C1F8D0
:103BC000A0020020C1F8F001012081F8360F1BE0AF
:103BD00042F69840C2F2004090EDA80AB2EE0E1AEA
:103BE000B4EE410AF1EE10FA0DDAFFE742F6984121
:103BF000C2F200410020C4F2C820C1F8A002002097
:103C000081F8360FFFE7FFE702B0704700009642E9
:103C100080B540F26410C2F200400078C00718B1CD
:103C2000FFE700F0F5FA02E000F0FAF9FFE780BDE7
:103C300080B542F69841C2F20041012081F8340F6C
:103C40004FF2B840C2F20140407B80B1FFE746F23C
:103C50004030C2F20040012180F8201390F8200388
:103C600000F0010014F068FC01F07AF819E046F267
:103C70004030C2F20040002180F8201390F8200369
:103C800000F0010014F058FC42F69840C2F20040E7
:103C900090F8360FC00718B9FFE700F0D1FBFFE737
:103CA000FFE780BD0000000080B542F69841C2F2F7
:103CB0000041012081F8340F4FF2B840C2F20140B8
:103CC000407B18B1FFE701F04BF80EE040F26410C2
:103CD000C2F200400078C00718B1FFE700F098FA80
:103CE00002E000F09DF9FFE7FFE780BD0000000063
:103CF00080B584B042F69840C2F2004003900021A3
:103D0000C4F270210191C0F8F8110021CCF25011D9
:103D1000C0F8FC1100210291C0F8E011D0F8E021B8
:103D2000C0F8F0210022C4F2BE22C0F8A82200236D
:103D3000C4F2A003C0F8AC32C0F88C22D0F88C22B8
:103D4000C0F8A02241604268C261C0F8A810D0F853
:103D5000A820C0F8C0204FF67C02C2F201421180B8
:103D600000F55A603221FFF747FE039800F6DC00A9
:103D70000A21FFF741FE039800F5E9600221FFF7F1
:103D80003BFE019A0298039981F8340F4870C1F8FC
:103D90003823C1F83C034FF07E52C1F84023002283
:103DA000C4F22012C1F844230022CCF2A002C1F8D0
:103DB0004823C1F84C03012081F8500300F004F8B7
:103DC00000F01AFA04B080BD80B58CB042F698407D
:103DD000C2F20040089000F50270B1EE080ADFED73
:103DE0005F0ACDED0B0A9FED5E1ADFED5E1A9FEDC7
:103DF0005E2A8DED072A11F02BFE9DED072A08980B
:103E000000F516709FED590ADFED590ACDED040A51
:103E10009FED581ADFED581ADFED582AFEF75CFBCC
:103E2000089800F50C70BFEE000ADFED550ABAEEF7
:103E3000001AF7EE001ACDED011AB2EE042A8DED4C
:103E4000062A11F005FEDDED011A9DED061A08980F
:103E500000F536709FED4B0ADFED4B0AB2EE0E2AED
:103E600011F0F6FD9DED072A089824309FED470AD2
:103E7000DFED470AB0EE0C1ADFED461ACDED021A5F
:103E800011F0E6FD089874309FED430ADFED430A18
:103E90009FED431ADFED431A9FED432ADFED432ADE
:103EA000FEF71AFBDDED021A08984C309FED400A30
:103EB0008DED030ADFED3F0ACDED050A9FED3E1AB9
:103EC0009FED3E2A8DED0A2A11F0C2FDDDED050AB7
:103ED0009DED061ADDED071A08989DED0A2AC830F7
:103EE0009FED370A11F0B4FD9DED031ADDED042AB4
:103EF00008989DED0A2A00F58C709FED320ADFEDDF
:103F0000320ADFED321ACDED091AFEF7E5FADDEDE2
:103F1000050A9DED061ADDED071A08989DED0A2A9F
:103F2000DDED0B2A00F5A6709FED290A0FF024FEA7
:103F30000898DDED091A9DED0A2A9DED0B3A00F572
:103F4000D2709FED240AF6EE000A9FED231ADFEDF2
:103F5000232A0FF0E9FD0CB080BD00BF0000000077
:103F6000CDCCCC3E0000FA4300C0DA4500009642BA
:103F70003333333F0000F042000048439A99193F21
:103F80006F1283BA6666E63F6F12833A9A99B94018
:103F90000AD7A33C00007A44000014428FC2F53CCB
:103FA00000002D4300002F440000FA446666E63E00
:103FB00000009643CDCCCC3D00E02B460060EA46A5
:103FC00000002042000087439A99993E0000C842B1
:103FD0000000484200008C430000F043CDCC4C3F31
:103FE00046F2E020C2F20040807A032807D1FFE7C2
:103FF00042F69841C2F20041012008700FE046F2FB
:10400000E020C2F20040807A012807D1FFE742F6A3
:104010009841C2F2004100200870FFE7FFE77047B7
:1040200080B588B042F69840C2F2004090F8340F54
:10403000C00768B1FFE742F69841C2F200414DF275
:104040000A70C3F6A330C1F8740AC1F8700A10E010
:1040500042F69841C2F200414DF20A70C3F6233095
:10406000C1F8740A44F2D040C3F65830C1F8700A5F
:10407000FFE746F2E020C2F200400590B0F91000E0
:1040800000EE100AB8EEC00A42F69840C2F20040B4
:10409000079000F5E961069191EDCB1A20EE010A37
:1040A00000F6DC00FFF754FC05990698079BB0EE7C
:1040B000401A93ED300A30EE410A83ED300AD3F80E
:1040C000C020DA61B1F9121000EE101AB8EEC00A81
:1040D00090EDCA1A20EE010AFFF73AFC0798B0EEFD
:1040E000401A90ED7C0A30EE010A80ED7C0A90EDDA
:1040F000A80A90EDAB1AB4EE410AF1EE10FA09DC11
:10410000FFE742F69840C2F2004090EDAB0A8DED19
:10411000040A24E042F69840C2F2004090EDA80A5A
:1041200090EDAA1AB4EE410AF1EE10FA09DBFFE7AE
:1041300042F69840C2F2004090EDAA0A8DED030AC3
:1041400008E042F69840C2F2004090EDA80A8DEDDA
:10415000030AFFE79DED030A8DED040AFFE79DEDDD
:10416000040A42F69840C2F2004080EDA80A90EDA1
:104170007C0A90ED7F1AB4EE410AF1EE10FA09DCE8
:10418000FFE742F69840C2F2004090ED7F0A8DEDC5
:10419000020A24E042F69840C2F2004090ED7C0A08
:1041A00090ED7E1AB4EE410AF1EE10FA09DBFFE75A
:1041B00042F69840C2F2004090ED7E0A8DED010A71
:1041C00008E042F69840C2F2004090ED7C0A8DED86
:1041D000010AFFE79DED010A8DED020AFFE79DED63
:1041E000020A42F69840C2F2004080ED7C0A08B014
:1041F00080BD00000000000080B543F68933C0F6A2
:1042000000034FF400500021022212F095F980BD06
:1042100085B046F2E021C2F20041B1F9000000EEA3
:10422000100AB8EEC00A9FED821A20EE010A9FED37
:10423000811A80EE011A42F69840C2F200400490C2
:1042400090ED300A30EE010A80ED300AD0F8C0203F
:10425000C261B1F9021000EE101AB8EEC00B9FED6A
:10426000701B20EE010B9FED701B80EE011B90ED8B
:104270007C0AB7EEC00A30EE010BB7EEC00B80ED42
:104280007C0A90ED7C0A90ED7F1AB4EE410AF1EEC3
:1042900010FA09DCFFE742F69840C2F2004090EDC8
:1042A0007F0A8DED030A24E042F69840C2F20040F6
:1042B00090ED7C0A90ED7E1AB4EE410AF1EE10FA10
:1042C00009DBFFE742F69840C2F2004090ED7E0A1B
:1042D0008DED020A08E042F69840C2F2004090EDEF
:1042E0007C0A8DED020AFFE79DED020A8DED030ABF
:1042F000FFE79DED030A42F69840C2F2004080EDD0
:104300007C0A46F2E020C2F20040407A012838D10F
:10431000FFE746F2E020C2F20040407B032830D1A4
:10432000FFE746F24030C2F2004090F82003C00799
:1043300038BBFFE742F69840C2F2004090EDA80A71
:104340009FED3D1AB4EE410AF1EE10FA0DDAFFE7E7
:1043500042F69841C2F200410020C4F2C820C1F8E0
:10436000A002002081F8360F0AE042F69841C2F21E
:1043700000410020C1F8A002012081F8360FFFE7BC
:10438000FFE746F2E021C2F20041487A487342F664
:104390009840C2F2004090EDA80A90EDAB1AB4EE3E
:1043A000410AF1EE10FA09DCFFE742F69840C2F24A
:1043B000004090EDAB0A8DED010A24E042F69840F2
:1043C000C2F2004090EDA80A90EDAA1AB4EE410A9C
:1043D000F1EE10FA09DBFFE742F69840C2F2004026
:1043E00090EDAA0A8DED000A08E042F69840C2F26C
:1043F000004090EDA80A8DED000AFFE79DED000A50
:104400008DED010AFFE79DED010A42F69840C2F2E8
:10441000004080EDA80A05B0704700BF00BF00BF94
:10442000666666666666D63F0000000000A08440AF
:104430009A9999BE000025440000484200000000FF
:1044400080B588B042F69840C2F20040029090EDEC
:10445000CE0A9FED433A20EE030A8DED070A9DED4B
:10446000071A90ED300A30EE010A80ED300AD0F8DC
:10447000C010C16190EDCF0A90EDD02A9FED391A9E
:1044800022EE012AA2EE030A80EDCF0A90EDCF0AB8
:10449000B4EE410AF1EE10FA0DDDFFE742F6984066
:1044A000C2F2004090EDCF0A9FED2F1A30EE010AC4
:1044B00080EDCF0AFFE742F69840C2F2004001903B
:1044C00090EDCF0A90EDD11A8DED001A1CF04CFD45
:1044D0009DED001A0198B0EE402A90EDD20AA1EEAF
:1044E000020A8DED060A90F8500358B1FFE70698CE
:1044F00042F69841C2F20041C1F84C03002081F815
:104500005003FFE79DED060A42F69841C2F20041D2
:1045100091EDD31A30EE410A8DED050A9DED060AA4
:1045200091ED7C1A30EE410A8DED040A9DED040AEE
:104530009FED0E1A20EE010A8DED030A9DED050A8E
:104540009DED031A30EE011A91ED7C0A30EE010A5E
:1045500081ED7C0A0698C1F84C0308B080BD00BF0D
:104560006F12833ADB0FC940DB0FC9C00AD7A33CE7
:1045700081B042F69840C2F20040007801460091B6
:1045800020B1FFE70098012825D082E046F2E02024
:10459000C2F20040B0F91A00B0F5C87F08DCFFE7AE
:1045A00046F2E020C2F20040C07D012809D1FFE7B9
:1045B00042F69841C2F200410120487081F8340F60
:1045C00008E042F69841C2F200410020487081F8AC
:1045D000340FFFE75EE042F69841C2F2004101204D
:1045E00081F8340F46F2E020C2F20040407A0228FF
:1045F00008D1FFE742F69841C2F20041012081F85C
:10460000350F07E042F69841C2F20041002081F8E0
:10461000350FFFE74FF2B840C2F2014090ED0A0AB1
:10462000B7EE001AB4EE410AF1EE10FA08D1FFE736
:1046300042F69841C2F20041012081F8360F07E0AE
:1046400042F69841C2F20041002081F8360FFFE7A0
:1046500042F69840C2F2004090F8350FC00780B192
:10466000FFE742F69840C2F2004090F8360FC007CC
:1046700038B9FFE742F69841C2F200410220487083
:1046800006E042F69841C2F2004100204870FFE780
:1046900000E0FFE701B0704780B586B040F2A83176
:1046A000C2F2004191ED050AB1EE400A42F698408F
:1046B000C2F2004080ED2F0A496BC0F8AC10B0F890
:1046C000500441F6AE61411A4FF67C00C2F201403F
:1046D0000180B0F90000B0F5805F09DDFFE74FF61B
:1046E0007C01C2F201410888A0F50050088013E067
:1046F0004FF67C00C2F20140B0F9000010F5805F77
:1047000009DAFFE74FF67C01C2F20141088800F5A3
:1047100000500880FFE7FFE742F69840C2F20040F1
:1047200090ED2B0A4FF67C01C2F20141B1F9001065
:1047300001EE101AB8EEC11A9FEDE42A21EE021A1A
:104740009FEDE32AA1EE020A80ED020AD0F8781369
:10475000816140F2A831C2F2004191ED040AB1EE4C
:10476000400A80ED7B0A096BC0F8E41100F2946006
:1047700090ED000A9FEDD71A30EE010A8DED050A83
:104780009DED050A9FEDD41AB4EE410AF1EE10FA40
:1047900009DDFFE79DED050A9FEDCD1A30EE010A18
:1047A0008DED050A13E09DED050A9FEDCC1AB4EEE0
:1047B000410AF1EE10FA09DAFFE79DED050A9FEDD7
:1047C000C81A30EE010A8DED050AFFE7FFE70599EB
:1047D00042F69840C2F20040C0F8941200F5AF6073
:1047E00090ED000AB8EE081A30EE010A8DED040AC9
:1047F0009DED040A9FEDBB1AB4EE410AF1EE10FAEA
:1048000009DDFFE79DED040A9FEDB71A30EE010ABE
:104810008DED040A13E09DED040A9FEDB41AB4EE89
:10482000410AF1EE10FA09DAFFE79DED040A9FED67
:10483000B01A30EE010A8DED040AFFE7FFE742F6F9
:104840009840C2F2004090ED791A9DED040A9FED68
:10485000A92AA0EE021A9FEDA80A31EE001A80EDF7
:10486000A41AD0F87416C0F89C129DED041AA1EE9B
:10487000420A9FED991A31EE403A90ED790A90ED97
:10488000A52A30EE030A30EE420A42F2C051C2F2CB
:10489000004101F27C5181ED000A90EDA50AB4EED1
:1048A000410AF1EE10FA0DDDFFE742F69840C2F240
:1048B000004090EDA50A9FED861A30EE010A80EDCA
:1048C000A50A1BE042F69840C2F2004090EDA50A0E
:1048D0009FED821AB4EE410AF1EE10FA0DDAFFE70D
:1048E00042F69840C2F2004090EDA50A9FED7C1A76
:1048F00030EE010A80EDA50AFFE7FFE742F6984097
:10490000C2F2004090EDA50A9FED7C1AB4EE410A78
:10491000F1EE10FA1DDBFFE742F69840C2F20040CC
:1049200090EDA50A9FEDEB1AB4EE410AF1EE10FAF4
:104930000FDCFFE742F69841C2F200410020C4F2CA
:104940007020C1F800020020CCF25010C1F804021F
:1049500071E042F69840C2F2004090EDA50AB2EE36
:10496000041AB4EE410AF1EE10FA28DBFFE742F632
:104970009840C2F2004090EDA50A9FEDD51AB4EE22
:10498000410AF1EE10FA1ADAFFE742F69840C2F255
:1049900000400021C4F2BA21C0F8001290EDA50A2F
:1049A000BBEE021A20EE010AB2EE041A80EE010AF2
:1049B0009FEDC91A30EE010A80ED810A3AE042F615
:1049C0009840C2F2004090EDA50AB2EE0E1AB4EE85
:1049D000410AF1EE10FA1DDAFFE742F69840C2F202
:1049E000004090EDA50AB9EE041AB4EE410AF1EECA
:1049F00010FA0FDBFFE742F69841C2F200410020B7
:104A0000C4F2BA20C1F800020020C4F2B420C1F8F8
:104A100004020EE042F69841C2F200410020C4F2C6
:104A2000BA20C1F800020020CCF22010C1F8040224
:104A3000FFE7FFE7FFE742F69840C2F2004002902E
:104A400042F2C051C2F2004101F27C5191ED002AC4
:104A500090ED800A90EDA51A30EE020A9FED9B2A98
:104A600031EE421A30EE010A80ED7E0A91ED003AF5
:104A700090ED810A90EDA51A30EE030A31EE421A4C
:104A800030EE010A80ED7F0A0021039190ED2B0AA0
:104A900090ED2C1A30EE410A9FED901AB4EE410AC7
:104AA000F1EE10FA2CDAFFE742F69840C2F200402D
:104AB00090ED2B0A90ED2C2A9FED831A31EE421ACD
:104AC00030EE010A8DED030A4BE000BF0000003913
:104AD0000000B4C3C1C7034300003443000034C323
:104AE0000000B443DB0F4940DB0FC9C0DB0F49C0F6
:104AF000DB0FC940E12E65420000B4420000704265
:104B000042F69840C2F2004090ED2B0A90ED2C1A2C
:104B100030EE410A9FED721AB4EE410AF1EE10FA3E
:104B200011DDFFE742F69840C2F2004090ED2B0AFB
:104B300090ED2C1A9FED622A30EE020A30EE410A07
:104B40008DED030A0CE042F69840C2F2004090ED71
:104B50002B0A90ED2C1A30EE410A8DED030AFFE787
:104B6000FFE79DED031A42F69840C2F2004090ED37
:104B70002D0A30EE010A80ED2D0AFFE742F698403B
:104B8000C2F2004090ED2D1A90ED300A30EE410A4D
:104B900001209FED4C1AB4EE410AF1EE10FA01909B
:104BA00015DAFFE742F69840C2F2004090ED2D0A78
:104BB00090ED301A30EE410A9FED421A0020B4EE1B
:104BC000410AF1EE10FAA8BF01200190FFE7019819
:104BD000C00700283FD0FFE742F69840C2F20040ED
:104BE00090ED2D1A90ED300A30EE410A9FED351A06
:104BF000B4EE410AF1EE10FA0DDBFFE742F6984001
:104C0000C2F2004090ED300A9FED2D1A30EE010AFD
:104C100080ED300AFFE742F69840C2F2004090ED86
:104C20002D0A90ED301A30EE410A9FED261AB4EEAF
:104C3000410AF1EE10FA0DDBFFE742F69840C2F2AE
:104C4000004090ED300A9FED201A30EE010A80ED11
:104C5000300AFFE792E742F69840C2F20040D0F8EF
:104C6000AC10C0F8B01090ED2D0A4FF67C01C2F2E6
:104C70000141B1F9001001EE101AB8EEC11A9FED12
:104C80000F2A21EE021A9FED0E2AA1EE020A80EDF4
:104C9000040A4FF2B841C2F20141497B00EE101AFA
:104CA000B8EE400A00F55A60FEF752FE4FF2E440BB
:104CB000C2F2014080ED000A06B080BD000000395C
:104CC0000000B4C3000034430000B4430000B44209
:104CD000000070420000DC420000BA42000087C3BE
:104CE000000087430000000046F2DC10C2F20040E2
:104CF000007842F2C051C2F2004191F87415884226
:104D000001D1FFE72AE042F2C050C2F2004090F821
:104D1000741546F2DC12C2F20042117090F874056C
:104D200001280DD1FFE742F69841C2F2004148F256
:104D30000000C4F23B6048664FF07C5008650DE00F
:104D400042F69841C2F200410020C4F27A4048661F
:104D50004CF6CD40C3F6CC500865FFE77047000025
:104D600084B042F69840C2F2004090ED300A9FEDC8
:104D7000B91A80EE010AB5EE400AF1EE10FA13DD21
:104D8000FFE742F69840C2F2004090ED300A9FEDF6
:104D9000B11A80EE010AB6EE001A30EE010ABDEE3D
:104DA000C00A8DED030A12E042F69840C2F20040BC
:104DB00090ED300A9FEDA71A80EE010ABEEE001AB0
:104DC00030EE010ABDEEC00A8DED030AFFE79DED4E
:104DD000030AB8EEC01A4FF2B840C2F2014090ED9B
:104DE000010A9FED9C2AA1EE020A42F69840C2F207
:104DF000004090ED301A30EE410A9FED971AB4EE64
:104E0000410AF1EE10FA13DDFFE79DED030AB8EE5B
:104E1000C02A4FF2B840C2F2014090ED010A9FED66
:104E20008D1AA2EE010A30EE410A8DED020A42E02F
:104E30009DED030AB8EEC01A4FF2B840C2F201402D
:104E400090ED010A9FED832AA1EE020A42F69840F6
:104E5000C2F2004090ED301A30EE410A9FED7F1A09
:104E6000B4EE410AF1EE10FA13DAFFE79DED030A02
:104E7000B8EEC02A4FF2B840C2F2014090ED010AEC
:104E80009FED741AA2EE010A30EE010A8DED020ABE
:104E900010E09DED030AB8EEC01A4FF2B840C2F21E
:104EA000014090ED010A9FED6B2AA1EE020A8DED03
:104EB000020AFFE7FFE7029942F69840C2F200407B
:104EC000C0F8C01090ED021A90ED2B0A30EE410AA6
:104ED0004FF68000C2F2014080ED000AFFE74FF676
:104EE0008000C2F2014090ED000A9FED5B1AB4EE23
:104EF000410AF1EE10FA0DDDFFE74FF68000C2F235
:104F0000014090ED000A9FED561A30EE010A80ED47
:104F1000000AE4E7FFE74FF68000C2F2014090ED9F
:104F2000000A9FED4E1AB4EE410AF1EE10FA0DDAC6
:104F3000FFE74FF68000C2F2014090ED000A9FEDBE
:104F4000451A30EE010A80ED000AE4E74FF68000D2
:104F5000C2F2014090ED000AB5EE400AF1EE10FAFF
:104F60000BDAFFE74FF68000C2F2014090ED000A35
:104F7000B1EE400A80ED000AFFE74FF68000C2F272
:104F8000014090ED000AB3EE021AB4EE410AF1EED0
:104F900010FA09DCFFE742F69840C2F2004090F8B0
:104FA000360FC00740B1FFE742F69841C2F2004118
:104FB000D1F8C000C861FFE74FF2B840C2F201402B
:104FC000816842F69840C2F20040C0F8F01190EDBE
:104FD0007C0A90ED7F1AB4EE410AF1EE10FA09DC7A
:104FE000FFE742F69840C2F2004090ED7F0A8DED57
:104FF000010A24E042F69840C2F2004090ED7C0A9B
:1050000090ED7E1AB4EE410AF1EE10FA09DBFFE7EB
:1050100042F69840C2F2004090ED7E0A8DED000A03
:1050200008E042F69840C2F2004090ED7C0A8DED17
:10503000000AFFE79DED000A8DED010AFFE79DEDF7
:10504000010A42F69840C2F2004080ED7C0A04B0AA
:10505000704700BF0000B44300003443000034C375
:105060000000B4C30000000080B58AB0089004F0CE
:105070006BFE0490089828B9FFE701208DF82700FF
:1050800000F0AABC089890F8350002280ED0FFE77F
:10509000089980204865FFE70899002081F83400CE
:1050A000FFE701208DF8270000F096BC0898016802
:1050B00001201022C4F202029142039000F0A3806A
:1050C000FFE70898016801202822C4F202029142F9
:1050D000039000F09880FFE70898016801204022C3
:1050E000C4F202029142039000F08D80FFE708981D
:1050F000016801205822C4F202029142039000F09C
:105100008280FFE70898016801207022C4F2020241
:105110009142039077D0FFE7089801680120882228
:10512000C4F20202914203906DD0FFE70898016833
:105130000120A022C4F202029142039063D0FFE753
:10514000089801680120B822C4F20202914203903B
:1051500059D0FFE708980168012040F21042C4F2DC
:105160000202914203904ED0FFE7089801680120A7
:1051700040F22842C4F202029142039043D0FFE77A
:1051800008980168012040F24042C4F202029142B4
:10519000039038D0FFE708980168012040F2584298
:1051A000C4F20202914203902DD0FFE708980168F3
:1051B000012040F27042C4F202029142039022D0D8
:1051C000FFE708980168012040F28842C4F2020219
:1051D0009142039017D0FFE708980168012040F240
:1051E000A042C4F20202914203900CD0FFE708985B
:1051F00000684FF64831CBF6FD710844B0FA80F0F4
:1052000040090390FFE70398C00780B1FFE70898C3
:105210000168086820F01E00086008980168486965
:1052200020F08000486108980068059009E008981F
:105230000168086820F00E00086008980068059072
:10524000FFE70898016801201022C4F2020291428F
:10525000029000F00381FFE70898016801202822EE
:10526000C4F202029142029000F0F880FFE7089831
:10527000016801204022C4F202029142029000F033
:10528000ED80FFE70898016801205822C4F202026D
:105290009142029000F0E280FFE708980168012047
:1052A0007022C4F202029142029000F0D780FFE720
:1052B0000898016801208822C4F2020291420290FB
:1052C00000F0CC80FFE7089801680120A022C4F21A
:1052D00002029142029000F0C180FFE70898016845
:1052E0000120B822C4F202029142029000F0B6807E
:1052F000FFE708980168012040F21042C4F2020260
:105300009142029000F0AA80FFE70898016801200E
:1053100040F22842C4F202029142029000F09E80C4
:10532000FFE708980168012040F24042C4F20202FF
:105330009142029000F09280FFE7089801680120F6
:1053400040F25842C4F202029142029000F086807C
:10535000FFE708980168012040F27042C4F202029F
:10536000914202907AD0FFE708980168012040F24C
:105370008842C4F20202914202906FD0FFE708987F
:105380000168012040F2A042C4F202029142029060
:1053900064D0FFE708980168012040F2B842C4F2E7
:1053A00002029142029059D0FFE70898016801205B
:1053B00045F20842C5F60202914202904ED0FFE744
:1053C00008980168012045F21C42C5F6020291428C
:1053D000029043D0FFE708980168012045F230426F
:1053E000C5F602029142029038D0FFE708980168A2
:1053F000012045F24442C5F60202914202902DD0AE
:10540000FFE708980168012045F25842C5F60202FC
:105410009142029022D0FFE708980168012045F2EE
:105420006C42C5F602029142029017D0FFE708983D
:105430000168012045F28042C5F6020291420290C5
:105440000CD0FFE7089800684AF66C31CAF2FD718B
:105450000844B0FA80F040090290FFE70298C007C4
:1054600038B1FFE70898016E086820F48070086082
:10547000FFE7089800681021C4F20201884200F09A
:105480008180FFE7089800682821C4F20201884261
:1054900078D0FFE7089800684021C4F202018842F2
:1054A00070D0FFE7089800685821C4F202018842D2
:1054B00068D0FFE7089800687021C4F202018842B2
:1054C00060D0FFE7089800688821C4F20201884292
:1054D00058D0FFE708980068A021C4F20201884272
:1054E00050D0FFE708980068B821C4F20201884252
:1054F00048D0FFE70898006840F21041C4F202016A
:1055000088423FD0FFE70898006840F22841C4F283
:105510000201884236D0FFE70898006840F2404117
:10552000C4F2020188422DD0FFE70898006840F2DB
:105530005841C4F20201884224D0FFE7089800686D
:1055400040F27041C4F2020188421BD0FFE7089884
:10555000006840F28841C4F20201884212D0FFE79D
:105560000898006840F2A041C4F20201884209D0C4
:10557000FFE70898006840F2B841C4F2020188428F
:1055800007D1FFE708980168086820F0010008606B
:1055900006E008980168086820F001000860FFE74D
:1055A000FFE705980068C007C8B1FFE704F0CCFB2F
:1055B0000499401A062811D3FFE70899202048656E
:1055C0000899032081F83500FFE70899002081F849
:1055D0003400FFE701208DF82700FDE1E1E708989E
:1055E000016801201022C4F202029142019000F0F1
:1055F000A380FFE70898016801202822C4F2020274
:105600009142019000F09880FFE70898016801201E
:105610004022C4F202029142019000F08D80FFE727
:105620000898016801205822C4F2020291420190B8
:1056300000F08280FFE70898016801207022C4F220
:1056400002029142019077D0FFE70898016801209B
:105650008822C4F20202914201906DD0FFE70898BF
:1056600001680120A022C4F202029142019063D09D
:10567000FFE7089801680120B822C4F202029142B3
:10568000019059D0FFE708980168012040F21042CC
:10569000C4F20202914201904ED0FFE708980168DF
:1056A000012040F22842C4F202029142019043D00C
:1056B000FFE708980168012040F24042C4F202026C
:1056C0009142019038D0FFE708980168012040F22C
:1056D0005842C4F20202914201902DD0FFE708988F
:1056E0000168012040F27042C4F20202914201902E
:1056F00022D0FFE708980168012040F28842C4F2F6
:1057000002029142019017D0FFE70898016801203A
:1057100040F2A042C4F20202914201900CD0FFE795
:10572000089800684FF64831CBF6FD710844B0FA8E
:1057300080F040090190FFE70198C00760B1FFE7E2
:105740000898806D07900898C06D00F01F013F20F9
:105750008840079988600BE00898806D069008984B
:10576000C06D00F01F010120884006994860FFE7E6
:105770000898016801201022C4F2020291420090B0
:1057800000F00381FFE70898016801202822C4F295
:1057900002029142009000F0F880FFE7089801684B
:1057A00001204022C4F202029142009000F0ED80FC
:1057B000FFE70898016801205822C4F202029142D2
:1057C000009000F0E280FFE7089801680120702255
:1057D000C4F202029142009000F0D780FFE70898DF
:1057E000016801208822C4F202029142009000F078
:1057F000CC80FFE7089801680120A022C4F20202D1
:105800009142009000F0C180FFE7089801680120F4
:10581000B822C4F202029142009000F0B680FFE785
:1058200008980168012040F21042C4F2020291423D
:10583000009000F0AA80FFE708980168012040F27C
:105840002842C4F202029142009000F09E80FFE7DD
:1058500008980168012040F24042C4F202029142DD
:10586000009000F09280FFE708980168012040F264
:105870005842C4F202029142009000F08680FFE795
:1058800008980168012040F27042C4F2020291427D
:1058900000907AD0FFE708980168012040F2884222
:1058A000C4F20202914200906FD0FFE708980168AD
:1058B000012040F2A042C4F202029142009064D062
:1058C000FFE708980168012040F2B842C4F20202E2
:1058D0009142009059D0FFE708980168012045F2F5
:1058E0000842C5F60202914200904ED0FFE70898A8
:1058F0000168012045F21C42C5F602029142009067
:1059000043D0FFE708980168012045F23042C5F610
:1059100002029142009038D0FFE708980168012008
:1059200045F24442C5F60202914200902DD0FFE7B5
:1059300008980168012045F25842C5F602029142DA
:10594000009022D0FFE708980168012045F26C42E0
:10595000C5F602029142009017D0FFE7089801684F
:10596000012045F28042C5F60202914200900CD01F
:10597000FFE7089800684AF66C31CAF2FD710844E6
:10598000B0FA80F040090090FFE70098C007A0B18E
:10599000FFE70898416E806E48600898C06E58B165
:1059A000FFE70898C16E086820F4807008600898C6
:1059B000016F406F4860FFE7FFE70899012081F819
:1059C0003500FFE70899002081F83400FFE7FFE782
:1059D00000208DF82700FFE79DF827000AB080BD62
:1059E00080B586B00490049820B9FFE701208DF8B7
:1059F000170046E3049890F83500022807D0FFE727
:105A000004998020486501208DF8170039E3049837
:105A1000016801201022C4F202029142029000F0BB
:105A2000A380FFE70498016801202822C4F2020243
:105A30009142029000F09880FFE7049801680120ED
:105A40004022C4F202029142029000F08D80FFE7F2
:105A50000498016801205822C4F202029142029087
:105A600000F08280FFE70498016801207022C4F2F0
:105A700002029142029077D0FFE70498016801206A
:105A80008822C4F20202914202906DD0FFE704988E
:105A900001680120A022C4F202029142029063D068
:105AA000FFE7049801680120B822C4F20202914283
:105AB000029059D0FFE704980168012040F210429B
:105AC000C4F20202914202904ED0FFE704980168AE
:105AD000012040F22842C4F202029142029043D0D7
:105AE000FFE704980168012040F24042C4F202023C
:105AF0009142029038D0FFE704980168012040F2FB
:105B00005842C4F20202914202902DD0FFE704985D
:105B10000168012040F27042C4F2020291420290F8
:105B200022D0FFE704980168012040F28842C4F2C5
:105B300002029142029017D0FFE704980168012009
:105B400040F2A042C4F20202914202900CD0FFE760
:105B5000049800684FF64831CBF6FD710844B0FA5E
:105B600080F040090290FFE70298C007002800F08B
:105B70009D80FFE70499042081F8350004980068AF
:105B80001021C4F20201884200F08180FFE70498EE
:105B900000682821C4F20201884278D0FFE7049807
:105BA00000684021C4F20201884270D0FFE70498E7
:105BB00000685821C4F20201884268D0FFE70498C7
:105BC00000687021C4F20201884260D0FFE70498A7
:105BD00000688821C4F20201884258D0FFE7049887
:105BE0000068A021C4F20201884250D0FFE7049867
:105BF0000068B821C4F20201884248D0FFE7049847
:105C0000006840F21041C4F2020188423FD0FFE731
:105C10000498006840F22841C4F20201884236D05C
:105C2000FFE70498006840F24041C4F20201884254
:105C30002DD0FFE70498006840F25841C4F20201F9
:105C4000884224D0FFE70498006840F27041C4F213
:105C5000020188421BD0FFE70498006840F28841A7
:105C6000C4F20201884212D0FFE70498006840F2B3
:105C7000A041C4F20201884209D0FFE704980068FD
:105C800040F2B841C4F20201884207D1FFE704980C
:105C90000168086820F00100086006E004980168C7
:105CA000086820F001000860FFE7E5E1049801685A
:105CB000086820F00E000860049800681021C4F203
:105CC0000201884200F08180FFE7049800682821E3
:105CD000C4F20201884278D0FFE7049800684021AE
:105CE000C4F20201884270D0FFE70498006858218E
:105CF000C4F20201884268D0FFE70498006870216E
:105D0000C4F20201884260D0FFE70498006888214D
:105D1000C4F20201884258D0FFE704980068A0212D
:105D2000C4F20201884250D0FFE704980068B8210D
:105D3000C4F20201884248D0FFE70498006840F2AC
:105D40001041C4F2020188423FD0FFE70498006886
:105D500040F22841C4F20201884236D0FFE704989D
:105D6000006840F24041C4F2020188422DD0FFE7B2
:105D70000498006840F25841C4F20201884224D0DD
:105D8000FFE70498006840F27041C4F202018842C3
:105D90001BD0FFE70498006840F28841C4F202017A
:105DA000884212D0FFE70498006840F2A041C4F294
:105DB0000201884209D0FFE70498006840F2B84128
:105DC000C4F20201884207D1FFE70498016808681D
:105DD00020F00100086006E004980168086820F0DF
:105DE00001000860FFE70498016801201022C4F256
:105DF00002029142019000F00381FFE704980168DC
:105E000001202822C4F202029142019000F0F880A1
:105E1000FFE70498016801204022C4F20202914287
:105E2000019000F0ED80FFE70498016801205822FE
:105E3000C4F202029142019000F0E280FFE7049870
:105E4000016801207022C4F202029142019000F028
:105E5000D780FFE70498016801208822C4F202027B
:105E60009142019000F0CC80FFE704980168012086
:105E7000A022C4F202029142019000F0C180FFE72B
:105E8000049801680120B822C4F2020291420190F4
:105E900000F0B680FFE704980168012040F210424C
:105EA000C4F202029142019000F0AA80FFE7049838
:105EB0000168012040F22842C4F20202914201909E
:105EC00000F09E80FFE704980168012040F2404204
:105ED000C4F202029142019000F09280FFE7049820
:105EE0000168012040F25842C4F20202914201903E
:105EF00000F08680FFE704980168012040F27042BC
:105F0000C4F20202914201907AD0FFE7049801683E
:105F1000012040F28842C4F20202914201906FD007
:105F2000FFE704980168012040F2A042C4F2020297
:105F30009142019064D0FFE704980168012040F28B
:105F4000B842C4F202029142019059D0FFE704988E
:105F50000168012045F20842C5F602029142019013
:105F60004ED0FFE704980168012045F21C42C5F6B7
:105F700002029142019043D0FFE70498016801209A
:105F800045F23042C5F602029142019038D0FFE757
:105F900004980168012045F24442C5F6020291428C
:105FA00001902DD0FFE704980168012045F2584286
:105FB000C5F602029142019022D0FFE704980168E1
:105FC000012045F26C42C5F602029142019017D0C1
:105FD000FFE704980168012045F28042C5F60202FD
:105FE000914201900CD0FFE7049800684AF66C31AA
:105FF000CAF2FD710844B0FA80F040090190FFE751
:106000000198C00728B3FFE70498016E086820F4E0
:10601000807008600498806D03900498C06D00F053
:106020001F0101208840039948600498416E806EEA
:1060300048600498C06E58B1FFE70498C16E0868C4
:1060400020F4807008600498016F406F4860FFE79B
:10605000FFE70499012081F83500FFE7049900204B
:1060600081F83400FFE70498006D20B1FFE7049841
:10607000016D8847FFE7FFE7FFE700208DF8170075
:10608000FFE79DF8170006B080BD0000000000008B
:1060900080B590B00F9000200B9040F26810C2F2D3
:1060A0000040006848F2B511C1F64E31A0FB011066
:1060B000800A0A900F98806D09900F98806D089063
:1060C000099800680E90089800680D900F98016874
:1060D00001201022C4F202029142079000F0A38036
:1060E000FFE70F98016801202822C4F202029142C2
:1060F000079000F09880FFE70F9801680120402288
:10610000C4F202029142079000F08D80FFE70F98E1
:10611000016801205822C4F202029142079000F067
:106120008280FFE70F98016801207022C4F202020A
:106130009142079077D0FFE70F98016801208822ED
:10614000C4F20202914207906DD0FFE70F980168F8
:106150000120A022C4F202029142079063D0FFE71F
:106160000F9801680120B822C4F202029142079000
:1061700059D0FFE70F980168012040F21042C4F2A5
:106180000202914207904ED0FFE70F98016801206C
:1061900040F22842C4F202029142079043D0FFE746
:1061A0000F980168012040F24042C4F2020291427D
:1061B000079038D0FFE70F980168012040F258425D
:1061C000C4F20202914207902DD0FFE70F980168B8
:1061D000012040F27042C4F202029142079022D0A4
:1061E000FFE70F980168012040F28842C4F20202E2
:1061F0009142079017D0FFE70F980168012040F205
:10620000A042C4F20202914207900CD0FFE70F981F
:1062100000684FF64831CBF6FD710844B0FA80F0C3
:1062200040090790FFE70798C007002800F0138592
:10623000FFE70E980F99C96D01F01F01C8400007D4
:10624000002840F1B080FFE70F9800681021C4F2E9
:106250000201884200F08180FFE70F980068282142
:10626000C4F20201884278D0FFE70F98006840210D
:10627000C4F20201884270D0FFE70F9800685821ED
:10628000C4F20201884268D0FFE70F9800687021CD
:10629000C4F20201884260D0FFE70F9800688821AD
:1062A000C4F20201884258D0FFE70F980068A0218D
:1062B000C4F20201884250D0FFE70F980068B8216D
:1062C000C4F20201884248D0FFE70F98006840F20C
:1062D0001041C4F2020188423FD0FFE70F980068E6
:1062E00040F22841C4F20201884236D0FFE70F98FD
:1062F000006840F24041C4F2020188422DD0FFE71D
:106300000F98006840F25841C4F20201884224D03C
:10631000FFE70F98006840F27041C4F20201884222
:106320001BD0FFE70F98006840F28841C4F20201D9
:10633000884212D0FFE70F98006840F2A041C4F2F3
:106340000201884209D0FFE70F98006840F2B84187
:10635000C4F20201884207D1FFE70F980068006885
:1063600000F00400069006E00F980068006800F056
:1063700008000690FFE70698A0B1FFE70F980168B4
:10638000086820F0040008600F98C06D00F01F013D
:1063900008208840099988600F99486D40F00100F5
:1063A0004865FFE7FFE70E980F99C96D01F01F01DF
:1063B000C840C007002800F0A980FFE70F980068D8
:1063C0001021C4F20201884200F08180FFE70F989B
:1063D00000682821C4F20201884278D0FFE70F98B4
:1063E00000684021C4F20201884270D0FFE70F9894
:1063F00000685821C4F20201884268D0FFE70F9874
:1064000000687021C4F20201884260D0FFE70F9853
:1064100000688821C4F20201884258D0FFE70F9833
:106420000068A021C4F20201884250D0FFE70F9813
:106430000068B821C4F20201884248D0FFE70F98F3
:10644000006840F21041C4F2020188423FD0FFE7E9
:106450000F98006840F22841C4F20201884236D009
:10646000FFE70F98006840F24041C4F20201884201
:106470002DD0FFE70F98006840F25841C4F20201A6
:10648000884224D0FFE70F98006840F27041C4F2C0
:10649000020188421BD0FFE70F98006840F2884154
:1064A000C4F20201884212D0FFE70F98006840F260
:1064B000A041C4F20201884209D0FFE70F980068AA
:1064C00040F2B841C4F20201884207D1FFE70F98B9
:1064D0000068406900F08000059005E00F980068B2
:1064E000006800200590FFE7059870B1FFE70F985E
:1064F000C06D00F01F0101208840099988600F9944
:10650000486D40F002004865FFE7FFE70E980F99DD
:10651000C96D01F01F01C8404007002840F1A98063
:10652000FFE70F9800681021C4F20201884200F0D2
:106530008180FFE70F9800682821C4F20201884299
:1065400078D0FFE70F9800684021C4F2020188422A
:1065500070D0FFE70F9800685821C4F2020188420A
:1065600068D0FFE70F9800687021C4F202018842EA
:1065700060D0FFE70F9800688821C4F202018842CA
:1065800058D0FFE70F980068A021C4F202018842AA
:1065900050D0FFE70F980068B821C4F2020188428A
:1065A00048D0FFE70F98006840F21041C4F20201A2
:1065B00088423FD0FFE70F98006840F22841C4F2BC
:1065C0000201884236D0FFE70F98006840F2404150
:1065D000C4F2020188422DD0FFE70F98006840F214
:1065E0005841C4F20201884224D0FFE70F980068A6
:1065F00040F27041C4F2020188421BD0FFE70F98BD
:10660000006840F28841C4F20201884212D0FFE7DC
:106610000F98006840F2A041C4F20201884209D0FC
:10662000FFE70F98006840F2B841C4F202018842C7
:1066300007D1FFE70F980068006800F0020004909F
:1066400005E00F980068006800200490FFE70498B8
:1066500070B1FFE70F98C06D00F01F010420884063
:10666000099988600F99486D40F004004865FFE77C
:10667000FFE70E980F99C96D01F01F01C840C006D1
:10668000002840F1DE80FFE70F9800681021C4F277
:106690000201884200F08180FFE70F9800682821FE
:1066A000C4F20201884278D0FFE70F9800684021C9
:1066B000C4F20201884270D0FFE70F9800685821A9
:1066C000C4F20201884268D0FFE70F980068702189
:1066D000C4F20201884260D0FFE70F980068882169
:1066E000C4F20201884258D0FFE70F980068A02149
:1066F000C4F20201884250D0FFE70F980068B82129
:10670000C4F20201884248D0FFE70F98006840F2C7
:106710001041C4F2020188423FD0FFE70F980068A1
:1067200040F22841C4F20201884236D0FFE70F98B8
:10673000006840F24041C4F2020188422DD0FFE7D8
:106740000F98006840F25841C4F20201884224D0F8
:10675000FFE70F98006840F27041C4F202018842DE
:106760001BD0FFE70F98006840F28841C4F2020195
:10677000884212D0FFE70F98006840F2A041C4F2AF
:106780000201884209D0FFE70F98006840F2B84143
:10679000C4F20201884207D1FFE70F980068006841
:1067A00000F00800039006E00F980068006800F011
:1067B00004000390FFE70398002841D0FFE70F98FB
:1067C000C06D00F01F0110208840099988600F9863
:1067D00000680068400300281AD5FFE70F9800689A
:1067E00000680003002809D4FFE70F98006C20B16F
:1067F000FFE70F98016C8847FFE708E00F98806C6F
:1068000020B1FFE70F98816C8847FFE7FFE716E0AC
:106810000F9800680068C005002807D4FFE70F98AC
:106820000168086820F008000860FFE70F98006C16
:1068300020B1FFE70F98016C8847FFE7FFE7FFE70C
:10684000FFE70E980F99C96D01F01F01C84080063F
:10685000002840F12681FFE70F9800681021C4F25C
:106860000201884200F08180FFE70F98006828212C
:10687000C4F20201884278D0FFE70F9800684021F7
:10688000C4F20201884270D0FFE70F9800685821D7
:10689000C4F20201884268D0FFE70F9800687021B7
:1068A000C4F20201884260D0FFE70F980068882197
:1068B000C4F20201884258D0FFE70F980068A02177
:1068C000C4F20201884250D0FFE70F980068B82157
:1068D000C4F20201884248D0FFE70F98006840F2F6
:1068E0001041C4F2020188423FD0FFE70F980068D0
:1068F00040F22841C4F20201884236D0FFE70F98E7
:10690000006840F24041C4F2020188422DD0FFE706
:106910000F98006840F25841C4F20201884224D026
:10692000FFE70F98006840F27041C4F2020188420C
:106930001BD0FFE70F98006840F28841C4F20201C3
:10694000884212D0FFE70F98006840F2A041C4F2DD
:106950000201884209D0FFE70F98006840F2B84171
:10696000C4F20201884207D1FFE70F98006800686F
:1069700000F01000029006E00F980068006800F038
:1069800002000290FFE70298002800F08980FFE7EC
:106990000F98C06D00F01F01202088400999886081
:1069A0000F9890F83500042837D1FFE70F98016859
:1069B000086820F0160008600F980168486920F008
:1069C000800048610F98006C20B9FFE70F98806C39
:1069D00038B1FFE70F980168086820F008000860E8
:1069E000FFE70F98C06D00F01F013F208840099914
:1069F00088600F99012081F83500FFE70F9900208A
:106A000081F83400FFE70F98006D20B1FFE70F9881
:106A1000016D8847FFE700F019BC0F980068006817
:106A2000400300281AD5FFE70F98006800680003AC
:106A3000002809D4FFE70F98406C20B1FFE70F98BA
:106A4000416C8847FFE708E00F98C06B20B1FFE773
:106A50000F98C16B8847FFE7FFE720E00F980068B9
:106A60000068C005002811D4FFE70F980168086886
:106A700020F0100008600F99012081F83500FFE731
:106A80000F99002081F83400FFE7FFE70F98C06BF3
:106A900020B1FFE70F98C16B8847FFE7FFE7FFE7EB
:106AA000FFE70F98406D002800F0D480FFE70F98B3
:106AB000406DC007002800F0C480FFE70F99042054
:106AC00081F835000F9800681021C4F20201884255
:106AD00000F08180FFE70F9800682821C4F20201CE
:106AE000884278D0FFE70F9800684021C4F2020185
:106AF000884270D0FFE70F9800685821C4F2020165
:106B0000884268D0FFE70F9800687021C4F2020144
:106B1000884260D0FFE70F9800688821C4F2020124
:106B2000884258D0FFE70F980068A021C4F2020104
:106B3000884250D0FFE70F980068B821C4F20201E4
:106B4000884248D0FFE70F98006840F21041C4F235
:106B5000020188423FD0FFE70F98006840F22841C9
:106B6000C4F20201884236D0FFE70F98006840F275
:106B70004041C4F2020188422DD0FFE70F9800681F
:106B800040F25841C4F20201884224D0FFE70F9836
:106B9000006840F27041C4F2020188421BD0FFE756
:106BA0000F98006840F28841C4F20201884212D076
:106BB000FFE70F98006840F2A041C4F2020188424A
:106BC00009D0FFE70F98006840F2B841C4F2020113
:106BD000884207D1FFE70F980168086820F001009C
:106BE000086006E00F980168086820F0010008605E
:106BF000FFE7FFE70B9801300B900A99884201D913
:106C0000FFE707E0FFE70F9800680068C00700286B
:106C1000F0D1FFE70F9800680068C00728B1FFE7D0
:106C20000F99032081F8350004E00F99012081F8C5
:106C30003500FFE7FFE70F99002081F83400FFE7F8
:106C4000FFE70F98C06C20B1FFE70F98C16C884731
:106C5000FFE7FFE7FAE20F980168012045F20842DA
:106C6000C5F60202914201904ED0FFE70F980168ED
:106C7000012045F21C42C5F602029142019043D028
:106C8000FFE70F980168012045F23042C5F6020285
:106C90009142019038D0FFE70F980168012045F23A
:106CA0004442C5F60202914201902DD0FFE70F98B1
:106CB0000168012045F25842C5F602029142019056
:106CC00022D0FFE70F980168012045F26C42C5F61B
:106CD00002029142019017D0FFE70F98016801204E
:106CE00045F28042C5F60202914201900CD0FFE7C6
:106CF0000F9800684AF66C31CAF2FD710844B0FA88
:106D000080F040090190FFE70198C007002800F0DB
:106D10009B82FFE70F98006800680C900D980F9910
:106D2000C96D01F01F01C8404007002840F1D7801D
:106D3000FFE79DF830004007002840F1D080FFE7D2
:106D40000F98C06D00F01F0104208840089948602A
:106D50009DF831000006002818D5FFE79DF83200A5
:106D6000C00748B9FFE70F98806C20B1FFE70F9884
:106D7000816C8847FFE708E00F98006C20B1FFE7BF
:106D80000F98016C8847FFE7FFE7A7E09DF8300008
:106D90008006002800F19980FFE70F980068102115
:106DA000C4F20201884200F08180FFE70F9800687A
:106DB0002821C4F20201884278D0FFE70F980068CA
:106DC0004021C4F20201884270D0FFE70F980068AA
:106DD0005821C4F20201884268D0FFE70F9800688A
:106DE0007021C4F20201884260D0FFE70F9800686A
:106DF0008821C4F20201884258D0FFE70F9800684A
:106E0000A021C4F20201884250D0FFE70F98006829
:106E1000B821C4F20201884248D0FFE70F98006809
:106E200040F21041C4F2020188423FD0FFE70F98C0
:106E3000006840F22841C4F20201884236D0FFE7E0
:106E40000F98006840F24041C4F2020188422DD000
:106E5000FFE70F98006840F25841C4F202018842EF
:106E600024D0FFE70F98006840F27041C4F202019D
:106E700088421BD0FFE70F98006840F28841C4F2B7
:106E80000201884212D0FFE70F98006840F2A0414B
:106E9000C4F20201884209D0FFE70F98006840F26F
:106EA000B841C4F20201884207D1FFE70F98016898
:106EB000086820F00800086006E00F98016808687C
:106EC00020F004000860FFE7FFE70F98006C20B196
:106ED000FFE70F98016C8847FFE7FFE7B3E10D98E4
:106EE0000F99C96D01F01F01C8408007002840F1CB
:106EF000E180FFE79DF830008007002840F1DA804C
:106F0000FFE70F98C06D00F01F010220884008992C
:106F100048609DF831000006002818D5FFE79DF86D
:106F20003200C00748B9FFE70F98406C20B1FFE777
:106F30000F98416C8847FFE708E00F98C06B20B1BD
:106F4000FFE70F98C16B8847FFE7FFE7B1E09DF8C7
:106F500030008006002800F1A380FFE70F9800684A
:106F60001021C4F20201884200F08180FFE70F98EF
:106F700000682821C4F20201884278D0FFE70F9808
:106F800000684021C4F20201884270D0FFE70F98E8
:106F900000685821C4F20201884268D0FFE70F98C8
:106FA00000687021C4F20201884260D0FFE70F98A8
:106FB00000688821C4F20201884258D0FFE70F9888
:106FC0000068A021C4F20201884250D0FFE70F9868
:106FD0000068B821C4F20201884248D0FFE70F9848
:106FE000006840F21041C4F2020188423FD0FFE73E
:106FF0000F98006840F22841C4F20201884236D05E
:10700000FFE70F98006840F24041C4F20201884255
:107010002DD0FFE70F98006840F25841C4F20201FA
:10702000884224D0FFE70F98006840F27041C4F214
:10703000020188421BD0FFE70F98006840F28841A8
:10704000C4F20201884212D0FFE70F98006840F2B4
:10705000A041C4F20201884209D0FFE70F980068FE
:1070600040F2B841C4F20201884207D1FFE70F980D
:107070000168086820F01400086006E00F980168B5
:10708000086820F00A000860FFE70F99012081F8E6
:107090003500FFE70F99002081F83400FFE7FFE794
:1070A0000F98C06B20B1FFE70F98C16B8847FFE7CF
:1070B000FFE7C7E00D980F99C96D01F01F01C840A7
:1070C0000007002840F1BC80FFE79DF83000000772
:1070D000002840F1B580FFE70F9800681021C4F246
:1070E0000201884200F08180FFE70F9800682821A4
:1070F000C4F20201884278D0FFE70F98006840216F
:10710000C4F20201884270D0FFE70F98006858214E
:10711000C4F20201884268D0FFE70F98006870212E
:10712000C4F20201884260D0FFE70F98006888210E
:10713000C4F20201884258D0FFE70F980068A021EE
:10714000C4F20201884250D0FFE70F980068B821CE
:10715000C4F20201884248D0FFE70F98006840F26D
:107160001041C4F2020188423FD0FFE70F98006847
:1071700040F22841C4F20201884236D0FFE70F985E
:10718000006840F24041C4F2020188422DD0FFE77E
:107190000F98006840F25841C4F20201884224D09E
:1071A000FFE70F98006840F27041C4F20201884284
:1071B0001BD0FFE70F98006840F28841C4F202013B
:1071C000884212D0FFE70F98006840F2A041C4F255
:1071D0000201884209D0FFE70F98006840F2B841E9
:1071E000C4F20201884207D1FFE70F9801680868DE
:1071F00020F01C00086006E00F980168086820F085
:107200000E000860FFE70F98C06D00F01F0101201D
:1072100000FA01F1089A51600F9948650F9981F8B9
:107220003500FFE70F99002081F83400FFE70F9841
:10723000C06C20B1FFE70F98C16C8847FFE700E002
:10724000FFE7FFE7FFE700E0FFE7FFE710B080BDE3
:1072500010B58EB00C9002F077FD0A900C9828B90A
:10726000FFE701208DF8370000F09EBC0C98016804
:1072700001201022C4F202029142079000F0A38084
:10728000FFE70C98016801202822C4F20202914213
:10729000079000F09880FFE70C98016801204022D9
:1072A000C4F202029142079000F08D80FFE70C9833
:1072B000016801205822C4F202029142079000F0B6
:1072C0008280FFE70C98016801207022C4F202025C
:1072D0009142079077D0FFE70C980168012088223F
:1072E000C4F20202914207906DD0FFE70C9801684A
:1072F0000120A022C4F202029142079063D0FFE76E
:107300000C9801680120B822C4F202029142079051
:1073100059D0FFE70C980168012040F21042C4F2F6
:107320000202914207904ED0FFE70C9801680120BD
:1073300040F22842C4F202029142079043D0FFE794
:107340000C980168012040F24042C4F202029142CE
:10735000079038D0FFE70C980168012040F25842AE
:10736000C4F20202914207902DD0FFE70C98016809
:10737000012040F27042C4F202029142079022D0F2
:10738000FFE70C980168012040F28842C4F2020233
:107390009142079017D0FFE70C980168012040F256
:1073A000A042C4F20202914207900CD0FFE70C9871
:1073B00000684FF64831CBF6FD710844B0FA80F012
:1073C00040090790FFE70798C007002800F0788180
:1073D000FFE70C98406A08B1FFE7FFE70C9902202D
:1073E00081F83500FFE70C99002081F83400FFE7B1
:1073F0000C9800681021C4F20201884200F08180DC
:10740000FFE70C9800682821C4F20201884278D076
:10741000FFE70C9800684021C4F20201884270D056
:10742000FFE70C9800685821C4F20201884268D036
:10743000FFE70C9800687021C4F20201884260D016
:10744000FFE70C9800688821C4F20201884258D0F6
:10745000FFE70C980068A021C4F20201884250D0D6
:10746000FFE70C980068B821C4F20201884248D0B6
:10747000FFE70C98006840F21041C4F20201884214
:107480003FD0FFE70C98006840F22841C4F20201A7
:10749000884236D0FFE70C98006840F24041C4F2C1
:1074A000020188422DD0FFE70C98006840F2584155
:1074B000C4F20201884224D0FFE70C98006840F231
:1074C0007041C4F2020188421BD0FFE70C980068AB
:1074D00040F28841C4F20201884212D0FFE70C98C2
:1074E000006840F2A041C4F20201884209D0FFE7DF
:1074F0000C98006840F2B841C4F20201884207D1FA
:10750000FFE70C980168086820F00100086006E0B9
:107510000C980168086820F001000860FFE7FFE7A9
:107520000C9800680068C00798B1FFE702F00CFCF7
:107530000A99401A06280BD3FFE70C9920204865CA
:107540000C99032081F8350001208DF837002BE3DA
:10755000E6E70C98006800680B900B9848F23F0132
:10756000CFF6106108400B900C998868D1F80CC0D8
:107570000B694A6940EA0C00184310438A691043BA
:10758000CA691043096A01430B9808430B900C9891
:10759000406A042808D1FFE70C99C86A096B0143C7
:1075A0000B9808430B90FFE70C984068292807D3F5
:1075B000FFE70C98416801202F29069036D3FFE79A
:1075C0000C9840683F2807D3FFE70C9841680120DA
:1075D000432906902AD3FFE70C984068472807D331
:1075E000FFE70C9841680120492906901ED3FFE768
:1075F0000C9840684F2807D3FFE70C98416801209A
:107600005329069012D3FFE70C9841680020742993
:10761000059008D3FFE70C9841680020782938BF0F
:1076200001200590FFE705980690FFE70698C00740
:1076300028B1FFE70B9840F480100B90FFE70B9800
:107640000C99096808600C98006840690B900B98C9
:1076500020F007000B900C98416A0B9808430B90A0
:107660000C98406A04281AD1FFE70C98816A0B989D
:1076700008430B900C98C06A80B1FFE70C98FBF7A9
:10768000F3F950B1FFE70C99402048650C990120AF
:1076900081F835008DF8370086E2FFE7FFE70B98A9
:1076A0000C99096848610C98FAF7A2FF09900C98A8
:1076B000C06D00F01F013F2088400999886026E1D5
:1076C0000C980168012045F20842C5F60202914279
:1076D00004904ED0FFE70C980168012045F21C424F
:1076E000C5F602029142049043D0FFE70C9801686E
:1076F000012045F23042C5F602029142049038D092
:10770000FFE70C980168012045F24442C5F60202E9
:10771000914204902DD0FFE70C980168012045F2BA
:107720005842C5F602029142049022D0FFE70C981D
:107730000168012045F26C42C5F6020291420490B4
:1077400017D0FFE70C980168012045F28042C5F68A
:107750000202914204900CD0FFE70C9800684AF6B0
:107760006C31CAF2FD710844B0FA80F0400904900F
:10777000FFE70498C007002800F0BD80FFE70C98E1
:107780000168012045F20842C5F6020291420390C9
:107790004ED0FFE70C980168012045F21C42C5F667
:1077A00002029142039043D0FFE70C980168012048
:1077B00045F23042C5F602029142039038D0FFE70D
:1077C0000C980168012045F24442C5F6020291423C
:1077D00003902DD0FFE70C980168012045F2584234
:1077E000C5F602029142039022D0FFE70C9801688F
:1077F000012045F26C42C5F602029142039017D077
:10780000FFE70C980168012045F28042C5F60202AC
:10781000914203900CD0FFE70C9800684AF66C3157
:10782000CAF2FD710844B0FA80F040090390FFE706
:107830000398C00708B1FFE7FFE70C99022081F821
:107840003500FFE70C99002081F83400FFE70C9821
:10785000006800680B900B986FF310100B900C9859
:107860008068402803D1FFE71020029008E00C98C0
:1078700080688038B0FA80F0400980030290FFE70A
:1078800002980C99CA680B69D1F814C0D1F818E0B5
:10789000CC694EEA040E4CEA0E0C43EA0C031A4380
:1078A00040EAD200096A40EA11110B9808430B9094
:1078B0000B980C99096808600C9908684AF6F83228
:1078C000CAF2FD7210444CF6CD42CCF6CC42A0FB7D
:1078D00002026FF0030000EA9200C8650C98FAF704
:1078E00087FE08900C98C06D00F01F0101208840B1
:1078F000089948600AE00C99402048650C990320DB
:1079000081F8350001208DF837004DE1FFE70C9834
:10791000016801201022C4F202029142019000F09D
:107920000381FFE70C98016801202822C4F20202BB
:107930009142019000F0F880FFE70C980168012067
:107940004022C4F202029142019000F0ED80FFE774
:107950000C98016801205822C4F202029142019061
:1079600000F0E280FFE70C98016801207022C4F269
:1079700002029142019000F0D780FFE70C98016865
:1079800001208822C4F202029142019000F0CC80D2
:10799000FFE70C9801680120A022C4F20202914284
:1079A000019000F0C180FFE70C9801680120B82227
:1079B000C4F202029142019000F0B680FFE70C98F9
:1079C0000168012040F21042C4F20202914201908B
:1079D00000F0AA80FFE70C980168012040F22842DD
:1079E000C4F202029142019000F09E80FFE70C98E1
:1079F0000168012040F24042C4F20202914201902B
:107A000000F09280FFE70C980168012040F2584294
:107A1000C4F202029142019000F08680FFE70C98C8
:107A20000168012040F27042C4F2020291420190CA
:107A30007AD0FFE70C980168012040F28842C4F236
:107A40000202914201906FD0FFE70C98016801207B
:107A500040F2A042C4F202029142019064D0FFE7DA
:107A60000C980168012040F2B842C4F2020291422F
:107A7000019059D0FFE70C980168012045F20842B7
:107A8000C5F60202914201904ED0FFE70C980168C2
:107A9000012045F21C42C5F602029142019043D0FA
:107AA000FFE70C980168012045F23042C5F602025A
:107AB0009142019038D0FFE70C980168012045F20F
:107AC0004442C5F60202914201902DD0FFE70C9886
:107AD0000168012045F25842C5F602029142019028
:107AE00022D0FFE70C980168012045F26C42C5F6F0
:107AF00002029142019017D0FFE70C980168012023
:107B000045F28042C5F60202914201900CD0FFE797
:107B10000C9800684AF66C31CAF2FD710844B0FA5C
:107B200080F040090190FFE70198C00790B3FFE79C
:107B30000C98FAF745FE0C988068802804D1FFE77E
:107B40000C9900204860FFE70C990879096E0860DD
:107B50000C98416E806E48600C98406888B1FFE7D1
:107B60000C98406808280CD8FFE70C98FAF7E4FE58
:107B70000C98C16E002008600C98016F406F48603F
:107B800007E00C990020C8660C9908670C994867B3
:107B9000FFE7FFE70C99002048650C9A012182F865
:107BA00035108DF83700FFE79DF837000EB010BD97
:107BB00080B588B0069005910492039300208DF85B
:107BC0000B00069820B9FFE701208DF81F006CE339
:107BD000FFE7069890F83400012804D1FFE702205F
:107BE0008DF81F0061E30699012081F83400FFE75A
:107BF000FFE7069890F83500012840F04383FFE73F
:107C00000699022081F835000699002048650698FB
:107C100000681021C4F20201884200F08180FFE771
:107C2000069800682821C4F20201884278D0FFE754
:107C3000069800684021C4F20201884270D0FFE734
:107C4000069800685821C4F20201884268D0FFE714
:107C5000069800687021C4F20201884260D0FFE7F4
:107C6000069800688821C4F20201884258D0FFE7D4
:107C700006980068A021C4F20201884250D0FFE7B4
:107C800006980068B821C4F20201884248D0FFE794
:107C90000698006840F21041C4F2020188423FD0C9
:107CA000FFE70698006840F22841C4F202018842CA
:107CB00036D0FFE70698006840F24041C4F2020166
:107CC00088422DD0FFE70698006840F25841C4F280
:107CD0000201884224D0FFE70698006840F2704114
:107CE000C4F2020188421BD0FFE70698006840F208
:107CF0008841C4F20201884212D0FFE7069800686A
:107D000040F2A041C4F20201884209D0FFE7069880
:107D1000006840F2B841C4F20201884207D1FFE78F
:107D200006980168086820F00100086006E00698DF
:107D30000168086820F001000860FFE706980599CF
:107D4000049A039BFAF708FF0698016801201022A5
:107D5000C4F202029142019000F0A380FFE706986E
:107D6000016801202822C4F202029142019000F031
:107D70009880FFE70698016801204022C4F20202C1
:107D80009142019000F08D80FFE706980168012084
:107D90005822C4F202029142019000F08280FFE773
:107DA0000698016801207022C4F2020291420190FB
:107DB00077D0FFE70698016801208822C4F202020A
:107DC000914201906DD0FFE7069801680120A02242
:107DD000C4F202029142019063D0FFE70698016865
:107DE0000120B822C4F202029142019059D0FFE76B
:107DF00006980168012040F21042C4F2020291424A
:107E000001904ED0FFE706980168012040F2284219
:107E1000C4F202029142019043D0FFE70698016844
:107E2000012040F24042C4F202029142019038D057
:107E3000FFE706980168012040F25842C4F20202AE
:107E4000914201902DD0FFE706980168012040F291
:107E50007042C4F202029142019022D0FFE70698DC
:107E60000168012040F28842C4F20202914201906E
:107E700017D0FFE706980168012040F2A042C4F243
:107E80000202914201900CD0FFE7069800684FF67D
:107E90004831CBF6FD710844B0FA80F040090190FA
:107EA000FFE70198C007A8B1FFE7069800680068DF
:107EB0000B2161F344000699096808600698006C7C
:107EC00038B1FFE706980168086840F008000860CC
:107ED000FFE714E0069800680068052161F343009D
:107EE0000699096808600698006C38B1FFE70698A3
:107EF0000168086840F004000860FFE7FFE70698A3
:107F0000016801201022C4F202029142009000F0A8
:107F10000381FFE70698016801202822C4F20202CB
:107F20009142009000F0F880FFE706980168012078
:107F30004022C4F202029142009000F0ED80FFE77F
:107F40000698016801205822C4F202029142009072
:107F500000F0E280FFE70698016801207022C4F279
:107F600002029142009000F0D780FFE70698016876
:107F700001208822C4F202029142009000F0CC80DD
:107F8000FFE7069801680120A022C4F20202914294
:107F9000009000F0C180FFE7069801680120B82238
:107FA000C4F202029142009000F0B680FFE706980A
:107FB0000168012040F21042C4F202029142009096
:107FC00000F0AA80FFE706980168012040F22842ED
:107FD000C4F202029142009000F09E80FFE70698F2
:107FE0000168012040F24042C4F202029142009036
:107FF00000F09280FFE706980168012040F25842A5
:10800000C4F202029142009000F08680FFE70698D9
:108010000168012040F27042C4F2020291420090D5
:108020007AD0FFE706980168012040F28842C4F246
:108030000202914200906FD0FFE70698016801208C
:1080400040F2A042C4F202029142009064D0FFE7E5
:1080500006980168012040F2B842C4F2020291423F
:10806000009059D0FFE706980168012045F20842C8
:10807000C5F60202914200904ED0FFE706980168D3
:10808000012045F21C42C5F602029142009043D005
:10809000FFE706980168012045F23042C5F602026A
:1080A0009142009038D0FFE706980168012045F220
:1080B0004442C5F60202914200902DD0FFE7069897
:1080C0000168012045F25842C5F602029142009033
:1080D00022D0FFE706980168012045F26C42C5F600
:1080E00002029142009017D0FFE706980168012034
:1080F00045F28042C5F60202914200900CD0FFE7A3
:10810000069800684AF66C31CAF2FD710844B0FA6C
:1081100080F040090090FFE70098C007D0B1FFE76A
:108120000698006E0068C003002807D5FFE7069890
:10813000016E086840F480700860FFE70698C06E22
:1081400038B1FFE70698C16E086840F48070086097
:10815000FFE7FFE7069800681021C4F20201884299
:1081600000F08180FFE7069800682821C4F2020130
:10817000884278D0FFE7069800684021C4F20201E7
:10818000884270D0FFE7069800685821C4F20201C7
:10819000884268D0FFE7069800687021C4F20201A7
:1081A000884260D0FFE7069800688821C4F2020187
:1081B000884258D0FFE706980068A021C4F2020167
:1081C000884250D0FFE706980068B821C4F2020147
:1081D000884248D0FFE70698006840F21041C4F298
:1081E000020188423FD0FFE70698006840F228412C
:1081F000C4F20201884236D0FFE70698006840F2D8
:108200004041C4F2020188422DD0FFE70698006881
:1082100040F25841C4F20201884224D0FFE7069898
:10822000006840F27041C4F2020188421BD0FFE7AF
:108230000698006840F28841C4F20201884212D0D8
:10824000FFE70698006840F2A041C4F202018842AC
:1082500009D0FFE70698006840F2B841C4F2020175
:10826000884207D1FFE706980168086840F00100DE
:10827000086006E006980168086840F001000860A0
:10828000FFE70DE006994FF400604865FFE70699A7
:10829000002081F83400FFE701208DF80B00FFE794
:1082A0009DF80B008DF81F00FFE79DF81F0008B038
:1082B00080BD00000000000080B584B0039001F094
:1082C00043FD0290039801900198013048B1FFE707
:1082D00040F23F20C2F2004001780198084401902A
:1082E000FFE7FFE701F030FD0299401A019988424B
:1082F00001D2FFE7F6E704B080BD000000000000F7
:1083000085B0039002910192039890F898008DF83F
:1083100003009DF80300012805D0FFE79DF8030046
:1083200002285DD1FFE7029803990968896D084228
:1083300007D1FFE703980168C86D40F00100C865E8
:1083400015E0029803990968896D084002998842EE
:1083500007D1FFE703980168C86D40F00200C865C7
:1083600004E0039801680320C865FFE7FFE79DF874
:1083700009008007002809D5FFE7019A03980168E2
:10838000D1F8E0001043C1F8E000FFE79DF80900D4
:108390004007002809D5FFE7019A03980168D1F842
:1083A000E4001043C1F8E400FFE7FFE702984FF64E
:1083B000FF71C3F6CF7100EA010203980168486DAE
:1083C00010434865029A4AF61401C4F20001086895
:1083D00040EA92700860FFE700208DF813000AE081
:1083E0000399D1F89C0040F00200C1F89C000120E4
:1083F0008DF81300FFE79DF8130005B070470000EB
:1084000080B586B00490039102920398406808B941
:10841000FFE700E0FFE7049890F89800022845D1B4
:10842000FFE704980068D0F8C00010F07C5F0BD123
:10843000FFE70499D1F89C0040F02000C1F89C00AF
:1084400001208DF817003CE004980068D0F8C400C3
:10845000800200280BD5FFE70499D1F89C0040F476
:108460000070C1F89C0001208DF8170029E00498E5
:108470000068D0F8C400C0F3044001900498039948
:10848000029A019BFBF708FA0199012000FA01F119
:10849000049A1268C2F8D010019988400499C1F872
:1084A0009400FFE700208DF817000AE00499D1F846
:1084B0009C0040F00800C1F89C0001208DF81700D6
:1084C000FFE79DF8170006B080BD00000000000027
:1084D00082B00190009102B07047000000000000DF
:1084E00084B0029001910092019808B9FFE700E082
:1084F000FFE7029890F89800012836D1FFE701982D
:1085000070B9FFE702980068D0F8F00020F07C50C6
:10851000009940EA016002990968C1F8F00020E082
:10852000019801280ED1FFE702980068D0F8A0005A
:1085300020F0FE40009940EA016002990968C1F804
:10854000A0000DE002980068D0F8B00020F0FE40D6
:10855000009940EA016002990968C1F8B000FFE79C
:10856000FFE700208DF80F000AE00299D1F89C0087
:1085700040F00400C1F89C0001208DF80F00FFE7D7
:108580009DF80F0004B0704787B0059004910598DE
:1085900090F898008DF803009DF80300012805D09D
:1085A000FFE79DF8030002286AD1FFE70498C0683E
:1085B000072801D1FFE7FFE70498006878BBFFE7D1
:1085C0000498C068072801D0FFE7FFE70498C06857
:1085D00007280CD1FFE7049A10699169D269000459
:1085E00040EA0220084340F0605003900CE00499F8
:1085F0008868CB680A694969800740EAC36040EA35
:10860000024008430390FFE70598C06E049949684B
:1086100000EB810001900398019908602CE0049818
:10862000C068072801D0FFE7FFE70498C168006928
:1086300040EA417003900498C068072804D1FFE71E
:1086400004988069029006E004988168406940EAD5
:1086500081700290FFE70598006F0499496800EB6C
:10866000C1000190039801990860019804300190BD
:10867000029801990860FFE700208DF81B000AE0CE
:108680000599D1F89C0040F00200C1F89C0001203F
:108690008DF81B00FFE79DF81B0007B07047000036
:1086A00085B0DDF814C00390029101920093039805
:1086B00090F89800012812D1FFE702980001019973
:1086C00040EA8100009940EA410005990843039976
:1086D0000968C1F8800000208DF813000AE00399B2
:1086E000D1F89C0040F00400C1F89C0001208DF8F6
:1086F0001300FFE79DF8130005B07047000000006D
:1087000081B0009001B0704780B582B001900091B7
:10871000019844F2F021C2F2004188420BD1FFE7F8
:108720009DF803008007002804D5FFE7019818F0A2
:10873000CBFDFFE7FFE7019844F29031C2F2004120
:1087400088420BD1FFE79DF803008007002804D57D
:10875000FFE7019818F0B8FDFFE7FFE7019844F242
:108760003041C2F2004188420BD1FFE79DF803007F
:108770008007002804D5FFE7019818F0A5FDFFE762
:10878000FFE702B080BD000083B002900191029823
:108790000068406C0090009800F0070001990860A4
:1087A0000098C0F3022001994860009800F018007A
:1087B000019988600098C0F340100199C860009842
:1087C000C0F38010019908619DF80000C00901996B
:1087D00048610098C0F3C020019988610098C0F3F7
:1087E00000300199C8610098C0F3403001990862D7
:1087F0000098C0F38030019948620098C0F30640A9
:1088000001998862002003B070470000000000005A
:108810008AB008900791069205930020019008986D
:1088200090F898008DF803009DF80300022840F0AE
:108830005C81FFE70798402851D1FFE7089800685E
:10884000D0F8A00010F4FE0F0BD1FFE70899D1F883
:108850009C0040F02000C1F89C0001208DF827000A
:108860004EE108980068D0F8A400400658B9FFE728
:108870000899D1F89C0040F48070C1F89C00012058
:108880008DF827003CE108980068D0F8A40000F0BB
:1088900080710120B0EB116F0DD1FFE708980068DF
:1088A000D0F8A0100120B0EBD17F03D1FFE7012069
:1088B0000190FFE7FFE708980068D0F8A40000F4F3
:1088C0007C51019800EB112001900898426C406F98
:1088D0000199514300EB81000490FFE770E0079895
:1088E000412851D1FFE708980068D0F8B00010F493
:1088F000FE0F0BD1FFE70899D1F89C0040F0200053
:10890000C1F89C0001208DF82700F9E00898006864
:10891000D0F8B400400658B9FFE70899D1F89C0098
:1089200040F48070C1F89C0001208DF82700E7E03A
:1089300008980068D0F8B40000F080710120B0EB16
:10894000116F0DD1FFE708980068D0F8B010012032
:10895000B0EBD17F03D1FFE701200190FFE7FFE7F4
:1089600008980068D0F8B40000F47C51019800EB3E
:10897000112001900898C26C806F0199514300EB5F
:1089800081000490FFE71AE007980899096D884272
:108990000BD3FFE70899D1F89C0040F02000C1F804
:1089A0009C0001208DF82700AAE00898426DC06F56
:1089B0000799514300EB81000490FFE7FFE7FFE7D1
:1089C0000498006800F08040069948600698406866
:1089D00038B9FFE704980068C0F38A400699086038
:1089E00006E00498006820F0604006990860FFE700
:1089F0000498006800F000500699886004980068A8
:108A000000F000400699086104980430049004982E
:108A100000880699C86104980068C0F3034006996D
:108A2000C8600498006800F48010069948610498B2
:108A3000006800F400100699886104980068C0F38B
:108A400006600699086204980068C00F069948629B
:108A50000498043004900498039000200290FFE7EB
:108A600002980699CA6845F29861C0F60201895CCD
:108A700088420AD2FFE70398029A805C05998854DD
:108A8000FFE7029801300290EAE70798402806D1F4
:108A9000FFE7019808990968C1F8A80021E0079844
:108AA000412806D1FFE7019808990968C1F8B80084
:108AB00016E007981F2808D8FFE70799012088408B
:108AC00008990968C1F8980009E0079800F01F01AB
:108AD0000120884008990968C1F89C00FFE7FFE77A
:108AE000FFE700208DF827000AE00899D1F89C00E4
:108AF00040F00800C1F89C0001208DF82700FFE736
:108B00009DF827000AB0704781B0009001B070470F
:108B100080B594B013904AF61000C4F200000068CB
:108B2000800712904AF61400C4F2000001681298FF
:108B300000EA8170129013980068006D00F4704094
:108B4000119013980068416D119808401190139886
:108B50000068006D00F00F00109013980068416DE0
:108B600010980840109013980068006D00F0F00015
:108B70000F9013980068416D0F9808400F9013985C
:108B80000068006D00F071500E9013980068416D00
:108B90000E9808400E9013980068006D00F0607009
:108BA0000D9013980068416D0D9808400D90139832
:108BB0000068406D039013980068006D01909DF867
:108BC0000D00C007B8B1FFE79DF80500C00788B1E8
:108BD000FFE7FFE7139801684FF4807008654AF6D5
:108BE0001001C4F2000100200860FFE71398FFF7AE
:108BF0008BFFFFE7FFE79DF80D0000F00401002068
:108C0000B0EB910F28D0FFE79DF8050000F00401BC
:108C10000020B0EB910F1ED0FFE713980068D0F84A
:108C2000DC000B9013980068D0F8E4100B98084013
:108C30000B90FFE7139801684FF4806008654AF6CF
:108C40001001C4F2000100200860FFE713980B999F
:108C500000F072FEFFE7FFE71298B8B1FFE7FFE709
:108C600012984FF6FF71C3F6CF7108401399096847
:108C700008651298800F4AF61001C4F200010860DE
:108C8000FFE713981299FFF723FCFFE71198B8B19B
:108C9000FFE7FFE711984FF6FF71C3F6CF71084069
:108CA0001399096808651198800F4AF61001C4F2FB
:108CB00000010860FFE71398119900F04DFEFFE7EF
:108CC0001098B8B1FFE7FFE710984FF6FF71C3F6B1
:108CD000CF7108401399096808651098800F4AF60B
:108CE0001001C4F200010860FFE71398109900F02A
:108CF00043FDFFE70F98B8B1FFE7FFE70F984FF686
:108D0000FF71C3F6CF7108401399096808650F9881
:108D1000800F4AF61001C4F200010860FFE71398C3
:108D20000F9900F0B1FDFFE79DF80D0000F008017C
:108D30000020B0EBD10F1BD0FFE79DF8050000F03D
:108D400008010020B0EBD10F11D0FFE7FFE7139827
:108D500001684FF4006008654AF61001C4F2000192
:108D600000200860FFE7139800F0FEFDFFE7FFE733
:108D70009DF80D0000F002010020B0EB510F28D04B
:108D8000FFE79DF8050000F002010020B0EB510F55
:108D90001ED0FFE713980068D0F8D8000C90139805
:108DA0000068D0F8E0100C9808400C90FFE713988A
:108DB00001684FF4007008654AF61001C4F2000122
:108DC00000200860FFE713980C9900F0BDFDFFE755
:108DD000FFE79DF80E0000F008010020B0EBD10F76
:108DE0001BD0FFE79DF8060000F008010020B0EB63
:108DF000D10F11D0FFE7FFE7139801684FF400206F
:108E000008654AF61001C4F2000100200860FFE77F
:108E1000139800F0ADFCFFE7FFE79DF80E00C007D8
:108E2000B8B1FFE79DF80600C00788B1FFE7FFE78C
:108E3000139801684FF4803008654AF61001C4F2B7
:108E4000000100200860FFE7139800F071FDFFE7C4
:108E5000FFE79DF80E0000F004010020B0EB910F39
:108E60001BD0FFE79DF8060000F004010020B0EBE6
:108E7000910F11D0FFE7FFE7139801684FF48020AE
:108E800008654AF61001C4F2000100200860FFE7FF
:108E9000139800F049FDFFE7FFE79DF80E0000F092
:108EA00002010020B0EB510F1FD0FFE79DF8060034
:108EB00000F002010020B0EB510F15D0FFE7FFE7F3
:108EC000139801684FF4003008654AF61001C4F2A7
:108ED000000100200860FFE71399D1F89C0040F0E2
:108EE0008000C1F89C00FFE7FFE70D98B8B1FFE7ED
:108EF000FFE70D984FF6FF71C3F6CF710840139945
:108F0000096808650D98800F4AF61001C4F2000147
:108F10000860FFE713980D99FFF7F6FBFFE70E983F
:108F2000D0B1FFE7FFE70E984FF6FF71C3F6CF71A0
:108F300008401399096808650E98800F4AF61001D9
:108F4000C4F200010860FFE70E9A1399D1F89C0063
:108F50001043C1F89C00FFE7139800684AF2000133
:108F6000C4F20001884240F0B980FFE713984068DE
:108F700080688007002800F0B080FFE71398406801
:108F8000006A00F00F000A9013984068416A0A983E
:108F900008400A9013984068006A00F03000099079
:108FA00013984068416A09980840099013984068EE
:108FB000006A00F4C070089013984068416A0898ED
:108FC0000840089013984068006A00F4FC4007903D
:108FD00013984068416A07980840079013984068C2
:108FE000006A00F4F020069013984068416A0698E1
:108FF0000840069013984068406A029013984068B1
:10900000006A00900A9848B1FFE70A9813994968E6
:10901000086213980A9900F06FFCFFE7099848B1BD
:10902000FFE709981399496808621398099900F0B5
:1090300073FCFFE79DF8080000F040010020B0EB52
:10904000911F1FD0FFE79DF8000000F040010020B5
:10905000B0EB911F15D0FFE713984068C06B000C70
:10906000059013984068C06B00F03F00049013987F
:1090700041684020086213980599049A00F044FC66
:10908000FFE7FFE7089848B1FFE708981399496898
:1090900008621398089900F027FCFFE7079860B171
:1090A000FFE70798139949680862079A1399D1F85E
:1090B0009C001043C1F89C00FFE7069860B1FFE7F1
:1090C0000698139949680862069A1399D1F89C008A
:1090D0001043C1F89C00FFE7FFE7FFE71398D0F8C3
:1090E0009C0020B1FFE71398FFF70AFBFFE714B0DD
:1090F00080BD00000000000080B598B0169045F2D9
:109100008031C0F6020101A84C22F7F7BCFA16988C
:1091100020B9FFE701208DF85F00D9E116980068BB
:109120004AF20001C4F20001884206D1FFE7169915
:10913000086800F580704860FFE716988068B0F511
:10914000407F01D1FFE7FFE71698006C08B1FFE709
:10915000FFE71698806C08B1FFE7FFE71698006DEF
:1091600008B1FFE7FFE71698006E08B1FFE7FFE7D9
:109170001699C86D096E084408B1FFE7FFE7169815
:1091800090F8980040B9FFE71699002081F89900FF
:10919000169800F0A1F9FFE716980168886920F099
:1091A0001000886100F0D0FD1590FFE71698006868
:1091B00080690007002817D5FFE700F0C5FD159965
:1091C000401A0B280FD3FFE71699D1F89C0040F006
:1091D0000100C1F89C001699032081F89800012035
:1091E0008DF85F0074E1E1E716980168886940F046
:1091F0000100886100F0A8FD1590FFE7169800684F
:109200008069C007B8B9FFE700F09EFD1599401AC4
:109210000B280FD3FFE71699D1F89C0040F001000E
:10922000C1F89C001699032081F8980001208DF860
:109230005F004DE1E2E716980168886940F002009E
:1092400088611698007C012807D1FFE7169801680D
:10925000886920F04000886106E0169801688869F6
:1092600040F040008861FFE71698407C012807D154
:10927000FFE716980168886940F48040886106E03D
:1092800016980168886920F480408861FFE7169885
:10929000807C012807D1FFE716980168886920F4CF
:1092A0008050886106E016980168886940F4805013
:1092B0008861FFE716980068806920F44070169A6C
:1092C000116892681043886116980168886920F0D7
:1092D000A400886116980168086920F010000861F0
:1092E0001698C068012807D1FFE7169801688869B9
:1092F00040F0040088612BE01698C06830B3FFE7A7
:109300001698C068022819D0FFE716980168886986
:1093100040F08000886116980168086940F01000EC
:1093200008611698C068032807D1FFE716980168FE
:10933000886940F020008861FFE706E01698016820
:10934000886940F020008861FFE700E0FFE7FFE761
:10935000169A116853699069D2F81CE0A0F1010CCB
:109360006FF0FF0000EB0E2040EA4C60126A013AF9
:1093700010430022CFF6FF7202EB03421043C86194
:1093800016988068B0F5407F1CD1FFE7169A1168E7
:10939000536A906AD2F82CE001386FF0FF0C0CEBA6
:1093A0000E2C40EA0C00D2F830C06FF00F0202EB36
:1093B0000C1210430022CFF6FF7202EB034210435F
:1093C000C860FFE71698006E48B1FFE7169801687D
:1093D000426ED1F8C0001043C1F8C000FFE71699F3
:1093E000C86D096E084480B1FFE716980068D0F890
:1093F000C80020F00700169A1168936E01AA52F86F
:1094000023201043C1F8C800FFE71698006C80B114
:10941000FFE716980068D0F8BC0020F00700169A05
:109420001168536C01AA52F823201043C1F8BC0004
:10943000FFE71698806C88B1FFE716980068D0F8AF
:10944000BC0020F07000169A1168D36C01AA52F883
:10945000232040EA0210C1F8BC00FFE71698006D17
:1094600088B1FFE716980068D0F8BC0020F4E060EF
:10947000169A1168536D01AA52F8232040EA02207F
:10948000C1F8BC00FFE7169800684AF20001C4F278
:109490000001884207D1FFE716984168886820F0EC
:1094A00003008860FFE716990020C1F89400169920
:1094B000C1F89C001699012081F898001698FAF7D7
:1094C00087F88DF853009DF853008DF85F00FFE793
:1094D0009DF85F0018B080BD80B5C6B045900020F3
:1094E0004490439042904190409012A8B821F7F7E1
:1094F00026F9459800684AF20001C4F2000188424A
:109500005FD1FFE7002013904FF4004012904FF01E
:1095100080502D9012A802F057FA18B1FFE7FAF721
:109520000BF8FFE740F21030C2F200400168013151
:1095300001600068012810D1FFE7FFE744F2EC402A
:10954000C5F60200016841F480710160006800F412
:10955000807011901198FFE7FFE7FFE744F2E040C9
:10956000C5F60200016841F008010160006800F0E2
:10957000080010901098FFE70320409002204190CF
:1095800000200A90429043900920449040F6004009
:10959000C5F6020040A900F0EBF90A9A13200890E2
:1095A0000521099100F028FD089800F019FD09999E
:1095B0000A9A15200B9000F01FFD0B9800F010FD8B
:1095C000D2E0459800684AF20041C4F200018842A6
:1095D0005FD1FFE7002013904FF4004012904FF04E
:1095E00080502D9012A802F0EFF918B1FFE7F9F7BB
:1095F000A3FFFFE740F21030C2F2004001680131E2
:1096000001600068012810D1FFE7FFE744F2EC4059
:10961000C5F60200016841F480710160006800F441
:1096200080700F900F98FFE7FFE7FFE744F2E040FC
:10963000C5F60200016841F002010160006800F017
:1096400002000E900E98FFE76020409002204190AB
:1096500000200690429043900920449040F2004040
:10966000C5F6020040A900F083F9069A1420049080
:109670000521059100F0C0FC049800F0B1FC0599AB
:10968000069A1620079000F0B7FC079800F0A8FC97
:1096900069E0459800684DF20041C4F2000188423B
:1096A00060D1FFE7002013904FF4004012904FF07C
:1096B00080502D9012A802F087F918B1FFE7F9F752
:1096C0003BFFFFE740F21030C2F200400168013179
:1096D00001600068012810D1FFE7FFE744F2EC4089
:1096E000C5F60200016841F480710160006800F471
:1096F00080700D900D98FFE7FFE7FFE744F2E04030
:10970000C5F60200016841F008010160006800F040
:1097100008000C900C98FFE74FF440504090022056
:109720004190002002904290439005200190449087
:1097300040F60040C5F6020040A900F019F9019971
:10974000029A9F20009000F057FC009800F048FC1F
:109750000199029AA020039000F04EFC039800F0BB
:109760003FFCFFE7FFE7FFE746B080BD00000000D9
:1097700081B0009001B0704780B590B00F900E910D
:109780000F9844F2F021C2F20041884222D1FFE753
:109790000F98402103AA01ABFFF73AF88DF8370084
:1097A0009DF8370028B9FFE703A801A9F7F764FD82
:1097B00007E042F2AA51C2F20041488901304881D3
:1097C000FFE744F2F020C2F2004001210022FEF740
:1097D00097FD55E00F9844F29031C2F20041884263
:1097E00022D1FFE70F98402103AA01ABFFF710F841
:1097F0008DF837009DF8370028B9FFE703A801A9C5
:10980000F7F7AEFD07E042F2AA51C2F200418889A3
:1098100001308881FFE744F29030C2F2004001211C
:109820000022FEF76DFD2AE00F9844F23041C2F2AB
:109830000041884222D1FFE70F98402103AA01ABE3
:10984000FEF7E6FF8DF837009DF8370028B9FFE7EF
:1098500003A801A9F7F7ECFD07E042F2AA51C2F212
:109860000041C8890130C881FFE744F23040C2F2AC
:10987000004001210022FEF743FDFFE7FFE7FFE77D
:1098800010B080BD0000000082B00190009102B0D5
:10989000704700000000000082B00090009890F82F
:1098A0009800012811D1FFE70099022081F8980063
:1098B00000980168886920F0010088610099002003
:1098C000C1F89C008DF807000AE00099D1F89C00CF
:1098D00040F00400C1F89C0001208DF80700FFE76C
:1098E0009DF8070002B0704782B00190009102B06D
:1098F000704700000000000082B00190009102B0AB
:10990000704700000000000083B0029001910092B7
:1099100003B070470000000082B00190009102B0D7
:10992000704700000000000081B0009001B0704757
:1099300081B0009001B0704782B00190009102B0F8
:10994000704700000000000082B00190009102B05A
:10995000704700000000000082B00190009102B04A
:10996000704700000000000081B0009001B0704717
:109970008FB00E900D9100200C908020C5F6000055
:109980000990FFE70D9800680C99C840002800F086
:10999000C181FFE70D9800680C9A012191400840B1
:1099A0000B900B98002800F0B181FFE70D984068FC
:1099B00000F00300012807D0FFE70D98406800F091
:1099C000030002282FD1FFE70E9880680A900C98B8
:1099D0004100032000FA01F10A9888430A900D988B
:1099E000C0680C99490000FA01F10A9808430A90EE
:1099F0000A980E9988600E9840680A900C99012088
:109A000000FA01F10A9888430A900D984068C0F363
:109A100000100C9900FA01F10A9808430A900A987C
:109A20000E994860FFE70D98406800F00300032896
:109A300018D0FFE70E98C0680A900C9841000320E8
:109A400000FA01F10A9888430A900D9880680C99F1
:109A5000490000FA01F10A9808430A900A980E9901
:109A6000C860FFE70D98406800F00300022826D187
:109A7000FFE70E980C996FF0030202EA51010844C7
:109A8000006A0A900C9800F0070081000F2000FA8D
:109A900001F10A9888430A900D9800690C9901F029
:109AA0000701890000FA01F10A9808430A900A9810
:109AB0000E990C9B02EA530211440862FFE70E98CC
:109AC00000680A900C984100032000FA01F10A98FE
:109AD00088430A900D98406800F003000C994900F3
:109AE00000FA01F10A9808430A900A980E99086052
:109AF0000D9880798007002800F00781FFE7FFE7D5
:109B000044F2F440C5F60200016841F00201016030
:109B1000006800F0020008900898FFE70C9820F019
:109B2000030040F20841C5F6000140580A900C9825
:109B300000F0030081000F2000FA01F10A98884329
:109B40000A900E980021C5F60201884203D1FFE772
:109B5000002007906CE00E9840F20041C5F602012B
:109B6000884203D1FFE7012006905EE00E9840F6A0
:109B70000001C5F60201884203D1FFE702200590EB
:109B800050E00E9840F60041C5F60201884203D12C
:109B9000FFE70320049042E00E9841F20001C5F671
:109BA0000201884203D1FFE70420039034E00E98BD
:109BB00041F20041C5F60201884203D1FFE70520CA
:109BC000029026E00E9841F60001C5F60201884297
:109BD00003D1FFE70620019018E00E9841F60041FE
:109BE000C5F60201884203D1FFE7072000900AE092
:109BF0000E9942F20042C5F602020A20914208BFC5
:109C000009200090FFE700980190FFE7019802907B
:109C1000FFE702980390FFE703980490FFE704989A
:109C20000590FFE705980690FFE706980790FFE785
:109C300007980C9901F00301890000FA01F10A98D4
:109C400008430A900A980C9921F0030140F2084257
:109C5000C5F6000288504FF0B04000680A900B999A
:109C60000A9888430A900D988079C006002805D587
:109C7000FFE70B990A9808430A90FFE70A984FF00C
:109C8000B04108600420C5F6000000680A900B99F6
:109C90000A9888430A900D9880798006002805D597
:109CA000FFE70B990A9808430A90FFE70A980421F6
:109CB000C5F600010860099840680A900B990A9857
:109CC00088430A900D9880798007002805D5FFE722
:109CD0000B990A9808430A90FFE70A980999486087
:109CE000099800680A900B990A9888430A900D9881
:109CF0008079C00728B1FFE70B990A9808430A90BA
:109D0000FFE70A9809990860FFE7FFE70C98013020
:109D10000C9037E60FB0704782B00190ADF802109A
:109D20008DF801209DF8010028B1FFE7BDF8020081
:109D30000199886105E0BDF802000004019988617D
:109D4000FFE702B0704700004FF2A040C2F20140AE
:109D5000006870470000000040F23F20C2F200405F
:109D600002784FF2A041C2F2014108681044086035
:109D7000704700000000000080B582B0032000F0B2
:109D800053F903F0FDF844F21842C5F602021168D7
:109D9000C1F3032345F28861C0F60201CB5C03F0F6
:109DA0001F03D84000900098126802F00F02895CEF
:109DB00001F01F01C84040F26C11C2F2004108607E
:109DC000009840F26811C2F2004108600F2000F0D4
:109DD00013F820B1FFE701208DF8070005E000F03F
:109DE000E3F800208DF80700FFE79DF8070002B0B8
:109DF00080BD00000000000080B590B00E900E986D
:109E00000F2810D8FFE70E991C200090002200F0C8
:109E1000F3F8009800F0E4F80E9840F24021C2F206
:109E20000041086003E001208DF83F004CE0FFE7AF
:109E300044F2E840C5F60200016841F0010101600A
:109E4000006800F0010001900198FFE706A802A950
:109E500002F0FEFF0B980490049820B9FFE703F08E
:109E600067F8059004E003F063F840000590FFE711
:109E700005984DF68361C4F21B31A0FB01014FF040
:109E8000FF3000EB9140039044F68820C2F200407E
:109E90004FF08041016040F2E731C16003994160B9
:109EA00000210161816004F0C3FF48B9FFE744F677
:109EB0008820C2F2004005F05BF88DF83F0003E017
:109EC00001208DF83F00FFE79DF83F0010B080BDF6
:109ED00010B581B00090009840784EF69851CEF2BF
:109EE000000108604EF6A051CEF20001086820F093
:109EF00001000860009840684EF69C52CEF20002C5
:109F00001060DDF800E09EF80C0000079EF80B20C2
:109F100040EA02609EF800209EF808309EF809C0D2
:109F20009EF80A4040EAC4409EF80D4040EA844052
:109F30009EF80E4040EA44409EF80FE040EA0E4092
:109F400040EA0C2040EA43001043086001B010BD15
:109F5000BFF35F8F4EF62451CEF20001086820F463
:109F6000803008604EF69451CEF200010020086067
:109F7000704700000000000081B00090009840F0A1
:109F800001004EF69451CEF2000108604EF62451C5
:109F9000CEF20001086840F480300860BFF34F8FB4
:109FA000BFF36F8F01B0704780B582B0FFE744F216
:109FB000F440C5F60200016841F00201016000684A
:109FC00000F0020001900198FFE76FF001000F21FF
:109FD000002200F011F802B080BD00000000000077
:109FE00080B582B0ADF80600BDF9060016F028FB7A
:109FF00002B080BD0000000080B586B0ADF816004C
:10A000000491039216F034FB0290BDF91600019002
:10A0100002980499039A0AF06BFE0146019816F023
:10A020002FFB06B080BD000080B582B00190019882
:10A0300016F04AFB02B080BD16F066FB000000007F
:10A0400082B0019001980068009001990120C1F848
:10A05000D8040199002081F8CC04009A916941F05C
:10A0600000619161009A516D0323C1F2000319430D
:10A07000516502B07047000082B001908DF8031066
:10A0800002B070470000000082B00190ADF80210ED
:10A09000BDF80200019909684862002002B07047CB
:10A0A00084B003908DF80B10ADF808200398006879
:10A0B000406A00909DF80B0048B9FFE7BDF8081012
:10A0C000009840EA014003990968886233E00398E8
:10A0D0000068816A009800EB1140009000208DF824
:10A0E0000700FFE79DF807009DF80B100139884233
:10A0F00013D2FFE7039800689DF8071000EB81007A
:10A10000D0F80411009800EB11400090FFE79DF893
:10A11000070001308DF80700E4E7BDF8081000984B
:10A1200040EA0140039909689DF80B2001EB820188
:10A13000C1F80001FFE7002004B0704700000000F4
:10A1400080B582B001900198D0F8E00412F07CFF55
:10A1500002B080BD0000000080B582B001908DF893
:10A160000310019AD2F8E0049DF8031001EBC1033B
:10A1700002EB8302126A12F0C3FD02B080BD000040
:10A1800080B582B001908DF80310019AD2F8E004F6
:10A190009DF8031001EBC10302EB8302D2F86022A9
:10A1A00012F076FE02B080BD80B582B001900198B9
:10A1B000D0F8E00412F050FF02B080BD00000000B3
:10A1C00080B584B003908DF80B109DF80B0000064D
:10A1D00000280CD5FFE703989DF80B1001F00F0144
:10A1E00001EBC10100EB8100143001900CE00398F9
:10A1F0009DF80B1001F00F0101EBC10100EB810094
:10A2000000F515700190FFE703980068019914F0BC
:10A21000D7FC8DF80A009DF80A0004B080BD00004C
:10A2200080B584B002908DF807109DF807000006F5
:10A2300000280FD5FFE702989DF8071001F00F01E5
:10A2400001EBC10100EB8100143000900099012066
:10A2500048700FE002989DF8071001F00F0101EB24
:10A26000C10100EB810000F51570009000990020FD
:10A270004870FFE79DF8070000F00F000099087094
:10A28000FFE7029890F89404012804D1FFE7022028
:10A290008DF80F0014E00299012081F89404FFE783
:10A2A000FFE702980068009913F07AFFFFE7029930
:10A2B000002081F89404FFE700208DF80F00FFE7ED
:10A2C0009DF80F0004B080BD80B584B002908DF879
:10A2D00007109DF8070000F00F00029909798842E5
:10A2E00004D9FFE701208DF80F004DE09DF807002D
:10A2F000000600280FD5FFE702989DF8071001F02F
:10A300000F0101EBC10100EB8100143000900099B6
:10A31000012048700FE002989DF8071001F00F012E
:10A3200001EBC10100EB810000F515700090009970
:10A3300000204870FFE70099002088709DF8070012
:10A3400000F00F0000990870FFE7029890F894045D
:10A35000012804D1FFE702208DF80F0014E00299D4
:10A36000012081F89404FFE7FFE702980068009954
:10A3700014F086F9FFE70299002081F89404FFE7C2
:10A3800000208DF80F00FFE79DF80F0004B080BD9E
:10A3900082B001908DF8031001989DF8031001F030
:10A3A0000F0101EBC10100EB8100D0F8680202B09F
:10A3B000704700000000000080B586B004908DF862
:10A3C0000F10ADF80C208DF80B3000208DF80A002E
:10A3D0009DF80F00000600280FD5FFE704989DF8B0
:10A3E0000F1001F00F0101EBC10100EB81001430EF
:10A3F00001900199012048700FE004989DF80F101A
:10A4000001F00F0101EBC10100EB810000F51570B7
:10A410000190019900204870FFE79DF80F0000F0BF
:10A420000F0001990870BDF80C006FF3DF2001994F
:10A4300088609DF80B00019908710198407820B15F
:10A44000FFE7019908784883FFE79DF80B00022891
:10A4500004D1FFE7019900204871FFE7FFE7049866
:10A4600090F89404012804D1FFE702208DF817002A
:10A4700015E00499012081F89404FFE7FFE70498B0
:10A480000068019913F050FDFFE70499002081F85E
:10A490009404FFE79DF80A008DF81700FFE79DF888
:10A4A000170006B080BD000080B586B005908DF81D
:10A4B00013100392029305989DF8131001F00F01F9
:10A4C00001EBC10100EB810000F5157001900398CC
:10A4D0000199C860029801990861019900204861BA
:10A4E000019948709DF8130000F00F000199087061
:10A4F00005988079012804D1FFE703980199C86184
:10A50000FFE7059A10680199927914F05DF900202F
:10A5100006B080BD0000000080B584B002908DF8C8
:10A5200007109DF8070000F00F0002990979884292
:10A5300004D9FFE701208DF80F0058E09DF80700CF
:10A54000000600280FD5FFE702989DF8071001F0DC
:10A550000F0101EBC10100EB810014300090009964
:10A56000012048700DE002989DF8071001EBC10131
:10A5700000EB810000F515700090009900204870F4
:10A58000FFE70099012088709DF8070000F00F0098
:10A5900000990870FFE7029890F89404012804D10C
:10A5A000FFE702208DF80F0021E00299012081F8D9
:10A5B0009404FFE7FFE702980068009914F0B0F8F0
:10A5C0009DF80700000740B9FFE7029A10689179EB
:10A5D00002F29C4214F004F8FFE7FFE70299002022
:10A5E00081F89404FFE700208DF80F00FFE79DF845
:10A5F0000F0004B080BD000080B586B005908DF8D6
:10A6000013100392029305989DF8131001F00F01A7
:10A6100001EBC10100EB8100143001900398019916
:10A62000C860029801990861019900204861019968
:10A63000012048709DF8130000F00F000199087088
:10A6400005988079012804D1FFE703980199C86132
:10A65000FFE7059A10680199927914F0B5F8002087
:10A6600006B080BD0000000080B58CB00B900B9848
:10A6700000680A900A9809900B98006814F0E0FBB3
:10A68000002840F03484FFE70B98006814F048FC81
:10A6900010B9FFE700F02BBC0998D0F80808C0F308
:10A6A0000D200B99C1F8D4040B98006814F038FC05
:10A6B0008007002807D5FFE70B980168486900F07C
:10A6C00002004861FFE70B98006814F029FCC006FF
:10A6D000002862D5FFE70B980168886920F0100018
:10A6E00088610A98006A02900B98029901F00F01A4
:10A6F00001EBC10100EB810000F515700890029894
:10A7000000F4F0110220B0EB514F23D1FFE7BDF868
:10A71000080047F6F07108421BD0FFE70A98089935
:10A72000C968029AC2F30A1214F00AFC029847F6AA
:10A73000F07100EA0103089AD06800EB1310D060B2
:10A74000029800EA01020899486900EB121048617A
:10A75000FFE71BE0029800F4F0110620B0EB514F28
:10A7600012D1FFE70A980B9901F29C41082214F0DC
:10A77000E7FB029847F6F07100EA01020899486980
:10A7800000EB1210486100E0FFE7FFE70B9801685B
:10A79000886940F010008861FFE70B98006814F0AA
:10A7A000BFFB0003002840F1A680FFE700200490D3
:10A7B0000B98006814F060FB0690FFE706980028ED
:10A7C00000F09880FFE79DF81800C007002800F00F
:10A7D0008A80FFE70B9800689DF8101014F088FB42
:10A7E00005909DF81400C00760B1FFE7099804992F
:10A7F00000EB41110120C1F8080B0B9804990AF0F5
:10A80000B7FEFFE79DF81400000700280CD5FFE70E
:10A810000998049900EB41110820C1F8080B0B9826
:10A8200004990AF05DFEFFE79DF81400C0060028B9
:10A8300008D5FFE70998049900EB41111020C1F8F1
:10A84000080BFFE79DF81400800700282DD5FFE7CF
:10A850000A9840690006002808D5FFE70999D1F851
:10A86000040840F48060C1F80408FFE70B980499DD
:10A8700001EBC10100EB810000F51570089008980C
:10A88000C078012809D1FFE708990020C8700B980B
:10A890009DF8101000F040FBFFE70998049900EBC9
:10A8A00041110220C1F8080BFFE79DF81400800653
:10A8B000002808D5FFE70998049900EB41112020F2
:10A8C000C1F8080BFFE79DF815008006002809D5A0
:10A8D000FFE70998049900EB41114FF40050C1F8CB
:10A8E000080BFFE7FFE70498013004900698400842
:10A8F000069063E7FFE70B98006814F011FB400334
:10A90000002840F1C680FFE70B98006814F0A0FA19
:10A91000069000200490FFE70698002800F0B88019
:10A92000FFE79DF81800C007002800F0AA80FFE7A5
:10A930000B9800689DF8101014F0B2FA05909DF87D
:10A940001400C00700283ED0FFE7049800F00F0174
:10A95000012000FA01F10391039B099AD2F83418FF
:10A960009943C2F834180999049A01EB4211C1F8CD
:10A9700008090B98807901281FD1FFE70B980499EB
:10A9800001EBC10100EB8101CA69086A1044086249
:10A99000049888B9FFE70B98049901EBC10100EB1B
:10A9A0008100406A40B9FFE70B99086801F29C42B8
:10A9B000012113F015FEFFE7FFE70B989DF810103B
:10A9C000FFF7CAFBFFE79DF814000007002808D531
:10A9D000FFE70998049900EB41110820C1F8080924
:10A9E000FFE79DF81400C006002808D5FFE7099886
:10A9F000049900EB41111020C1F80809FFE79DF808
:10AA000014004006002808D5FFE70998049900EBD8
:10AA100041114020C1F80809FFE79DF814008007A4
:10AA2000002822D5FFE70A98049914F0A1F90B98A1
:10AA3000049901EBC10100EB8100143008900898E3
:10AA4000C078012809D1FFE708990020C8700B9849
:10AA50009DF8101000F050FAFFE70998049900EBF8
:10AA600041110220C1F80809FFE79DF81400000613
:10AA7000002805D5FFE70B9804990AF05DFEFFE773
:10AA8000FFE704980130049006984008069043E7D9
:10AA9000FFE70B98006814F043FAC00F00B3FFE71C
:10AAA0000999D1F8040820F00100C1F804080B98B6
:10AAB00090F8CC04012808D1FFE70B98002180F81A
:10AAC000CC140B98FFF7D8FA03E00B9800F0BCFB0E
:10AAD000FFE70B980168486900F000404861FFE714
:10AAE0000B98006814F01CFA0005002811D5FFE748
:10AAF0000998D0F80808C00720B1FFE70B9800F0CC
:10AB000037FCFFE70B980168486900F40060486172
:10AB1000FFE70B98006814F003FA0001002820D525
:10AB2000FFE70B980168486900F0006048610B98E6
:10AB300090F8CC0480B9FFE70B98012180F8CC1481
:10AB40000B980068406DC0F383000B9AC2F8D004E4
:10AB50000B98FFF791FA03E00B9800F009FCFFE770
:10AB6000FFE70B98006814F0DBF9C004002840F1FF
:10AB70008680FFE70999D1F8040820F00100C1F8A8
:10AB800004080B980068102114F0F2F800200790D8
:10AB9000FFE707980B990979884231D2FFE70998B6
:10ABA000079900EB41114FF67F30C1F80809099968
:10ABB000079A01EB4212D2F8001921F40011C2F8F1
:10ABC00000190999079A01EB4211C1F8080B09987D
:10ABD000079900EB4111D1F8000B20F40010C1F8E7
:10ABE000000B0998079900EB4111D1F8000B40F0D8
:10ABF0000060C1F8000BFFE7079801300790C8E735
:10AC00000999D1F81C0840F00110C1F81C080B98F4
:10AC1000C07B78B1FFE70999D1F8840840F00B00B8
:10AC2000C1F884080999D1F8440840F00B00C1F834
:10AC300044080FE00999D1F8140842F22B0210439E
:10AC4000C1F814080999D1F8100840F00B00C1F8B8
:10AC50001008FFE70999D1F8000820F4FE60C1F858
:10AC600000080B9A1068917902F29C4213F0B8FC2C
:10AC70000B980168486900F480504861FFE70B9821
:10AC8000006814F04DF9800400281FD5FFE70B98E9
:10AC9000006813F0B9F90B98006814F0A9F80B9943
:10ACA000C8710B980068019002F016F901460198EE
:10ACB0000B9AD27914F040FA0B9800F099FA0B989D
:10ACC0000168486900F400504861FFE70B9800688C
:10ACD00014F026F9000700280AD5FFE70B9800F0CA
:10ACE000BFFA0B980168486900F008004861FFE767
:10ACF0000B98006814F014F90006002825D5FFE72A
:10AD00000A99886920F08000886101200490FFE79B
:10AD100004980B990979884216D2FFE70B98049999
:10AD200001EBC10100EB810090F85702012806D128
:10AD3000FFE70B989DF81010FFF742FAFFE7FFE7D7
:10AD4000049801300490E3E7FFE70B98006814F0E3
:10AD5000E7F8C00200283CD5FFE701200490FFE798
:10AD600004980B99097988422CD2FFE70998049935
:10AD700000EB4110D0F8000902900B98049901EB08
:10AD8000C10100EB8100007E012816D1FFE79DF88C
:10AD90000B000006002810D5FFE70B98049901EB83
:10ADA000C10100EB81010120C8750B989DF81010BE
:10ADB00041F08001FFF704FAFFE7FFE70498013054
:10ADC0000490CDE70B980168486900F48010486151
:10ADD000FFE70B98006814F0A3F88002002856D50E
:10ADE000FFE701200490FFE704980B990979884256
:10ADF00046D2FFE70998049900EB4110D0F8000B08
:10AE000002900B98049901EBC10100EB810090F8CE
:10AE1000580201282FD1FFE79DF80B0000060028FB
:10AE200029D5FFE7029800F480310B98D0F8D404BC
:10AE300000F00100B0EB114F1DD1FFE70B98049912
:10AE400001EBC10100EB8101012081F857020A9951
:10AE5000886940F0800088610A98406900060028EF
:10AE600008D4FFE70999D1F8040840F40070C1F84C
:10AE7000040805E0FFE7FFE7049801300490B3E71A
:10AE80000B980168486900F400104861FFE70B98CF
:10AE9000006814F045F8400000280AD5FFE70B9839
:10AEA000FFF74EF90B980168486900F0804048614F
:10AEB000FFE70B98006814F033F84007002815D519
:10AEC000FFE70B980068406802909DF80800400773
:10AED000002804D5FFE70B98FFF766F9FFE7029A11
:10AEE0000B980168486810434860FFE7FFE70CB023
:10AEF00080BD00000000000080B582B001908DF898
:10AF000003100198D0F8E0049DF8031012F048F9FE
:10AF100002B080BD0000000080B582B001908DF8C5
:10AF200003100198D0F8E0049DF8031012F070F9B6
:10AF300002B080BD0000000080B58CB00A900A9875
:10AF400020B9FFE701208DF82F000EE10A9890F854
:10AF5000950440B9FFE70A99002081F894040A9803
:10AF600000F00AF9FFE70A99032081F895040A988E
:10AF7000006813F029FB0A9B1868197C8DF82010D3
:10AF800059689A68DB680793069205910599069AB5
:10AF9000079BDDF820C0EE46CEF800C013F04CF859
:10AFA00040B1FFE70A99022081F8950401208DF84D
:10AFB0002F00DAE00A980068002114F01DF840B173
:10AFC000FFE70A99022081F8950401208DF82F00EF
:10AFD000CBE000208DF82700FFE79DF827000A99B5
:10AFE0000979884241DAFFE70A989DF8271001EBBA
:10AFF000C10100EB8101012048759DF827000A99E5
:10B0000000EBC00201EB820108759DF827000A9948
:10B0100000EBC00201EB8201C8850A989DF8271059
:10B0200001EBC10100EB8101002008760A999DF82F
:10B03000272002EBC20201EB8201C8610A999DF848
:10B04000272002EBC20201EB820108620A999DF8F7
:10B05000272002EBC20201EB82014862FFE79DF864
:10B06000270001308DF82700B7E700208DF8270072
:10B07000FFE79DF827000A99097988423EDAFFE741
:10B080000A989DF8271001EBC10100EB8101002017
:10B0900081F855029DF827100A9A01EBC10302EBD3
:10B0A000830282F854120A999DF8272002EBC2020B
:10B0B00001EB820181F858020A999DF8272002EBE2
:10B0C000C20201EB8201C1F85C020A999DF82720B7
:10B0D00002EBC20201EB8201C1F860020A999DF8FD
:10B0E000272002EBC20201EB8201C1F86402FFE7F4
:10B0F0009DF8270001308DF82700BAE70A9B1868F1
:10B10000197C8DF8101059689A68DB6803930292D5
:10B1100001910199029A039BDDF810C0EE46CEF82A
:10B1200000C013F009F940B1FFE70A99022081F845
:10B13000950401208DF82F0017E00A99002048742B
:10B140000A99012081F895040A98007B012804D10E
:10B15000FFE70A98FEF774FFFFE70A98006813F00C
:10B16000D3F800208DF82F00FFE79DF82F000CB0DA
:10B1700080BD00000000000080B5B2B0319002A890
:10B18000B821F5F7DCFA319800680021C4F2040117
:10B1900088422BD1FFE7002003904FF480200290DB
:10B1A0004FF44010239002A800F00EFC18B1FFE706
:10B1B000F8F7C2F9FFE700F04FF9FFE744F2D84093
:10B1C000C5F60200016841F000710160006800F0FE
:10B1D000007001900198FFE74D20009005210022AA
:10B1E000FEF70AFF0098FEF7FBFEFFE732B080BDD6
:10B1F00080B582B0019001208DF803000198C079DC
:10B2000020B9FFE700208DF803000CE00198C07919
:10B21000022804D1FFE701208DF8030002E0F8F7CF
:10B220008BF9FFE7FFE70198D0F8E0049DF80310E1
:10B2300012F0F6F80198D0F8E00412F06DF802B0C0
:10B2400080BD00000000000080B582B00190019830
:10B25000D0F8E00412F0B0F802B080BD00000000A9
:10B2600080B582B001900198D0F8E00412F0B8F8EF
:10B2700002B080BD0000000080B584B002908DF85F
:10B280000710FFE7029890F89404012804D1FFE723
:10B2900002208DF80F0019E00299012081F8940432
:10B2A000FFE7FFE79DF807000299487402980068DD
:10B2B0009DF8071013F010FFFFE70299002081F8B6
:10B2C0009404FFE700208DF80F00FFE79DF80F00C2
:10B2D00004B080BD0000000080B582B001900199EB
:10B2E000D1F8E00401F29C4112F0C6F802B080BD32
:10B2F00080B584B00290029800680190FFE7029840
:10B3000090F89404012804D1FFE702208DF80F0083
:10B3100028E00299012081F89404FFE7FFE70198F3
:10B32000C068400600280BD5FFE70298407B012843
:10B3300006D1FFE70199886B40F480308863FFE70E
:10B340000298006813F0CCFC0298006812F0C4FF69
:10B35000FFE70299002081F89404FFE700208DF8B0
:10B360000F00FFE79DF80F0004B080BD0000000053
:10B3700080B582B001900198D0F8E00412F004F991
:10B3800001980168D1F8000E40F00100C1F8000EEC
:10B390000198C07A48B1FFE74EF61051CEF2000195
:10B3A000086840F006000860FFE702B080BD0000BA
:10B3B00080B584B0029044F60C00C5F60200006827
:10B3C00000F004010020B0EB910F13D1FFE744F629
:10B3D0000C00C5F60200006800F0070002998842E0
:10B3E00004D0FFE701208DF80F002EE000208DF83B
:10B3F0000F002AE044F60C01C5F60201086820F0AF
:10B400000700029A10430860FEF79EFC0190FFE7D8
:10B4100044F60400C5F60200006800F40051002064
:10B42000B0EB513F0DD1FFE7FEF78EFC0199401ABA
:10B43000B0F57A7F04D9FFE701208DF80F0004E012
:10B44000E6E700208DF80F00FFE79DF80F0004B03D
:10B4500080BD00000000000044F60C01C5F60201AA
:10B46000086840F08070086070470000000000002D
:10B4700080B501F031FD44F22041C5F602010968B2
:10B48000C1F3021245F28861C0F60201895C01F045
:10B490001F01C84080BD000088B0079044F22840DA
:10B4A000C5F60200016801F0030106910068C0F3CF
:10B4B0000530059044F22C40C5F602000068C0F348
:10B4C00000100490049844F23C41C5F6020109685A
:10B4D00089B2C908484300EE100AB8EE400A8DED63
:10B4E000020A0598002800F01181FFE706980090F5
:10B4F00048B1FFE70098012865D0FFE700980228CF
:10B5000000F08380A3E044F20040C5F6020000682A
:10B5100000F020010020B0EB511F31D0FFE744F2D2
:10B520000040C5F602000068C0F3C10149F2000006
:10B53000C0F2D030C84003909DED030AB8EE400A37
:10B540009DED051AB8EE411A80EE010A44F238402A
:10B55000C5F6020000686FF35F2001EE100AB8EE36
:10B56000411A9DED022A9FED6F3A02EE031AB7EEE3
:10B57000002A31EE021A20EE010A8DED010A21E0C7
:10B580009DED050AB8EE401A9FED680A80EE010AAB
:10B5900044F23840C5F6020000686FF35F2001EE08
:10B5A000100AB8EE411A9DED022A9FED5E3A02EEB6
:10B5B000031AB7EE002A31EE021A20EE010A8DEDD1
:10B5C000010AFFE765E09DED050AB8EE401A9FED20
:10B5D000560A80EE010A44F23840C5F602000068BF
:10B5E0006FF35F2001EE100AB8EE411A9DED022ABA
:10B5F0009FED4C3A02EE031AB7EE002A31EE021A22
:10B6000020EE010A8DED010A43E09DED050AB8EE3A
:10B61000401A9FED430A80EE010A44F23840C5F615
:10B62000020000686FF35F2001EE100AB8EE411AC5
:10B630009DED022A9FED3B3A02EE031AB7EE002A77
:10B6400031EE021A20EE010A8DED010A21E09DED96
:10B65000050AB8EE401A9FED340A80EE010A44F262
:10B660003840C5F6020000686FF35F2001EE100A53
:10B67000B8EE411A9DED022A9FED2A3A02EE031A16
:10B68000B7EE002A31EE021A20EE010A8DED010A12
:10B69000FFE79DED010A44F23840C5F6020001685B
:10B6A00089B2490A01EE101AB8EE411AB7EE002A23
:10B6B00031EE021A80EE010A0799BCEEC00A81ED54
:10B6C000000A9DED010A0168C1F3064101EE101A5E
:10B6D000B8EE411A31EE021A80EE010A0799BCEE6B
:10B6E000C00A81ED010A9DED010A0068C0F3066001
:10B6F00001EE100AB8EE411A31EE021A80EE010A8C
:10B700000798BCEEC00A80ED020A07E00799002006
:10B7100008600799486007998860FFE708B070479C
:10B72000001BB74B000000390024744A0024744CFD
:10B7300088B0079044F22840C5F60200016801F085
:10B74000030106910068C0F30550059044F22C40B7
:10B75000C5F602000068C0F300200490049844F28B
:10B760004441C5F60201096889B2C908484300EEA0
:10B77000100AB8EE400A8DED020A0598002800F084
:10B780001181FFE70698009048B1FFE70098012873
:10B7900065D0FFE70098022800F08380A3E044F220
:10B7A0000040C5F60200006800F020010020B0EB68
:10B7B000511F31D0FFE744F20040C5F60200006897
:10B7C000C0F3C10149F20000C0F2D030C84003907C
:10B7D0009DED030AB8EE400A9DED051AB8EE411A38
:10B7E00080EE010A44F24040C5F6020000686FF3A3
:10B7F0005F2001EE100AB8EE411A9DED022A9FED7E
:10B800006F3A02EE031AB7EE002A31EE021A20EE6A
:10B81000010A8DED010A21E09DED050AB8EE401AFE
:10B820009FED680A80EE010A44F24040C5F602002E
:10B8300000686FF35F2001EE100AB8EE411A9DED2B
:10B84000022A9FED5E3A02EE031AB7EE002A31EEAD
:10B85000021A20EE010A8DED010AFFE765E09DED79
:10B86000050AB8EE401A9FED560A80EE010A44F22E
:10B870004040C5F6020000686FF35F2001EE100A39
:10B88000B8EE411A9DED022A9FED4C3A02EE031AE2
:10B89000B7EE002A31EE021A20EE010A8DED010A00
:10B8A00043E09DED050AB8EE401A9FED430A80EE95
:10B8B000010A44F24040C5F6020000686FF35F20C1
:10B8C00001EE100AB8EE411A9DED022A9FED3B3AB7
:10B8D00002EE031AB7EE002A31EE021A20EE010A38
:10B8E0008DED010A21E09DED050AB8EE401A9FEDAD
:10B8F000340A80EE010A44F24040C5F602000068B6
:10B900006FF35F2001EE100AB8EE411A9DED022A96
:10B910009FED2A3A02EE031AB7EE002A31EE021A20
:10B9200020EE010A8DED010AFFE79DED010A44F2C8
:10B930004040C5F60200016889B2490A01EE101ABA
:10B94000B8EE411AB7EE002A31EE021A80EE010A73
:10B950000799BCEEC00A81ED000A9DED010A01685D
:10B96000C1F3064101EE101AB8EE411A31EE021A87
:10B9700080EE010A0799BCEEC00A81ED010A9DED37
:10B98000010A0068C0F3066001EE100AB8EE411A21
:10B9900031EE021A80EE010A0798BCEEC00A80ED73
:10B9A000020A07E007990020086007994860079994
:10B9B0008860FFE708B07047001BB74B00000039F4
:10B9C0000024744A0024744C80B59AB0189000206A
:10B9D0008DF857008DF856001898C0780007002899
:10B9E00048D5FFE71898406E149078B1FFE7149897
:10B9F000B0F5801F13D0FFE71498B0F5001F16D0E4
:10BA0000FFE71498B0F5401F19D019E044F22C411B
:10BA1000C5F60201086840F40030086014E0189888
:10BA2000083002210AF0BCF98DF857000CE0189894
:10BA3000283002210AF09CFA8DF8570004E003E058
:10BA400001208DF85700FFE79DF8570060B9FFE728
:10BA500044F25041C5F60201086820F44010189ADB
:10BA6000526E1043086004E09DF857008DF85600B0
:10BA7000FFE7FFE718984078C007002840D0FFE7AD
:10BA80001898806D1390042820D81399DFE801F0EE
:10BA9000030C141C1D0044F22C41C5F60201086879
:10BAA00040F40030086015E01898083000210AF0D2
:10BAB00077F98DF857000DE01898283000210AF02A
:10BAC00057FA8DF8570005E004E003E001208DF8F7
:10BAD0005700FFE79DF8570060B9FFE744F2504177
:10BAE000C5F60201086820F00700189A926D10430D
:10BAF000086004E09DF857008DF85600FFE7FFE767
:10BB0000189840784007002856D5FFE71898D0F8D5
:10BB1000A4001290C8B1FFE71298B0F5001F1DD025
:10BB2000FFE71298B0F5800F20D0FFE71298B0F52C
:10BB3000C00F23D0FFE71298B0F5000F1FD0FFE72A
:10BB40001298B0F5200F1BD01BE044F22C41C5F633
:10BB50000201086840F40030086016E018980830C8
:10BB600000210AF01DF98DF857000EE018982830D2
:10BB700000210AF0FDF98DF8570006E005E004E029
:10BB800003E001208DF85700FFE79DF8570068B9E2
:10BB9000FFE744F25841C5F60201086820F460004E
:10BBA000189AD2F8A4201043086004E09DF85700CA
:10BBB0008DF85600FFE7FFE7189840780007002847
:10BBC00056D5FFE71898D0F8A8001190C8B1FFE744
:10BBD0001198B0F1807F1DD0FFE71198B0F1007F80
:10BBE00020D0FFE71198B0F1407F23D0FFE71198F4
:10BBF000B0F1806F1FD0FFE71198B0F1A06F1BD09C
:10BC00001BE044F22C41C5F60201086840F4003004
:10BC1000086016E01898083000210AF0C1F88DF885
:10BC200057000EE01898283000210AF0A1F98DF88D
:10BC3000570006E005E004E003E001208DF857001E
:10BC4000FFE79DF8570068B9FFE744F25841C5F691
:10BC50000201086820F0E060189AD2F8A82010438A
:10BC6000086004E09DF857008DF85600FFE7FFE7F5
:10BC70001898C078800700283ED5FFE71898C06C58
:10BC80001090F0B1FFE71098102808D0FFE7109847
:10BC900020280DD0FFE71098302811D012E044F290
:10BCA0002C41C5F60201086840F4003008600DE040
:10BCB0001898083002210AF073F88DF8570005E053
:10BCC00004E003E001208DF85700FFE79DF85700DE
:10BCD00060B9FFE744F24C41C5F60201086820F064
:10BCE0003000189AD26C1043086004E09DF85700A9
:10BCF0008DF85600FFE7FFE718984078C006002847
:10BD00004ED5FFE71898C06D0F90A0B1FFE70F98D0
:10BD1000B0F5805F18D0FFE70F98B0F5005F1BD03B
:10BD2000FFE70F98B0F5405F1ED0FFE70F98B0F522
:10BD3000804F1AD01AE044F22C41C5F6020108687F
:10BD400040F40030086015E01898083000210AF02F
:10BD500027F88DF857000DE01898283000210AF0D8
:10BD600007F98DF8570005E004E003E001208DF8A5
:10BD70005700FFE79DF8570060B9FFE744F25041D4
:10BD8000C5F60201086820F4E040189AD26D10430D
:10BD9000086004E09DF857008DF85600FFE7FFE7C4
:10BDA00018984078800600284CD5FFE71898006E58
:10BDB0000E90C8B1FFE70E98B0F5803F15D0FFE7B1
:10BDC0000E98B0F5003F18D0FFE70E98B0F5403F51
:10BDD0001BD0FFE70E98B0F5802F17D0FFE70E9825
:10BDE000B0F5A02F13D013E016E018980830012109
:10BDF00009F0D6FF8DF857000EE018982830012181
:10BE00000AF0B6F88DF8570006E005E004E003E01C
:10BE100001208DF85700FFE79DF8570060B9FFE754
:10BE200044F25041C5F60201086820F4E020189A57
:10BE3000126E1043086004E09DF857008DF856001C
:10BE4000FFE7FFE718984078400600284ED5FFE747
:10BE50001898D0F8AC000D90C8B1FFE70D98B0F17C
:10BE6000805F15D0FFE70D98B0F1005F18D0FFE7B5
:10BE70000D98B0F1405F1BD0FFE70D98B0F1804FF7
:10BE800017D0FFE70D98B0F1A04F13D013E016E0E4
:10BE900018980830012109F083FF8DF857000EE053
:10BEA0001898283001210AF063F88DF8570006E051
:10BEB00005E004E003E001208DF85700FFE79DF85E
:10BEC000570068B9FFE744F25841C5F60201086817
:10BED00020F0E040189AD2F8AC201043086004E04B
:10BEE0009DF857008DF85600FFE7FFE71898407857
:10BEF000000600283BD5FFE71898C06E0C90D8B11B
:10BF0000FFE70C98B0F1805F05D0FFE70C98B0F127
:10BF1000005F09D011E044F22C41C5F60201086827
:10BF200040F4003008600CE018980830012109F056
:10BF300037FF8DF8570004E003E001208DF857002B
:10BF4000FFE79DF8570060B9FFE744F25041C5F69E
:10BF50000201086820F04050189AD26E1043086021
:10BF600004E09DF857008DF85600FFE7FFE71898AA
:10BF7000C078C007002837D0FFE71898806C0B9076
:10BF8000032817D80B99DFE801F014020B1344F2D1
:10BF90002C41C5F60201086840F4003008600DE04D
:10BFA00018980830022109F0FBFE8DF8570005E0D3
:10BFB00004E003E001208DF85700FFE79DF85700EB
:10BFC00060B9FFE744F24C41C5F60201086820F071
:10BFD0000300189A926C1043086004E09DF8570023
:10BFE0008DF85600FFE7FFE7189880784006002894
:10BFF00040F1B480FFE744F60001C5F6020108688D
:10C0000040F480700860FDF79FFE1690FFE744F64D
:10C010000000C5F602000068C00500280CD4FFE748
:10C02000FDF792FE1699401A652804D3FFE7032016
:10C030008DF8570000E0EAE79DF85700002840F02F
:10C040008780FFE744F27040C5F60200006800F404
:10C0500040701899D1F8B01001F44071884213D0A3
:10C06000FFE744F27041C5F60201086820F4407011
:10C070001790086840F480300860086820F4803029
:10C08000086017980860FFE71898D0F8B000B0F57E
:10C09000807F1FD1FFE7FDF757FE1690FFE744F2C0
:10C0A0007040C5F60200006800F002010020B0EB0D
:10C0B000510F0ED1FFE7FDF747FE1699401A41F2E6
:10C0C0008931884204D3FFE703208DF8570000E050
:10C0D000E5E7FFE79DF85700A0BBFFE7FFE71898EB
:10C0E000D0F8B00000F44070B0F5407F13D1FFE706
:10C0F00044F21041C5F60201086820F47C50189AF9
:10C10000D2F8B0204FF6F043C0F6FF731A4040EA71
:10C110001210086008E044F21041C5F602010868F8
:10C1200020F47C500860FFE71898D0F8B0206FF337
:10C130001F3244F27041C5F60201086810430860DE
:10C14000FFE704E09DF857008DF85600FFE704E094
:10C150009DF857008DF85600FFE7FFE71898006834
:10C16000C007002800F04C80FFE71898806F0A9005
:10C1700028282BD80A99DFE801F01529292929292F
:10C18000292916292929292929291E29292929293D
:10C190002929262929292929292927292929292914
:10C1A0002929280016E018980830012109F0F8FD27
:10C1B0008DF857000EE018982830012109F0D8FEBC
:10C1C0008DF8570006E005E004E003E001208DF85B
:10C1D0005700FFE79DF8570060B9FFE744F254416C
:10C1E000C5F60201086820F03800189A926F1043D3
:10C1F000086004E09DF857008DF85600FFE7FFE760
:10C20000189800788007002839D5FFE71898406F04
:10C210000990052819D80999DFE801F003040C14E6
:10C22000151616E018980830012109F0B9FD8DF8AF
:10C2300057000EE018982830012109F099FE8DF87A
:10C24000570006E005E004E003E001208DF8570008
:10C25000FFE79DF8570060B9FFE744F25441C5F687
:10C260000201086820F00700189A526F1043086016
:10C2700004E09DF857008DF85600FFE7FFE7189897
:10C280000078400700283BD5FFE71898D0F89000C9
:10C290000890052819D80899DFE801F003040C1468
:10C2A000151616E018980830012109F079FD8DF86F
:10C2B00057000EE018982830012109F059FE8DF83A
:10C2C000570006E005E004E003E001208DF8570088
:10C2D000FFE79DF8570068B9FFE744F25841C5F6FB
:10C2E0000201086820F00700189AD2F89020104345
:10C2F000086004E09DF857008DF85600FFE7FFE75F
:10C3000018980078800600284ED5FFE71898D0F8D6
:10C310008C000790C8B1FFE70798B0F1805F15D097
:10C32000FFE70798B0F1005F18D0FFE70798B0F17A
:10C33000405F1BD0FFE70798B0F1804F17D0FFE7B1
:10C340000798B0F1A04F13D013E016E0189808300A
:10C35000002109F025FD8DF857000EE018982830CF
:10C36000022109F005FE8DF8570006E005E004E023
:10C3700003E001208DF85700FFE79DF8570068B9EA
:10C38000FFE744F25441C5F60201086820F0E0409E
:10C39000189AD2F88C201043086004E09DF85700EA
:10C3A0008DF85600FFE7FFE7189800784006002850
:10C3B0004ED5FFE71898D0F898000690C8B1FFE76F
:10C3C0000698B0F5806F15D0FFE70698B0F5006FBE
:10C3D00018D0FFE70698B0F5406F1BD0FFE706982E
:10C3E000B0F5805F17D0FFE70698B0F5A05F13D0D7
:10C3F00013E016E018980830002109F0D1FC8DF800
:10C4000057000EE018982830022109F0B1FD8DF890
:10C41000570006E005E004E003E001208DF8570036
:10C42000FFE79DF8570068B9FFE744F25841C5F6A9
:10C430000201086820F4E050189AD2F898201043BE
:10C44000086004E09DF857008DF85600FFE7FFE70D
:10C4500018980078000600284ED5FFE71898D0F805
:10C460009C000590C8B1FFE70598B0F5005F15D0B6
:10C47000FFE70598B0F5804F18D0FFE70598B0F5B5
:10C48000C04F1BD0FFE70598B0F5004F17D0FFE76E
:10C490000598B0F5204F13D013E016E01898083037
:10C4A000002109F07DFC8DF857000EE01898283027
:10C4B000022109F05DFD8DF8570006E005E004E07B
:10C4C00003E001208DF85700FFE79DF8570068B999
:10C4D000FFE744F25841C5F60201086820F46040C5
:10C4E000189AD2F89C201043086004E09DF8570089
:10C4F0008DF85600FFE7FFE718980078000700283E
:10C5000020D5FFE71898D0F88000B0F5805F0CD1F7
:10C51000FFE718982830022109F02AFD20B1FFE733
:10C5200001208DF85600FFE7FFE744F25441C5F6BD
:10C530000201086820F44050189AD2F88020104375
:10C540000860FFE718980078C006002820D5FFE7AC
:10C550001898D0F89400B0F5807F0CD1FFE71898B8
:10C560002830022109F004FD20B1FFE701208DF8F9
:10C570005600FFE7FFE744F25841C5F6020108689C
:10C5800020F44070189AD2F8942010430860FFE716
:10C5900018988078000700283CD5FFE71898D0F855
:10C5A000A000049050B1FFE70498B0F5803F0DD093
:10C5B000FFE70498B0F5003F10D010E0189808305D
:10C5C000002109F0EDFB8DF857000CE01898283099
:10C5D000022109F0CDFC8DF8570004E003E00120B2
:10C5E0008DF85700FFE79DF8570068B9FFE744F260
:10C5F0005841C5F60201086820F44030189AD2F874
:10C60000A0201043086004E09DF857008DF8560004
:10C61000FFE7FFE718988078400700283FD5FFE73D
:10C620001898D0F884000390B0F5801F0AD0FFE777
:10C630000398B0F5001F0ED0FFE70398B0F5401F38
:10C6400011D011E044F22C41C5F60201086840F413
:10C65000003008600CE018982830012109F088FCAF
:10C660008DF8570004E003E001208DF85700FFE744
:10C670009DF8570068B9FFE744F25441C5F602013E
:10C68000086820F44010189AD2F8842010430860FB
:10C6900004E09DF857008DF85600FFE7FFE7189873
:10C6A0008078C007A8B3FFE71898006D029028B102
:10C6B000FFE70298B0F5803F09D010E044F22C412A
:10C6C000C5F60201086840F4003008600BE01898D5
:10C6D0000830022109F064FB8DF8570003E00120C7
:10C6E0008DF85700FFE79DF8570060B9FFE744F267
:10C6F0004C41C5F60201086820F48030189A126D8A
:10C700001043086004E09DF857008DF85600FFE7DD
:10C71000FFE71898C078800600280CD5FFE7189826
:10C720002830022109F024FC20B1FFE701208DF818
:10C730005600FFE7FFE718988078800700283AD571
:10C74000FFE71898C06F0190D0B1FFE70198B0F5EE
:10C75000807F0AD0FFE70198B0F5007F0ED0FFE799
:10C760000198B0F5407F0AD00BE044F22C41C5F6A9
:10C770000201086840F40030086006E005E004E0CB
:10C7800003E001208DF85700FFE79DF8570060B9DE
:10C79000FFE744F25441C5F60201086820F44070F6
:10C7A000189AD26F1043086004E09DF857008DF886
:10C7B0005600FFE7FFE718988078C00600280CD5E0
:10C7C000FFE744F25041C5F60201086820F000403E
:10C7D000189A126F10430860FFE718988078800657
:10C7E00000280CD5FFE744F25041C5F60201086865
:10C7F00020F08070189A926E10430860FFE7189836
:10C80000C0784006002811D5FFE7FFE744F2104149
:10C81000C5F60201086820F4004008601898D0F8B6
:10C82000B420086810430860FFE7FFE71898C07855
:10C83000000600280CD5FFE744F24C41C5F6020182
:10C84000086820F04050189A526D10430860FFE7C6
:10C8500018988078000600280DD5FFE744F254416F
:10C86000C5F60201086820F44000189AD2F8882022
:10C8700010430860FFE718980079C00790B1FFE700
:10C8800018980830002109F08BFA8DF857009DF8B0
:10C89000570008B9FFE704E09DF857008DF85600EF
:10C8A000FFE7FFE7189800798007002812D5FFE717
:10C8B00018980830012109F073FA8DF857009DF897
:10C8C000570008B9FFE704E09DF857008DF85600BF
:10C8D000FFE7FFE7189800794007002812D5FFE727
:10C8E00018980830022109F05BFA8DF857009DF87E
:10C8F000570008B9FFE704E09DF857008DF856008F
:10C90000FFE7FFE7189800790007002812D5FFE736
:10C9100018982830002109F02BFB8DF857009DF85E
:10C92000570008B9FFE704E09DF857008DF856005E
:10C93000FFE7FFE718980079C006002812D5FFE747
:10C9400018982830012109F013FB8DF857009DF845
:10C95000570008B9FFE704E09DF857008DF856002E
:10C96000FFE7FFE7189800798006002812D5FFE757
:10C9700018982830022109F0FBFA8DF857009DF82D
:10C98000570008B9FFE704E09DF857008DF85600FE
:10C99000FFE7FFE79DF8560020B9FFE700208DF87C
:10C9A000670003E001208DF86700FFE79DF867004E
:10C9B0001AB080BD0000000080B586B004900391DD
:10C9C000049820B9FFE701208DF817003CE2039896
:10C9D00042F20001C5F20021096801F00F0188420E
:10C9E00016D9FFE742F20000C5F20020016821F0ED
:10C9F0000F01039A11430160006800F00F000399D2
:10CA0000884204D0FFE701208DF817001CE2FFE701
:10CA1000049800784007002819D5FFE704980069BA
:10CA200044F21841C5F60201096801F0700188421C
:10CA30000CD9FFE744F21841C5F60201086820F05E
:10CA40007000049A126910430860FFE7FFE704983A
:10CA500000780007002819D5FFE70498406944F2E0
:10CA60001C41C5F60201096801F0700188420CD929
:10CA7000FFE744F21C41C5F60201086820F070008F
:10CA8000049A526910430860FFE7FFE704980078B2
:10CA9000C006002819D5FFE70498806944F21C41BC
:10CAA000C5F60201096801F4E06188420CD9FFE78C
:10CAB00044F21C41C5F60201086820F4E060049AC3
:10CAC000926910430860FFE7FFE70498007880064A
:10CAD000002819D5FFE70498C06944F22041C5F643
:10CAE0000201096801F0700188420CD9FFE744F2A5
:10CAF0002041C5F60201086820F07000049AD2694E
:10CB000010430860FFE7FFE70498007880070028DB
:10CB100019D5FFE70498C06844F21841C5F6020130
:10CB2000096801F00F0188420CD9FFE744F218416F
:10CB3000C5F60201086820F00F00049AD26810437D
:10CB40000860FFE7FFE704980078C007002800F0BE
:10CB50008C80FFE744F21841C5F60201086820F412
:10CB60007060049A92681043086004984068022834
:10CB700011D1FFE744F20040C5F60200006800F45E
:10CB800000310020B0EB514F04D1FFE701208DF8B8
:10CB9000170059E13EE004984068032811D1FFE7EF
:10CBA00044F20040C5F60200006800F00071002069
:10CBB000B0EB516F04D1FFE701208DF8170043E17E
:10CBC00027E004984068012811D1FFE744F20040B3
:10CBD000C5F60200006800F480710020B0EB112F50
:10CBE00004D1FFE701208DF817002DE110E044F299
:10CBF0000040C5F60200006800F004010020B0EB20
:10CC0000910F04D1FFE701208DF817001CE1FFE729
:10CC1000FFE7FFE744F21041C5F60201086820F083
:10CC20000700049A526810430860FDF78DF80190E0
:10CC3000FFE744F21040C5F60200006800F038003B
:10CC400004994968B0EBC10F0ED0FFE7FDF77CF8FF
:10CC50000199401A41F28931884204D3FFE7032049
:10CC60008DF81700F0E0E4E7FFE70498007880070C
:10CC7000002819D5FFE70498C06844F21841C5F6AA
:10CC80000201096801F00F0188420CD2FFE744F26B
:10CC90001841C5F60201086820F00F00049AD26816
:10CCA00010430860FFE7FFE7039842F20001C5F276
:10CCB0000021096801F00F01884216D2FFE742F215
:10CCC0000000C5F20020016821F00F01039A114312
:10CCD0000160006800F00F000399884204D0FFE76C
:10CCE00001208DF81700AFE0FFE7049800784007B7
:10CCF000002819D5FFE70498006944F21841C5F6E9
:10CD00000201096801F0700188420CD2FFE744F289
:10CD10001841C5F60201086820F07000049A1269F3
:10CD200010430860FFE7FFE7049800780007002839
:10CD300019D5FFE70498406944F21C41C5F6020189
:10CD4000096801F0700188420CD2FFE744F21C41EF
:10CD5000C5F60201086820F07000049A5269104379
:10CD60000860FFE7FFE704980078C006002819D59F
:10CD7000FFE70498806944F21C41C5F60201096886
:10CD800001F4E06188420CD2FFE744F21C41C5F691
:10CD90000201086820F4E060049A92691043086078
:10CDA000FFE7FFE7049800788006002819D5FFE721
:10CDB0000498C06944F22041C5F60201096801F0F7
:10CDC000700188420CD2FFE744F22041C5F602010F
:10CDD000086820F07000049AD26910430860FFE7E9
:10CDE000FFE700F0CDF844F21842C5F602021168E0
:10CDF000C1F3032345F28861C0F60201CB5C03F066
:10CE00001F03D84000900098126802F00F02895C5E
:10CE100001F01F01C84040F26C11C2F200410860ED
:10CE2000009840F26811C2F20041086040F24020D0
:10CE3000C2F200400068FCF7DFFF8DF80B009DF8A0
:10CE40000B008DF81700FFE79DF8170006B080BDB6
:10CE500082B00190009101993F20086044F2104097
:10CE6000C5F60200006800F007000199486044F22E
:10CE70001840C5F60200016801F47061019A9160E2
:10CE8000016801F00F01019AD160006800F07000A4
:10CE90000199086144F21C40C5F60200016801F0E6
:10CEA0007001019A5161006800F4E06001998861A5
:10CEB00044F22040C5F60200006800F070000199BD
:10CEC000C86142F20000C5F20020006800F00F00C7
:10CED0000099086002B0704780B582B000F050F849
:10CEE00044F21842C5F602021168C1F3032345F269
:10CEF0008861C0F60201CB5C03F01F03D8400190AB
:10CF00000198126802F00F02895C01F01F0120FAFB
:10CF100001F140F26C10C2F200400160019940F250
:10CF20006812C2F200421160006802B080BD0000C9
:10CF300080B5FFF7D1FF44F21C41C5F60201096834
:10CF4000C1F3021245F28861C0F60201895C01F06A
:10CF50001F01C84080BD000080B5FFF7BDFF44F24F
:10CF60001C41C5F602010968C1F3022245F288613D
:10CF7000C0F60201895C01F01F01C84080BD0000BD
:10CF80008AB044F21040C5F60200006800F0380094
:10CF900001460191182800F25F810199DFE811F044
:10CFA00019005C015C015C015C015C015C015C01DD
:10CFB0003A005C015C015C015C015C015C015C01AC
:10CFC00040005C015C015C015C015C015C015C0196
:10CFD000460044F20040C5F60200006800F020015F
:10CFE0000020B0EB511F0ED0FFE744F20040C5F621
:10CFF00002000068C0F3C10149F20000C0F2D03065
:10D00000C840029005E049F20000C0F2D030029022
:10D01000FFE727E140F60010C0F23D00029021E159
:10D0200043F20060C0F26E1002901BE144F228400F
:10D03000C5F60200016801F0030108910068C0F321
:10D040000510079044F22C40C5F60200006800F07D
:10D0500001000690069844F23441C5F602010968C1
:10D0600089B2C908484300EE100AB8EE400A8DEDB7
:10D07000040A0798002800F0EB80FFE7089800906A
:10D0800048B1FFE70098012865D0FFE70098022823
:10D0900000F08380A3E044F20040C5F6020000687F
:10D0A00000F020010020B0EB511F31D0FFE744F227
:10D0B0000040C5F602000068C0F3C10149F200005B
:10D0C000C0F2D030C84005909DED050AB8EE400A88
:10D0D0009DED071AB8EE411A80EE010A44F2304085
:10D0E000C5F6020000686FF35F2001EE100AB8EE8B
:10D0F000411A9DED042A9FED5E3A02EE031AB7EE47
:10D10000002A31EE021A20EE010A8DED030A21E019
:10D110009DED070AB8EE401A9FED570A80EE010A0E
:10D1200044F23040C5F6020000686FF35F2001EE64
:10D13000100AB8EE411A9DED042A9FED4D3A02EE19
:10D14000031AB7EE002A31EE021A20EE010A8DED25
:10D15000030AFFE765E09DED070AB8EE401A9FED70
:10D16000450A80EE010A44F23040C5F6020000682C
:10D170006FF35F2001EE100AB8EE411A9DED042A0C
:10D180009FED3B3A02EE031AB7EE002A31EE021A87
:10D1900020EE010A8DED030A43E09DED070AB8EE8B
:10D1A000401A9FED320A80EE010A44F23040C5F683
:10D1B000020000686FF35F2001EE100AB8EE411A1A
:10D1C0009DED042A9FED2A3A02EE031AB7EE002ADB
:10D1D00031EE021A20EE010A8DED030A21E09DEDE9
:10D1E000070AB8EE401A9FED230A80EE010A44F2C6
:10D1F0003040C5F6020000686FF35F2001EE100AB0
:10D20000B8EE411A9DED042A9FED193A02EE031A79
:10D21000B7EE002A31EE021A20EE010A8DED030A64
:10D22000FFE744F23040C5F60200006881B20120F9
:10D2300000EB512009909DED030A9DED091AB8EE0F
:10D24000411A80EE010ABCEEC00A8DED020A02E02E
:10D2500000200290FFE705E040F60010C0F23D001C
:10D260000290FFE702980AB0704700BF001BB74B5F
:10D27000000000390024744A0024744C00000000AF
:10D2800080B58CB00A900A9828B9FFE701208DF884
:10D290002F0000F001BD0A980078C007002800F0B8
:10D2A000B980FFE744F21040C5F60200006800F0C4
:10D2B0003800069044F22840C5F602000068059048
:10D2C000069810280AD0FFE7069818281CD1FFE717
:10D2D000059800F00300022816D1FFE744F2004051
:10D2E000C5F60200006800F400310020B0EB514F99
:10D2F00009D0FFE70A98406828B9FFE701208DF8B8
:10D300002F0000F0C9BC84E0FFE70A984068B0F540
:10D31000803F09D1FFE744F20041C5F602010868E9
:10D3200040F48030086032E00A98406868B9FFE74E
:10D3300044F20041C5F60201086820F4803008601C
:10D34000086820F48020086020E00A984068B0F562
:10D35000A02F0DD1FFE744F20041C5F60201086895
:10D3600040F480200860086840F4803008600CE0D9
:10D3700044F20041C5F60201086820F480300860DC
:10D38000086820F480200860FFE7FFE7FFE7FFE779
:10D390000A984068F0B1FFE7FCF7D6FC0990FFE778
:10D3A00044F20040C5F60200006800F4003100209D
:10D3B000B0EB514F0DD1FFE7FCF7C6FC0999401ABD
:10D3C000652805D3FFE703208DF82F0000F064BC2B
:10D3D000E6E71DE0FCF7B8FC0990FFE744F20040E7
:10D3E000C5F60200006800F400310020B0EB514F98
:10D3F0000DD0FFE7FCF7A8FC0999401A652805D372
:10D40000FFE703208DF82F0000F046BCE6E7FFE7BA
:10D41000FFE7FFE70A9800788007002840F1C58001
:10D42000FFE744F21040C5F60200006800F0380043
:10D43000049044F22840C5F6020000680390049866
:10D4400050B1FFE70498182850D1FFE79DF80C0071
:10D45000800700284AD1FFE744F20040C5F60200E9
:10D46000006800F004010020B0EB910F09D0FFE745
:10D470000A98C06828B9FFE701208DF82F0000F056
:10D480000BBC44F20041C5F60201086820F0190007
:10D490000A9AD26810430860FCF756FC0990FFE72F
:10D4A00044F20040C5F60200006800F004010020CC
:10D4B000B0EB910F0CD1FFE7FCF746FC0999401A3D
:10D4C000032804D3FFE703208DF82F00E4E3E7E708
:10D4D00044F20441C5F60201086820F0FE400A9AB1
:10D4E000126940EA02600860FFE75DE00A98C068E0
:10D4F000A0B3FFE744F20041C5F60201086820F03E
:10D5000019000A9AD26810430860FCF71DFC0990C4
:10D51000FFE744F20040C5F60200006800F0040195
:10D520000020B0EB910F0CD1FFE7FCF70DFC09993F
:10D53000401A032804D3FFE703208DF82F00ABE344
:10D54000E7E744F20441C5F60201086820F0FE4016
:10D550000A9A126940EA0260086024E044F200413D
:10D56000C5F60201086820F001000860FCF7ECFB3A
:10D570000990FFE744F20040C5F60200006800F0A1
:10D5800004010020B0EB910F0CD0FFE7FCF7DCFBAF
:10D590000999401A032804D3FFE703208DF82F00D0
:10D5A0007AE3E7E7FFE7FFE7FFE70A980078C006BE
:10D5B000002840F1A080FFE744F21040C5F60200C9
:10D5C000006800F03800029044F22840C5F60200DE
:10D5D00000680190029808280AD0FFE702981828EE
:10D5E0002BD1FFE7019800F00300012825D1FFE7C8
:10D5F00044F20040C5F60200006800F4807100208B
:10D60000B0EB112F09D0FFE70A98C069802804D039
:10D61000FFE701208DF82F003EE3FFE744F20C41C5
:10D62000C5F60201086820F07C500A9A126A40EAA6
:10D6300002600860FFE7FFE75CE00A98C06998B302
:10D64000FFE744F20041C5F60201086840F080009F
:10D650000860FCF779FB0990FFE744F20040C5F64B
:10D660000200006800F480710020B0EB112F0CD193
:10D67000FFE7FCF769FB0999401A032804D3FFE789
:10D6800003208DF82F0007E3E7E7FFE744F20C41A2
:10D69000C5F60201086820F07C500A9A126A40EA36
:10D6A00002600860FFE724E044F20041C5F6020191
:10D6B000086820F080000860FCF746FB0990FFE74F
:10D6C00044F20040C5F60200006800F480710020BA
:10D6D000B0EB112F0CD0FFE7FCF736FB0999401A8D
:10D6E000032804D3FFE703208DF82F00D4E2E7E7F7
:10D6F000FFE7FFE7FFE70A980078000700284FD50B
:10D70000FFE70A98406928B3FFE744F27441C5F681
:10D710000201086840F001000860FCF715FB099061
:10D72000FFE744F27440C5F60200006800F0020111
:10D730000020B0EB510F0CD1FFE7FCF705FB099976
:10D74000401A032804D3FFE703208DF82F00A3E23B
:10D75000E7E724E044F27441C5F60201086820F0CE
:10D7600001000860FCF7F0FA0990FFE744F274400A
:10D77000C5F60200006800F002010020B0EB510F76
:10D780000CD0FFE7FCF7E0FA0999401A032804D30C
:10D79000FFE703208DF82F007EE2E7E7FFE7FFE7D2
:10D7A0000A980078800600284FD5FFE70A9880691C
:10D7B00028B3FFE744F20041C5F60201086840F4CF
:10D7C00080500860FCF7C0FA0990FFE744F200407F
:10D7D000C5F60200006800F400510020B0EB513F94
:10D7E0000CD1FFE7FCF7B0FA0999401A032804D3DB
:10D7F000FFE703208DF82F004EE2E7E724E044F234
:10D800000041C5F60201086820F480500860FCF76A
:10D810009BFA0990FFE744F20040C5F60200006859
:10D8200000F400510020B0EB513F0CD0FFE7FCF7B3
:10D830008BFA0999401A032804D3FFE703208DF8D7
:10D840002F0029E2E7E7FFE7FFE70A9800784007A3
:10D85000002840F1A780FFE744F60001C5F6020169
:10D86000086840F480700860FCF76EFA0990FFE7E2
:10D8700044F60000C5F602000068C00500280CD47C
:10D88000FFE7FCF761FA0999401A652804D3FFE71E
:10D8900003208DF82F00FFE1EAE7FFE70A98806890
:10D8A000012809D1FFE744F27041C5F6020108687A
:10D8B00040F00100086031E00A98806868B9FFE72D
:10D8C00044F27041C5F60201086820F001000860CA
:10D8D000086820F0040008601FE00A9880680528A6
:10D8E0000DD1FFE744F27041C5F60201086840F02F
:10D8F00004000860086840F0010008600CE044F291
:10D900007041C5F60201086820F00100086008684F
:10D9100020F004000860FFE7FFE7FFE7FFE70A9851
:10D920008068F8B1FFE7FCF70FFA0990FFE744F2CF
:10D930007040C5F60200006800F002010020B0EB64
:10D94000510F0ED1FFE7FCF7FFF90999401A41F298
:10D950008931884204D3FFE703208DF82F009BE133
:10D96000E5E71EE0FCF7F0F90990FFE744F27040AC
:10D97000C5F60200006800F002010020B0EB510F74
:10D980000ED0FFE7FCF7E0F90999401A41F289311E
:10D99000884204D3FFE703208DF82F007CE1E5E700
:10D9A000FFE7FFE70A98406A002800F07181FFE76F
:10D9B00044F21040C5F60200006800F03800182854
:10D9C00000F0E080FFE70A98406A022840F0B48047
:10D9D000FFE744F20041C5F60201086820F08070BC
:10D9E0000860FCF7B1F90990FFE744F20040C5F682
:10D9F0000200006800F000710020B0EB516F0CD005
:10DA0000FFE7FCF7A1F90999401A032804D3FFE7BF
:10DA100003208DF82F003FE1E7E7FFE744F22841BC
:10DA2000C5F60201086840F2F33290430A9B9A6AF5
:10DA3000DB6A42EA0312104308600A99086BD1F8C6
:10DA400034C08B6BCA6B01386FF35F204FF60061F7
:10DA5000CFF6FF7101EB4C2189B208440021CFF6CB
:10DA6000FF7101EB034101F4FE0108444FF07F41D7
:10DA700001EB026101F0FE41084444F23041C5F679
:10DA800002010860FFE744F22C41C5F60201009153
:10DA9000086820F00100086044F23442C5F6020232
:10DAA00010684FF6F87398430A9B9B6C40EAC300DA
:10DAB0001060086820F00C000A9A126C104308608D
:10DAC000086820F002000A9A526C10430860086847
:10DAD00040F480300860086840F40030086008684E
:10DAE00040F480200860086840F00100086044F2BB
:10DAF0000041C5F60201086840F080700860FCF73C
:10DB000023F90990FFE744F20040C5F602000068DF
:10DB100000F000710020B0EB516F0CD1FFE7FCF773
:10DB200013F90999401A032804D3FFE703208DF85D
:10DB30002F00B1E0E7E724E044F20041C5F602011E
:10DB4000086820F080700860FCF7FEF80990FFE795
:10DB500044F20040C5F60200006800F000710020A9
:10DB6000B0EB516F0CD0FFE7FCF7EEF80999401AC3
:10DB7000032804D3FFE703208DF82F008CE0E7E7AC
:10DB8000FFE784E044F22840C5F6020000680890F0
:10DB900044F23040C5F60200006807900A98406AD7
:10DBA000012837D0FFE7089800F003000A99896A36
:10DBB00088422FD1FFE7089800F47C710A98C06A68
:10DBC000B0EB111F26D1FFE707986FF35F200A998A
:10DBD000096B013988421DD1FFE7BDF81C100A9876
:10DBE000406B0138B0EB512F14D1FFE7079800F4D8
:10DBF000FE010A98806B0138B0EB114F0AD1FFE7A4
:10DC0000079800F0FE410A98C06B0138B0EB116F25
:10DC100004D0FFE701208DF82F003DE044F23440AE
:10DC2000C5F60200006880B2C00808900A98806CAF
:10DC30000899884229D0FFE744F22C41C5F6020139
:10DC4000086820F001000860FCF77EF80990FFE703
:10DC5000FCF77AF80999401A08B9FFE7F8E744F2A7
:10DC60003441C5F6020108684FF6F87290430A9AEB
:10DC7000926C40EAC200086044F22C41C5F60201F1
:10DC8000086840F001000860FFE7FFE7FFE7FFE7F3
:10DC900000208DF82F00FFE79DF82F000CB080BD0D
:10DCA00080B586B00490039102920193049820B944
:10DCB000FFE701208DF8170056E00498D0F888009F
:10DCC00040B9FFE70499002081F88400049803F02C
:10DCD000B3F9FFE704992420C1F88800049801688B
:10DCE000086820F0010008600498806A20B1FFE70E
:10DCF00004980CF0D1FAFFE704980CF0EDFD012830
:10DD000004D1FFE701208DF817002DE00498016889
:10DD1000886840F48040886004980068806820F437
:10DD200000400399084304990968886002984005F7
:10DD300000900199009840EA014000900498006822
:10DD400000686FF319400099084304990968086056
:10DD500004980168086840F00100086004980CF01D
:10DD60003FFB8DF81700FFE79DF8170006B080BD58
:10DD700081B0009001B0704780B588B007900798D7
:10DD80000068006906900798006840690590069849
:10DD90000599084004900798006880680390002067
:10DDA0000290079890F881008DF8070007980068A6
:10DDB000303000909DF815000007002810D5FFE7CF
:10DDC0009DF81800000700280AD5FFE707980168AA
:10DDD000886940F400608861079800F0BDFB91E11C
:10DDE0009DF810004006002815D4FFE79DF81000AC
:10DDF000800600280FD4FFE79DF810004007002898
:10DE000009D5FFE70798416F88470798016F884752
:10DE100001200290FFE79DF810004006002811D471
:10DE2000FFE79DF81000C00760B1FFE79DF8100004
:10DE30004007002806D4FFE70798016F88470120B4
:10DE40000290FFE79DF810008006002812D4FFE73B
:10DE50009DF81000800700280CD5FFE79DF8100002
:10DE60004007002806D4FFE70798416F8847012044
:10DE70000290FFE7029808B1FFE743E19DF8100028
:10DE80000007002840F18980FFE70798016888694A
:10DE900040F00800886107980168886940F0100028
:10DEA000886107980168886940F400608861079874
:10DEB0000168086920F00800086107980068806818
:10DEC00010F4404F3AD1FFE7FFE70798B0F86A0037
:10DED00098B3FFE70798C06810280BD3FFE70798AF
:10DEE0000068006B0799496E08600799486E043016
:10DEF00048661BE00798C06808280AD3FFE7009827
:10DF000000880799496E08800799486E0230486674
:10DF10000BE00798006890F830000799496E087088
:10DF20000799486E01304866FFE7FFE70799B1F8A7
:10DF30006A000138A1F86A00C7E7FFE7079809F00F
:10DF4000CFFE0799012081F881000798D0F884005E
:10DF500020B1FFE70798FFF70BFFD3E09DF807001C
:10DF6000052804D1FFE7079800F082FE14E09DF831
:10DF70000700042804D1FFE7079800F0E9FA0AE057
:10DF80009DF80700032804D1FFE7079800F06CFE16
:10DF900000E0FFE7FFE7FFE7B4E0BDF8100010F492
:10DFA000587F00F0AF80FFE79DF810004006002882
:10DFB0000ED5FFE70799D1F8840040F00400C1F8BE
:10DFC000840007980168886940F040008861FFE795
:10DFD0009DF81100800700280ED5FFE70799D1F8BA
:10DFE000840040F00100C1F8840007980168886946
:10DFF00040F400708861FFE79DF81100C00770B120
:10E00000FFE70799D1F8840040F00800C1F88400C8
:10E0100007980168886940F480708861FFE79DF87F
:10E020001000800600280ED5FFE70799D1F884007C
:10E0300040F08000C1F8840007980168886940F0CA
:10E0400020008861FFE70798D0F88400002858D0A6
:10E05000FFE707980168086820F00100086007984A
:10E060000168086940F26B3290430861039800F43C
:10E070004040B0F5404F3BD1FFE707980168886802
:10E0800020F4404088600798C06FB0B1FFE7079860
:10E09000C16F47F6F950C0F6010008650798C06FD8
:10E0A000F7F79EFC40B1FFE70799D1F8840040F0F4
:10E0B0004000C1F88400FFE7FFE70798806FB0B128
:10E0C000FFE70798816F47F6F950C0F60100086531
:10E0D0000798806FF7F784FC40B1FFE70799D1F804
:10E0E000840040F04000C1F88400FFE7FFE707E04C
:10E0F0000799012081F881000798FFF739FEFFE7B3
:10E10000FFE7FFE708B080BD80B586B004900498B3
:10E1100020B9FFE701208DF817003AE10498406A22
:10E1200008B9FFE7FFE704990020886204980068B7
:10E1300043F20001C4F2010188421BD0FFE70498BA
:10E14000006843F60001C4F20001884212D0FFE7E4
:10E150000498006843F60041C4F20001884209D0E7
:10E16000FFE70498C068102804D3FFE701208DF86A
:10E1700017000EE1049809F057FE02900498006819
:10E1800043F20001C4F20101884216D0FFE704986F
:10E19000006843F60001C4F2000188420DD0FFE799
:10E1A0000498006843F60041C4F20001884204D09C
:10E1B000FFE7029808281FD8FFE70498006843F299
:10E1C0000001C4F20101884212D0FFE70498006800
:10E1D00043F60001C4F20001884209D0FFE7049829
:10E1E000006843F60041C4F20001884208D1FFE70D
:10E1F0000298112804D3FFE701208DF81700C8E02A
:10E20000049890F8810040B9FFE70499002081F854
:10E210008000049800F0C4F8FFE70499022081F818
:10E22000810004980168086820F0010008600498E3
:10E230000068806800F4F810039004988069B0F1D9
:10E24000806F1BD1FFE704984068B0F5800F04D1C0
:10E25000FFE70498806B50B1FFE70498406868B905
:10E26000FFE70498806BB0F1805F07D1FFE7049867
:10E270000168086840F480500860FFE704988079DE
:10E280004006002810D5FFE70498C06807280BD384
:10E29000FFE704980068006820F48070049A116811
:10E2A000126D1043086006E004980168086820F4C5
:10E2B00080700860FFE7049B1968DA68D869D3F8B2
:10E2C00028C040EA0C00DDF80CC040EA0C00DB6B13
:10E2D000184310438860049A0192506B516A0843B6
:10E2E000916B0843916908431168D2F804C09368A0
:10E2F000D2F810E040EA0E00D2F814E040EA0E0036
:10E30000D2F820E040EA0E0040EA0C00D2F84CC0FF
:10E3100040EA0C001843936C1843926D1043C86098
:10E320000498406898B9FFE7049800688068012164
:10E3300061F3CC20049909688860049800688068BB
:10E34000022161F34A20049909688860FFE7049874
:10E350000168086D20F00100086504988079400686
:10E3600000280BD5FFE704980068C06820F0004043
:10E37000049A1168526D1043C860FFE704990020A9
:10E38000C1F88400049A012182F881108DF81700E9
:10E39000FFE79DF8170006B080BD000000000000F8
:10E3A00080B5BEB03D9000203C903B903A903990B3
:10E3B00038900AA8B821F2F7C2F93D98006843F6F0
:10E3C0000001C4F20001884240F0BF80FFE7002056
:10E3D0000B904FF480510A9121900AA8FDF7F4FAAE
:10E3E00018B1FFE7F5F7A8F8FFE7FFE744F2E840C8
:10E3F000C5F60200016841F480410160006800F444
:10E40000804009900998FFE7FFE744F2E040C5F635
:10E410000200016841F004010160006800F004009E
:10E4200008900898FFE7FFE744F2E040C5F60200D5
:10E43000016841F002010160006800F002000790ED
:10E440000798FFE7062038900220029039900020BC
:10E4500005903A903B90052003903C9040F60000D8
:10E46000C5F6020038A90491FBF782FA029B0398D3
:10E470000499059A4FF4005CCDF8E0C039933A92C4
:10E480003B923C9040F20040C5F60200FBF770FA68
:10E49000059943F6B860C2F2004006901022C4F21B
:10E4A00002020260272242608160C1604FF48062F4
:10E4B000026141618161C1614FF440320262416297
:10E4C000F8F7C6FE18B1FFE7F5F736F8FFE7FFE704
:10E4D0003D9843F6B861C2F20041C1673D98886338
:10E4E000FFE743F63070C2F2004001902821C4F2E9
:10E4F0000201016028214160402181600021C1604A
:10E500004FF48062026141618161C1614FF4403228
:10E5100002624162F8F79CFE18B1FFE7F5F70CF8CC
:10E52000FFE7FFE73D9843F63071C2F20041816793
:10E530003D988863FFE72420009005210022FBF727
:10E540005BFD0098FBF74CFDFFE73EB080BD00008F
:10E5500081B0009001B0704781B0009001B0704769
:10E5600080B590B0DDF848C00E900D910C92ADF8DA
:10E570002E300E98006820300A900E9800683030D7
:10E5800009900E98C16B012000EB5110ADF81200FC
:10E59000FBF7DAFB0890BDF82E00ADF81600BDF8C9
:10E5A0002E00ADF814000E9890F88100012804D0D8
:10E5B000FFE702208DF83F0050E30D9838B1FFE7E8
:10E5C0000C9820B1FFE7BDF82E0020B9FFE701202D
:10E5D0008DF83F0042E3FFE70E9890F88000012895
:10E5E00004D1FFE702208DF83F0037E30E990120A8
:10E5F00081F88000FFE7FFE70E99052081F8810090
:10E600000E990020C1F884000C990E9A5166BDF84D
:10E610002E100E9AA2F86A10BDF82E100E9AA2F8CB
:10E6200068100D990E9AD165BDF82E100E9AA2F8B9
:10E630006210BDF82E100E9AA2F860100E990867AD
:10E640000E9948670E980068C06820F4C0200E99A3
:10E650000968C8600E98006843F20001C4F2010125
:10E66000884212D0FFE70E98006843F60001C4F21A
:10E670000001884209D0FFE70E98006843F6004188
:10E68000C4F20001884203D1FFE71020079002E0A6
:10E6900008200790FFE70E98006840684FF6FF716A
:10E6A0008843BDF82E1008440E99096848600E98FA
:10E6B0000168086840F0010008600E984068B0F5F5
:10E6C000800F07D1FFE70E980168086840F40070DA
:10E6D0000860FFE70E98C0681028C0F0B580FFE71B
:10E6E000079880080790FFE7BDF8161001200390F7
:10E6F00039B9FFE7BDF81400002818BF01200390C6
:10E70000FFE70398C007002800F09D80FFE70E9800
:10E71000006840698007002822D5FFE7BDF8160091
:10E72000F0B1FFE7BDF81400BDF81610079A1144C8
:10E73000884215D2FFE70E980168C06D0068086234
:10E740000E99C86D0430C8650E99B1F862000138A1
:10E75000A1F862000E98B0F86200ADF81600FFE76D
:10E760000E98006840690690BDF81400002869D032
:10E77000FFE70E9800684069C007B0B1FFE70E9848
:10E780000068006B0E99496E08600E99486E04305F
:10E7900048660E99B1F86A000138A1F86A000E982F
:10E7A000B0F86A00ADF814004BE0BDF81400BDF8F5
:10E7B000121088421CDAFFE79DF8190000060028B5
:10E7C00016D5FFE70E980068006B0E99496E086039
:10E7D0000E99486E043048660E99B1F86A00013807
:10E7E000A1F86A000E98B0F86A00ADF8140027E0AE
:10E7F000FBF7AAFA0899401A1299884204D3FFE756
:10E800001298013018B9FFE71298C0B9FFE70E98C7
:10E8100009F066FA0E99D1F8840040F48070C1F8CE
:10E8200084000E99012081F88100FFE70E990020F5
:10E8300081F88000FFE703208DF83F000EE2FFE73C
:10E84000FFE7FFE750E7DCE10E98C0680828C0F05A
:10E85000DE80FFE7079840080790FFE7BDF8161035
:10E860000120029039B9FFE7BDF81400002818BF55
:10E8700001200290FFE70298C007002800F0C68040
:10E88000FFE70E98006840698007002822D5FFE75F
:10E89000BDF81600F0B1FFE7BDF81400BDF8161082
:10E8A000079A1144884215D2FFE70E98C06D008880
:10E8B0000A9908800E99C86D0230C8650E99B1F8A2
:10E8C00062000138A1F862000E98B0F86200ADF85D
:10E8D0001600FFE70E98006840690690BDF8140026
:10E8E000002800F09280FFE70E9800684069C0079A
:10E8F000A8B1FFE7099800880E99496E08800E9923
:10E90000486E023048660E99B1F86A000138A1F8E5
:10E910006A000E98B0F86A00ADF8140074E0BDF813
:10E920001400BDF81210884224DAFFE79DF81900A0
:10E93000000600281ED5FFE7099800880E99496E49
:10E9400008800E99486E02304866099800880E9932
:10E95000496E08800E99486E023048660E99B1F8EB
:10E960006A000238A1F86A000E98B0F86A00ADF8A3
:10E97000140048E0BDF8140001281BD1FFE79DF802
:10E9800019008006002815D5FFE7099800880E9920
:10E99000496E08800E99486E023048660E99B1F8AB
:10E9A0006A000138A1F86A000E98B0F86A00ADF864
:10E9B000140027E0FBF7C8F90899401A1299884219
:10E9C00004D3FFE71298013018B9FFE71298C0B9D5
:10E9D000FFE70E9809F084F90E99D1F8840040F40D
:10E9E0008070C1F884000E99012081F88100FFE752
:10E9F0000E99002081F88000FFE703208DF83F008A
:10EA00002CE1FFE7FFE7FFE7FFE727E7F8E0FFE795
:10EA1000BDF816100120019039B9FFE7BDF81400C8
:10EA2000002818BF01200190FFE70198C0070028C7
:10EA300000F0E580FFE70E98006840698007002835
:10EA400023D5FFE7BDF81600F8B1FFE7BDF81400C5
:10EA5000BDF81610079A1144884216D2FFE70E98A7
:10EA60000168C06D007881F820000E99C86D0130F2
:10EA7000C8650E99B1F862000138A1F862000E98DD
:10EA8000B0F86200ADF81600FFE70E980068406924
:10EA90000690BDF81400002800F0B080FFE70E9843
:10EAA00000684069C007B8B1FFE70E98006890F8A9
:10EAB00030000E99496E08700E99486E0130486614
:10EAC0000E99B1F86A000138A1F86A000E98B0F802
:10EAD0006A00ADF8140090E0BDF81400BDF8121003
:10EAE00088423EDAFFE79DF819000006002838D575
:10EAF000FFE70E98006890F830000E99496E087094
:10EB00000E99486E013048660E98006890F8300003
:10EB10000E99496E08700E99486E013048660E983D
:10EB2000006890F830000E99496E08700E99486E92
:10EB3000013048660E98006890F830000E99496ED2
:10EB400008700E99486E013048660E99B1F86A0057
:10EB50000438A1F86A000E98B0F86A00ADF8140005
:10EB60004AE0BDF8140003281DD8FFE79DF81900FE
:10EB700010F0600F17D0FFE70E98006890F8300093
:10EB80000E99496E08700E99486E013048660E99CC
:10EB9000B1F86A000138A1F86A000E98B0F86A006E
:10EBA000ADF8140027E0FBF7CFF80899401A129946
:10EBB000884204D3FFE71298013018B9FFE7129892
:10EBC000C0B9FFE70E9809F08BF80E99D1F88400D0
:10EBD00040F48070C1F884000E99012081F8810012
:10EBE000FFE70E99002081F88000FFE703208DF8F1
:10EBF0003F0033E0FFE7FFE7FFE7FFE708E7FFE756
:10EC0000FFE70E98129B08996A46116008210022BE
:10EC100009F022F940B1FFE70E99D1F8840040F0E5
:10EC20002000C1F88400FFE70E9809F059F80E990A
:10EC3000012081F88100FFE70E99002081F8800013
:10EC4000FFE70E98D0F8840020B1FFE701208DF88F
:10EC50003F0003E000208DF83F00FFE79DF83F00F4
:10EC600010B080BD0000000081B0009001B070477E
:10EC700081B0009001B0704782B00190009140F2E5
:10EC80000441C5F600010868019A9043009A1043B8
:10EC9000086002B07047000081B0009001B070477A
:10ECA00081B0009001B0704781B0009001B0704712
:10ECB00085B003900291FFE7039890F83C0001288B
:10ECC00004D1FFE702208DF81300ABE00399012087
:10ECD00081F83C00FFE7FFE70399022081F83D003F
:10ECE000039800684068019003980068806800906D
:10ECF000039800680021C4F20101884209D0FFE7AF
:10ED00000398006840F20041C4F2010188420AD130
:10ED1000FFE7019820F47000019002984168019883
:10ED200008430190FFE7019820F0700001900298DD
:10ED300001680198084301900198039909684860A7
:10ED4000039800680021C4F2010188424ED0FFE719
:10ED500003980068B0F1804F48D0FFE7039800683F
:10ED600040F20041C4F2000188423FD0FFE703981F
:10ED7000006840F60001C4F20001884236D0FFE787
:10ED80000398006840F60041C4F2000188422DD08B
:10ED9000FFE70398006840F20041C4F20101884295
:10EDA00024D0FFE70398006841F60001C4F2000197
:10EDB00088421BD0FFE70398006844F20001C4F2C8
:10EDC0000101884212D0FFE7039800684EF200016B
:10EDD000C4F20001884209D0FFE7039800684EF2B0
:10EDE0000041C4F2000188420ED1FFE7009820F0F4
:10EDF0008000009002988168009808430090009875
:10EE0000039909688860FFE70399012081F83D00B4
:10EE1000FFE70399002081F83C00FFE700208DF810
:10EE20001300FFE79DF8130005B0704700000000D5
:10EE300080B582B00090009820B9FFE701208DF8DE
:10EE4000070045E0009890F83D0040B9FFE70099C1
:10EE5000002081F83C00009800F03EF8FFE70099A0
:10EE6000022081F83D00009951F8040B09F0C4FD1F
:10EE70000099012081F84800FFE70099012081F8FE
:10EE80003E00009981F83F00009981F84000009908
:10EE900081F84100009981F84200009981F843000F
:10EEA000FFE7FFE70099012081F84400009981F80D
:10EEB0004500009981F84600009981F84700FFE776
:10EEC0000099012081F83D0000208DF80700FFE740
:10EED0009DF8070002B080BD80B584B00390039810
:10EEE000006840F20041C4F2000188423CD1FFE7D3
:10EEF000FFE744F2E840C5F60200016841F0020174
:10EF00000160006800F0020002900298FFE743F6FB
:10EF1000A870C2F2004001907021C4F202010160A9
:10EF200018214160402181600021C1604FF480625E
:10EF300002614FF4006242614FF400528261C1618C
:10EF400001624162F8F784F918B1FFE7F4F7F4FAC7
:10EF5000FFE7FFE7039843F6A871C2F20041816220
:10EF600003988863FFE7FFE704B080BD000000005E
:10EF700083B00190019890F83D00012804D0FFE78C
:10EF800001208DF80B0083E00199022081F83D00FB
:10EF900001980168C86840F00100C86001980068E5
:10EFA0000021C4F2010188424ED0FFE701980068B9
:10EFB000B0F1804F48D0FFE70198006840F200416F
:10EFC000C4F2000188423FD0FFE70198006840F694
:10EFD0000001C4F20001884236D0FFE701980068C2
:10EFE00040F60041C4F2000188422DD0FFE70198AD
:10EFF000006840F20041C4F20101884224D0FFE7DA
:10F000000198006841F60001C4F2000188421BD05B
:10F01000FFE70198006844F20001C4F20101884250
:10F0200012D0FFE7019800684EF20001C4F200011F
:10F03000884209D0FFE7019800684EF20041C4F20F
:10F040000001884219D1FFE7019800688068072114
:10F05000C0F2010108400090009806280CD0FFE79C
:10F060000098B0F5803F07D0FFE701980168086875
:10F0700040F001000860FFE706E0019801680868B9
:10F0800040F001000860FFE700208DF80B00FFE76B
:10F090009DF80B0003B0704780B586B004900391D3
:10F0A00000208DF80B00FFE7049890F83C00012841
:10F0B00004D1FFE702208DF81700D1E00499012068
:10F0C00081F83C00FFE7FFE70499022081F83D004A
:10F0D000049800688068019001984FF68871CFF617
:10F0E000CE7108400190019820F47F400190019872
:10F0F000049909688860039800680090002800F06F
:10F100009580FFE70098102800F09080FFE70098B6
:10F11000202800F08B80FFE70098302800F08680E0
:10F12000FFE70098402874D0FFE70098502856D099
:10F13000FFE7009860285FD0FFE7009870282AD08A
:10F14000FFE70098B0F5805F24D0FFE70098B0F5A6
:10F15000005F35D0FFE70098B0F5801F66D0FFE76D
:10F160000098B0F1101F61D0FFE700982021C0F295
:10F17000100188425AD0FFE700983021C0F21001F8
:10F18000884253D0FFE700984021C0F21001884226
:10F190004CD052E055E004980068039B5A68996887
:10F1A000DB6809F015FE04980068806801900198FA
:10F1B00040F077000190019804990968886040E068
:10F1C00004980068039B5A689968DB6809F000FEA0
:10F1D00004980168886840F48040886031E00498B1
:10F1E0000068039A5168D2680AF082F904980068AE
:10F1F000502109F009FE24E004980068039A516840
:10F20000D2680AF09DF904980068602109F0FCFDBD
:10F2100017E004980068039A5168D2680AF068F908
:10F2200004980068402109F0EFFD0AE004980068A6
:10F230000399096809F0E8FD03E001208DF80B004F
:10F24000FFE70499012081F83D00FFE704990020C1
:10F2500081F83C00FFE79DF80B008DF81700FFE7F1
:10F260009DF8170006B080BD81B0009001B07047D6
:10F2700081B0009001B0704780B584B003900398CE
:10F280000068C068029003980068006901909DF8CA
:10F2900004008007002824D5FFE79DF808008007B8
:10F2A00000281DD5FFE7039801686FF00200086190
:10F2B000039901200877039800688069800720B1CE
:10F2C000FFE70398FFF7D4FF06E0039800F05CF92E
:10F2D000039800F0B1FAFFE7039900200877FFE7F1
:10F2E000FFE79DF804004007002825D5FFE79DF8BB
:10F2F0000800400700281ED5FFE7039801686FF05B
:10F300000400086103990220087703980068806967
:10F3100010F4407F04D0FFE70398FFF7A9FF06E051
:10F32000039800F031F9039800F086FAFFE703999B
:10F3300000200877FFE7FFE79DF80400000700289A
:10F3400024D5FFE79DF80800000700281DD5FFE73A
:10F35000039801686FF0080008610399042008779A
:10F3600003980068C069800720B1FFE70398FFF7A2
:10F370007FFF06E0039800F007F9039800F05CFABD
:10F38000FFE7039900200877FFE7FFE79DF80400F7
:10F39000C006002825D5FFE79DF80800C006002814
:10F3A0001ED5FFE7039801686FF01000086103990C
:10F3B0000820087703980068C06910F4407F04D0E3
:10F3C000FFE70398FFF754FF06E0039800F0DCF82E
:10F3D000039800F031FAFFE7039900200877FFE770
:10F3E000FFE79DF80400C00778B1FFE79DF808002B
:10F3F000C00748B1FFE7039801686FF0010008619A
:10F40000039800F0C9FFFFE7FFE7019800F08000D4
:10F41000802806D0FFE79DF805008006002810D55B
:10F42000FFE79DF808000006002809D5FFE70398CC
:10F4300001686FF4025008610398FFF731FCFFE7A1
:10F44000FFE79DF80500C00780B1FFE79DF80800C1
:10F450000006002809D5FFE7039801686FF4807063
:10F4600008610398FFF718FCFFE7FFE79DF8040029
:10F470004006002810D5FFE79DF808004006002848
:10F4800009D5FFE7039801686FF040000861039811
:10F4900000F092FFFFE7FFE79DF8040080060028D8
:10F4A00010D5FFE79DF808008006002809D5FFE782
:10F4B000039801686FF0200008610398FFF7F4FBE0
:10F4C000FFE7FFE704B080BD80B588B0079000205B
:10F4D000069005900490039002900798006840F20F
:10F4E0000041C4F2000188421FD1FFE7FFE744F268
:10F4F000E040C5F60200016841F0010101600068CA
:10F5000000F0010001900198FFE7802002900220A6
:10F510000390002104910321059106900020C5F677
:10F52000020002A9FAF724FA29E00798006841F6D8
:10F530000001C4F20001884220D1FFE7FFE744F256
:10F54000E040C5F60200016841F002010160006878
:10F5500000F0020000900098FFE74FF40040029096
:10F5600002200390002104910591069040F2004092
:10F57000C5F6020002A9FAF7FBF9FFE7FFE708B0BA
:10F5800080BD00000000000081B0009001B0704715
:10F5900080B586B004900391029200208DF8070098
:10F5A000FFE7049890F83C00012804D1FFE702200F
:10F5B0008DF81700C0E00499012081F83C00FFE7B6
:10F5C000FFE702980090142800F2A7800099DFE876
:10F5D00001F00BA4A4A424A4A4A43EA4A4A457A40E
:10F5E000A4A471A4A4A48A0004980068039909F053
:10F5F00023FC04980168886940F008008861049839
:10F600000168886920F00400886103980269049801
:10F61000016888691043886183E004980068039951
:10F6200009F0B2FC04980168886940F400608861C0
:10F6300004980168886920F48060886103980269F1
:10F6400004980168886940EA0220886169E00498AA
:10F650000068039909F050FD04980168C86940F0FA
:10F660000800C86104980168C86920F00400C861F6
:10F670000398026904980168C8691043C86150E0A2
:10F6800004980068039909F0EFFD04980168C869BF
:10F6900040F40060C86104980168C86920F4806083
:10F6A000C8610398026904980168C86940EA0220A9
:10F6B000C86136E004980068039909F045FE049893
:10F6C0000168486D40F00800486504980168486D7D
:10F6D00020F0040048650398026904980168486DA9
:10F6E000104348651DE004980068039909F094FEF2
:10F6F00004980168486D40F400604865049801680A
:10F70000486D20F480604865039802690498016898
:10F71000486D40EA0220486503E001208DF80700AB
:10F72000FFE7FFE70499002081F83C00FFE79DF820
:10F7300007008DF81700FFE79DF8170006B080BDA1
:10F7400080B582B00090009820B9FFE701208DF8C5
:10F75000070045E0009890F83D0040B9FFE70099A8
:10F76000002081F83C00009800F03EF8FFE7009987
:10F77000022081F83D00009951F8040B09F03CF992
:10F780000099012081F84800FFE70099012081F8E5
:10F790003E00009981F83F00009981F840000099EF
:10F7A00081F84100009981F84200009981F84300F6
:10F7B000FFE7FFE70099012081F84400009981F8F4
:10F7C0004500009981F84600009981F84700FFE75D
:10F7D0000099012081F83D0000208DF80700FFE727
:10F7E0009DF8070002B080BD80B584B003900398F7
:10F7F000006841F60001C4F20001884219D1FFE718
:10F80000FFE744F2E840C5F60200016841F040011C
:10F810000160006800F0400002900298FFE72B2092
:10F82000019005210022FAF7E7FB0198FAF7D8FBCF
:10F83000FFE704B080BD000080B582B00190019860
:10F84000006840F20041C4F2000188420ED1FFE797
:10F850000198042100F098FC019801680020886359
:10F860004FF28051C2F201410870FFE702B080BD43
:10F8700081B0009001B0704780B590B00E900D91AE
:10F880000D9828B9FFE70E9890F83E000B9034E0F1
:10F890000D98042805D1FFE70E9890F83F000A90D4
:10F8A00028E00D98082805D1FFE70E9890F8400051
:10F8B00009901CE00D980C2805D1FFE70E9890F8F0
:10F8C0004100089010E00D98102805D1FFE70E9830
:10F8D00090F84200079004E00E9890F843000790DB
:10F8E000FFE707980890FFE708980990FFE7099855
:10F8F0000A90FFE70A980B90FFE70B98012804D0C5
:10F90000FFE701208DF83F0003E10D9828B9FFE7DC
:10F910000E99022081F83E0038E00D98042806D1A7
:10F92000FFE70E99022081F83F0006902CE00D9829
:10F93000082806D1FFE70E99022081F840000590C3
:10F940001FE00D980C2806D1FFE70E99022081F8E0
:10F950004100049012E00D98102806D1FFE70E999F
:10F96000022081F84200039005E00E99022081F800
:10F9700043000390FFE703980490FFE70498059085
:10F98000FFE705980690FFE70698FFE70E980068E6
:10F990000D990122019209F013F901980E99096855
:10F9A0000022C4F20102914202902DD0FFE70E988E
:10F9B0000168012040F20042C4F20102914202902B
:10F9C00022D0FFE70E980168012044F20002C4F241
:10F9D00001029142029017D0FFE70E9801680120C2
:10F9E00044F20042C4F20102914202900CD0FFE7BF
:10F9F0000E9800684BF60001CBF6FE710844B0FA91
:10FA000080F040090290FFE70298C00738B1FFE795
:10FA10000E980168486C40F400404864FFE70E9877
:10FA200000680021C4F2010188424ED0FFE70E9821
:10FA30000068B0F1804F48D0FFE70E98006840F2B0
:10FA40000041C4F2000188423FD0FFE70E980068F1
:10FA500040F60001C4F20001884236D0FFE70E985C
:10FA6000006840F60041C4F2000188422DD0FFE753
:10FA70000E98006840F20041C4F20101884224D08F
:10FA8000FFE70E98006841F60001C4F200018842C9
:10FA90001BD0FFE70E98006844F20001C4F2010198
:10FAA000884212D0FFE70E9800684EF20001C4F2BF
:10FAB0000001884209D0FFE70E9800684EF200412D
:10FAC000C4F20001884219D1FFE70E9800688068EF
:10FAD0000721C0F2010108400C900C9806280CD0B8
:10FAE000FFE70C98B0F5803F07D0FFE70E9801685C
:10FAF000086840F001000860FFE706E00E98016822
:10FB0000086840F001000860FFE700208DF83F0022
:10FB1000FFE79DF83F0010B080BD0000000000002E
:10FB200080B598B0169015911492ADF84E30002023
:10FB30008DF84D00159828B9FFE7169890F83E000B
:10FB4000119034E01598042805D1FFE7169890F835
:10FB50003F00109028E01598082805D1FFE7169877
:10FB600090F840000F901CE015980C2805D1FFE795
:10FB7000169890F841000E9010E01598102805D1C5
:10FB8000FFE7169890F842000D9004E0169890F860
:10FB900043000D90FFE70D980E90FFE70E980F9031
:10FBA000FFE70F981090FFE710981190FFE711986A
:10FBB000022804D1FFE702208DF85F001DE21598AE
:10FBC00028B9FFE7169890F83E000C9034E015989D
:10FBD000042805D1FFE7169890F83F000B9028E025
:10FBE0001598082805D1FFE7169890F840000A906C
:10FBF0001CE015980C2805D1FFE7169890F84100F5
:10FC0000099010E01598102805D1FFE7169890F894
:10FC10004200089004E0169890F843000890FFE72F
:10FC200008980990FFE709980A90FFE70A980B9057
:10FC3000FFE70B980C90FFE70C9801284ED1FFE7E7
:10FC4000149820B1FFE7BDF84E0020B9FFE701206E
:10FC50008DF85F00D1E1159828B9FFE716990220C9
:10FC600081F83E0038E01598042806D1FFE7169980
:10FC7000022081F83F0007902CE01598082806D153
:10FC8000FFE71699022081F8400006901FE01598C2
:10FC90000C2806D1FFE71699022081F84100059053
:10FCA00012E01598102806D1FFE71699022081F876
:10FCB0004200049005E01699022081F84300049068
:10FCC000FFE704980590FFE705980690FFE7069880
:10FCD0000790FFE70798FFE7FFE703E001208DF8B3
:10FCE0005F008AE1FFE7159803900C2800F2B680C8
:10FCF0000399DFE801F007B3B3B332B3B3B35DB335
:10FD0000B3B388001698416A48F6F930C0F601008E
:10FD1000C8631698416A48F6B940C0F60100086405
:10FD20001698416A48F63150C0F60100C86416982A
:10FD30000268406A14993432BDF84E30F7F738FF44
:10FD400020B1FFE701208DF85F0056E116980168A9
:10FD5000C86840F40070C86084E01698816A48F66C
:10FD6000F930C0F60100C8631698816A48F6B940B8
:10FD7000C0F6010008641698816A48F63150C0F652
:10FD80000100C86416980268806A14993832BDF878
:10FD90004E30F7F70DFF20B1FFE701208DF85F002F
:10FDA0002BE116980168C86840F48060C86059E08B
:10FDB0001698C16A48F6F930C0F60100C863169873
:10FDC000C16A48F6B940C0F6010008641698C16AD5
:10FDD00048F63150C0F60100C86416980268C06A3F
:10FDE00014993C32BDF84E30F7F7E2FE20B1FFE740
:10FDF00001208DF85F0000E116980168C86840F4A2
:10FE00000060C8602EE01698016B48F6F930C0F625
:10FE10000100C8631698016B48F6B940C0F60100AE
:10FE200008641698016B48F63150C0F60100C864AA
:10FE300016980268006B14994032BDF84E30F7F7FF
:10FE4000B7FE20B1FFE701208DF85F00D5E01698DE
:10FE50000168C86840F48050C86003E001208DF854
:10FE60004D00FFE79DF84D00002840F0C180FFE7FE
:10FE70001698006815990122019208F0A1FE0198D8
:10FE8000169909680022C4F20102914202902DD015
:10FE9000FFE716980168012040F20042C4F2010217
:10FEA0009142029022D0FFE716980168012044F2A7
:10FEB0000002C4F201029142029017D0FFE71698A7
:10FEC0000168012044F20042C4F201029142029012
:10FED0000CD0FFE7169800684BF60001CBF6FE71D8
:10FEE0000844B0FA80F040090290FFE70298C0078A
:10FEF00038B1FFE716980168486C40F40040486448
:10FF0000FFE7169800680021C4F2010188424ED034
:10FF1000FFE716980068B0F1804F48D0FFE71698C9
:10FF2000006840F20041C4F2000188423FD0FFE780
:10FF30001698006840F60001C4F20001884236D0ED
:10FF4000FFE71698006840F60041C4F200018842BD
:10FF50002DD0FFE71698006840F20041C4F201017D
:10FF6000884224D0FFE71698006841F60001C4F2E9
:10FF7000000188421BD0FFE71698006844F2000198
:10FF8000C4F20101884212D0FFE7169800684EF2D1
:10FF90000001C4F20001884209D0FFE7169800680A
:10FFA0004EF20041C4F20001884219D1FFE71698D1
:10FFB000006880680721C0F2010108401290129881
:10FFC00006280CD0FFE71298B0F5803F07D0FFE776
:10FFD00016980168086840F001000860FFE706E035
:10FFE00016980168086840F001000860FFE7FFE725
:10FFF0009DF84D008DF85F00FFE79DF85F0018B099
:020000040801F1
:1000000080BD00000000000080B588B00790069118
:10001000079800680699002208F0D2FD0798016849
:1000200001200022C4F20102914205902DD0FFE789
:1000300007980168012040F20042C4F20102914297
:10004000059022D0FFE707980168012044F20002E2
:10005000C4F201029142059017D0FFE707980168AA
:10006000012044F20042C4F20102914205900CD0FA
:10007000FFE7079800684BF60001CBF6FE710844D5
:10008000B0FA80F040090590FFE70598C007D8B1A5
:10009000FFE7FFE707980068006A41F21111084284
:1000A00010D1FFE707980068006A40F24441084217
:1000B00007D1FFE707980168486C20F400404864C6
:1000C000FFE7FFE7FFE7FFE7FFE707980068006A41
:1000D00041F21111084210D1FFE707980068006A49
:1000E00040F24441084207D1FFE7079801680868D9
:1000F00020F001000860FFE7FFE7FFE7069828B956
:10010000FFE70799012081F83E0038E006980428AF
:1001100006D1FFE70799012081F83F0004902CE009
:100120000698082806D1FFE70799012081F84000CA
:1001300003901FE006980C2806D1FFE707990120DD
:1001400081F84100029012E00698102806D1FFE7DE
:100150000799012081F84200019005E007990120EC
:1001600081F843000190FFE701980290FFE70298B1
:100170000390FFE703980490FFE70498FFE700204F
:1001800008B080BD0000000080B58AB009900891D9
:1001900000208DF81F00089806900C2835D8069985
:1001A000DFE801F007333333123333331D33333396
:1001B000280009980168C86820F40070C860099890
:1001C000406AF5F70DFC24E009980168C86820F43E
:1001D0008060C8600998806AF5F702FC19E0099808
:1001E0000168C86820F40060C8600998C06AF5F723
:1001F000F7FB0EE009980168C86820F48050C860D9
:100200000998006BF5F7ECFB03E001208DF81F0067
:10021000FFE79DF81F00002840F0B980FFE709982C
:1002200000680899002208F0CBFC099801680120B9
:100230000022C4F20102914205902DD0FFE70998F7
:100240000168012040F20042C4F20102914205908F
:1002500022D0FFE709980168012044F20002C4F2AD
:1002600001029142059017D0FFE70998016801202B
:1002700044F20042C4F20102914205900CD0FFE723
:10028000099800684BF60001CBF6FE710844B0FAFD
:1002900080F040090590FFE70598C007D8B1FFE757
:1002A000FFE709980068006A41F21111084210D175
:1002B000FFE709980068006A40F24441084207D10C
:1002C000FFE709980168486C20F400404864FFE7A4
:1002D000FFE7FFE7FFE7FFE709980068006A41F2E0
:1002E0001111084210D1FFE709980068006A40F236
:1002F0004441084207D1FFE709980168086820F0E7
:1003000001000860FFE7FFE7FFE7089828B9FFE76B
:100310000999012081F83E0038E00898042806D1A8
:10032000FFE70999012081F83F0004902CE008982C
:10033000082806D1FFE70999012081F840000390C1
:100340001FE008980C2806D1FFE70999012081F8E1
:100350004100029012E00898102806D1FFE70999A1
:10036000012081F84200019005E00999012081F8FF
:1003700043000190FFE701980290FFE70298039085
:10038000FFE703980490FFE70498FFE7FFE79DF875
:100390001F000AB080BD000080B582B001900198B6
:1003A0000068B0F1804F03D1FFE7F9F7D5FCFFE714
:1003B00002B080BD0000000081B0009001B0704725
:1003C00083B00190FFE7019890F88400012804D1E0
:1003D000FFE702208DF80B002CE00199012081F845
:1003E0008400FFE7FFE701992420C1F88800019805
:1003F00000680068009001980168086820F001001A
:100400000860009820F00050009001990020486694
:10041000009801990968086001992020C1F88800B6
:10042000FFE70199002081F88400FFE700208DF8A4
:100430000B00FFE79DF80B0003B0704700000000C1
:1004400080B586B004900391ADF80A200498D0F8E6
:100450008C00202844D1FFE7039820B1FFE7BDF8C6
:100460000A0020B9FFE701208DF817003CE004994D
:100470000120C86604990020086704980399BDF814
:100480000A200AF051FF8DF809009DF8090010BB01
:10049000FFE70498C06E012818D1FFE704980168AF
:1004A00010200862FFE7FFE70498006850E8000F9B
:1004B00040F010000190FFE701990498026842E8BB
:1004C00000100028F0D1FFE7FFE703E001208DF8DE
:1004D0000900FFE7FFE79DF809008DF8170003E02A
:1004E00002208DF81700FFE79DF8170006B080BDC9
:1004F00080B584B00390ADF80A10039844F6B43187
:10050000C2F20041884206D1FFE7F0F76DFA0C20F5
:10051000F2F7FEFFFFE7039844F64841C2F20041BC
:10052000884240F0F780FFE70B20F2F7F1FF4FF22F
:100530008440C2F20140019046F21E31C2F20041F5
:100540000091F2F795FD009846F2E021C2F20041D9
:10055000F2F75AFE019946F23832C2F20042002008
:10056000106044F64840C2F200401922FFF768FFCD
:1005700044F22000C2F2004000681021C4F20201DF
:10058000884200F0B280FFE744F22000C2F200404F
:1005900000682821C4F20201884200F0A680FFE72B
:1005A00044F22000C2F2004000684021C4F202017F
:1005B000884200F09A80FFE744F22000C2F2004037
:1005C00000685821C4F20201884200F08E80FFE7E3
:1005D00044F22000C2F2004000687021C4F202011F
:1005E000884200F08280FFE744F22000C2F200401F
:1005F00000688821C4F20201884276D0FFE744F205
:100600002000C2F200400068A021C4F2020188422A
:100610006BD0FFE744F22000C2F200400068B8212E
:10062000C4F20201884260D0FFE744F22000C2F227
:100630000040006840F21041C4F20201884254D0E8
:10064000FFE744F22000C2F20040006840F2284177
:10065000C4F20201884248D0FFE744F22000C2F20F
:100660000040006840F24041C4F2020188423CD0A0
:10067000FFE744F22000C2F20040006840F2584117
:10068000C4F20201884230D0FFE744F22000C2F2F7
:100690000040006840F27041C4F20201884224D058
:1006A000FFE744F22000C2F20040006840F28841B7
:1006B000C4F20201884218D0FFE744F22000C2F2DF
:1006C0000040006840F2A041C4F2020188420CD010
:1006D000FFE744F22000C2F20040006840F2B84157
:1006E000C4F2020188420AD1FFE744F22000C2F2BC
:1006F00000400168086820F00800086009E044F242
:100700002000C2F200400168086820F00400086080
:10071000FFE7FFE7039844F62031C2F20041884228
:100720000DD1FFE744F6DC41C2F200410020086031
:1007300040F65120C2F2004002F022FAFFE704B076
:1007400080BD00000000000081B0009001B0704743
:1007500080B584B002900191FFE7029890F8840080
:10076000012804D1FFE702208DF80F0032E0029942
:10077000012081F88400FFE7FFE702992420C1F8F7
:100780008800029800680068009002980168086874
:1007900020F00100086002980068806820F0606026
:1007A00001990843029909688860029809F030FDB0
:1007B000009802990968086002992020C1F8880011
:1007C000FFE70299002081F88400FFE700208DF800
:1007D0000F00FFE79DF80F0004B080BD000000008F
:1007E00080B584B002900191FFE7029890F88400F0
:1007F000012804D1FFE702208DF80F0032E00299B2
:10080000012081F88400FFE7FFE702992420C1F866
:1008100088000298006800680090029801680868E3
:1008200020F00100086002980068806820F06040B5
:1008300001990843029909688860029809F0E8FC68
:10084000009802990968086002992020C1F8880080
:10085000FFE70299002081F88400FFE700208DF86F
:100860000F00FFE79DF80F0004B080BD00000000FE
:1008700081B0009001B0704781B0009001B0704726
:1008800081B0009001B0704780B592B0119011987E
:100890000068C06910901198006800680F90119866
:1008A000006880680E90109840F60F0108400D9087
:1008B0000D98E0B9FFE79DF840008006002815D5A7
:1008C000FFE79DF83C008006002806D4FFE79DF86E
:1008D0003B00C006002809D5FFE71198406F20B102
:1008E000FFE71198416F8847FFE74AE3FFE70D985C
:1008F000002800F00C81FFE70E980121C1F20001F1
:10090000084209D1FFE70F9840F22011C0F20041E0
:10091000084200F0FC80FFE79DF84000C00788B166
:10092000FFE79DF83D00C00760B1FFE7119801683F
:10093000012008621199D1F8900040F00100C1F83F
:100940009000FFE79DF840008007002811D5FFE7E1
:100950009DF83800C00760B1FFE7119801680220D8
:1009600008621199D1F8900040F00400C1F890009D
:10097000FFE79DF840004007002811D5FFE79DF8EC
:100980003800C00760B1FFE71198016804200862D1
:100990001199D1F8900040F00200C1F89000FFE7F3
:1009A0009DF840000007002819D5FFE79DF83C009E
:1009B0008006002807D4FFE70E980121C1F200014C
:1009C00008420CD0FFE711980168082008621199CD
:1009D000D1F8900040F00800C1F89000FFE79DF8C2
:1009E00041000007002813D5FFE79DF83F004007AE
:1009F00000280DD5FFE7119801684FF400600862E8
:100A00001199D1F8900040F02000C1F89000FFE764
:100A10001198D0F89000002878D0FFE79DF84000AA
:100A20008006002815D5FFE79DF83C0080060028C9
:100A300006D4FFE79DF83B00C006002809D5FFE774
:100A40001198406F20B1FFE71198416F8847FFE789
:100A5000FFE71198D0F890000C901198006880681A
:100A600000F04000402806D0FFE79DF8300010F06D
:100A7000280F42D0FFE7119809F08AFE119800680C
:100A800080684006002833D5FFE7FFE7FFE71198AD
:100A9000006850E8020F20F040000B90FFE70B9930
:100AA0001198026842E802100028F0D1FFE7FFE742
:100AB0001198D0F88000B0B1FFE71198D0F88010FD
:100AC0004AF22950C0F6010008651198D0F880005C
:100AD000F4F786FF30B1FFE71198D0F88000016D80
:100AE0008847FFE703E01198FFF7CAFEFFE703E03E
:100AF0001198FFF7C5FEFFE707E01198FFF7C0FE6A
:100B000011990020C1F89000FFE7FFE739E2119842
:100B1000C06E012840F0D681FFE79DF84000C00676
:100B2000002840F1CF81FFE79DF83C00C006002877
:100B300040F1C881FFE71198016810200862119800
:100B4000006880684006002840F15A81FFE711984C
:100B5000D0F8800000681021C4F20201884200F041
:100B6000A280FFE71198D0F8800000682821C4F225
:100B70000201884200F09780FFE71198D0F88000CA
:100B800000684021C4F20201884200F08C80FFE737
:100B90001198D0F8800000685821C4F20201884200
:100BA00000F08180FFE71198D0F880000068702184
:100BB000C4F20201884276D0FFE71198D0F8800095
:100BC00000688821C4F2020188426CD0FFE71198C6
:100BD000D0F880000068A021C4F20201884262D0EF
:100BE000FFE71198D0F880000068B821C4F2020134
:100BF000884258D0FFE71198D0F88000006840F292
:100C00001041C4F2020188424DD0FFE71198D0F89C
:100C10008000006840F22841C4F20201884242D0BC
:100C2000FFE71198D0F88000006840F24041C4F21C
:100C30000201884237D0FFE71198D0F880000068A1
:100C400040F25841C4F2020188422CD0FFE71198CB
:100C5000D0F88000006840F27041C4F2020188427E
:100C600021D0FFE71198D0F88000006840F2884159
:100C7000C4F20201884216D0FFE71198D0F8800034
:100C8000006840F2A041C4F2020188420BD0FFE7A5
:100C90001198D0F88000006840F2B841C4F2020117
:100CA000884207D1FFE71198D0F8800000684068BB
:100CB000019006E01198D0F880000068406801902B
:100CC000FFE70198ADF82A00BDF82A0000287BD084
:100CD000FFE7BDF82A001199B1F85C10884273DA79
:100CE000FFE7BDF82A001199A1F85E001198D0F82D
:100CF0008000C069B0F5807F59D0FFE7FFE7FFE7CC
:100D00001198006850E8000F20F480700990FFE708
:100D100009991198026842E800100028F0D1FFE715
:100D2000FFE7FFE7FFE71198006850E8020F20F0A7
:100D300001000890FFE708991198026842E8021044
:100D40000028F0D1FFE7FFE7FFE7FFE71198006811
:100D500050E8020F20F040000790FFE70799119834
:100D6000026842E802100028F0D1FFE7FFE711997E
:100D70002020C1F88C0011990020C866FFE7FFE72A
:100D80001198006850E8000F20F010000690FFE76F
:100D900006991198026842E800100028F0D1FFE798
:100DA000FFE71198D0F88000F4F75EF9FFE711999A
:100DB000022008671198B0F85C10B0F85E20891A1C
:100DC00089B2FFF795FB1AE0BDF82A001199B1F836
:100DD0005C10884212D1FFE71198D0F88000C069FA
:100DE000B0F5807F09D1FFE71199022008671198BB
:100DF000B0F85C10FFF77CFBFFE7FFE7FFE7C0E020
:100E00001199B1F85C00B1F85E10401AADF8160007
:100E10001198B0F85E00002853D0FFE7BDF8160027
:100E200000284ED0FFE7FFE7FFE71198006850E881
:100E3000000F20F490700490FFE704991198026865
:100E400042E800100028F0D1FFE7FFE7FFE7FFE7E7
:100E50001198006850E8020F4FF6FE71CEF6FF7150
:100E600008400390FFE703991198026842E80210D6
:100E70000028EDD1FFE7FFE711992020C1F88C0091
:100E800011990020C86611994867FFE7FFE711989C
:100E9000006850E8000F20F010000290FFE7029970
:100EA0001198026842E800100028F0D1FFE7FFE740
:100EB0001199022008671198BDF81610FFF718FB6A
:100EC000FFE75EE09DF84200C00600280FD5FFE76F
:100ED0009DF83A004006002809D5FFE711980168FF
:100EE0004FF4801008621198FFF7C6FC49E09DF8A6
:100EF00040000006002815D5FFE79DF83C000006DD
:100F0000002806D4FFE79DF83A000006002809D51E
:100F1000FFE71198806F20B1FFE71198816F884734
:100F2000FFE72EE09DF84000400600280AD5FFE7C5
:100F30009DF83C004006002804D5FFE7119809F011
:100F400077FC1EE09DF84200000600280AD5FFE766
:100F50009DF83F004006002804D5FFE71198FFF7F1
:100F600087FC0EE09DF84300C00750B1FFE79DF8F5
:100F70003F000006002804D5FFE71198FFF7E4FBC7
:100F8000FFE712B080BD000080B582B000900098ED
:100F900020B9FFE701208DF8070046E0009880693E
:100FA00008B1FFE700E0FFE70098D0F8880040B9FB
:100FB000FFE70099002081F88400009800F03CF8D9
:100FC000FFE700992420C1F88800009801680868AC
:100FD00020F0010008600098806A20B1FFE70098C7
:100FE00009F05AF9FFE7009809F076FC012804D1CE
:100FF000FFE701208DF8070017E0009801684868B6
:1010000020F49040486000980168886820F02A0029
:10101000886000980168086840F001000860009846
:1010200009F0DEF98DF80700FFE79DF8070002B030
:1010300080BD00000000000080B5CAB049900020CB
:101040004890479046904590449016A8B821EFF7F5
:1010500076FB4998006845F20001C4F2000188421D
:1010600040F0BC80FFE700201790022116913390DA
:1010700016A8FAF7A9FC18B1FFE7F2F75DFAFFE747
:10108000FFE744F2E840C5F60200016841F4801130
:101090000160006800F4801015901598FFE7FFE7E5
:1010A00044F2E040C5F60200016841F0040101602D
:1010B000006800F0040014901498FFE7FFE744F282
:1010C000E040C5F60200016841F0080101600068D7
:1010D00000F0080013901398FFE74FF480504490FD
:1010E00002200A90459000200D90469047900820DD
:1010F0000B90489040F60000C5F6020044A90C9100
:10110000F8F736FC0A9B0B980C990D9A4FF0040CDB
:10111000CDF810C1459346924792489040F6004062
:10112000C5F60200F8F724FC0D9944F22000C2F243
:1011300000400E904022C4F202020260412242604E
:101140008160C1604FF48062026141618161C1616F
:1011500001624162F6F77CF818B1FFE7F2F7ECF9AB
:10116000FFE7FFE7499844F22001C2F20041C0F8CE
:10117000801049988863FFE744F29800C2F200406B
:1011800009905821C4F202010160422141604021CE
:1011900081600021C1604FF4806202614161816120
:1011A000C16101624162F6F753F818B1FFE7F2F747
:1011B000C3F9FFE7FFE7499844F29801C2F2004102
:1011C000C16749988863FFE7352008900521002210
:1011D000F8F712FF0898F8F703FF48E1499800680C
:1011E00041F20001C4F20101884240F09980FFE71A
:1011F0000020179001211691349016A8FAF7E4FB0D
:1012000018B1FFE7F2F798F9FFE7FFE744F2F04083
:10121000C5F60200016841F010010160006800F0AD
:10122000100012901298FFE7FFE744F2E040C5F685
:101230000200016841F001010160006800F0010056
:1012400011901198FFE74FF4C06044900220459040
:101250000020069046904790072048900020C5F651
:10126000020044A9F8F784FB069944F21010C2F278
:101270000040079040F25842C4F202020260292264
:1012800042608160C1604FF48062026141618161AE
:10129000C16101624162F5F7DBFF18B1FFE7F2F7C8
:1012A0004BF9FFE7FFE7499844F21011C2F2004101
:1012B000C0F8801049988863FFE744F28810C2F2B2
:1012C0000040059040F27041C4F2020101602A2101
:1012D0004160402181600021C1604FF48062026161
:1012E00041618161C16101624162F5F7B1FF18B1ED
:1012F000FFE7F2F721F9FFE7FFE7499844F2881189
:10130000C2F20041C16749988863FFE72520049035
:1013100005210022F8F770FE0498F8F761FEA5E0B9
:101320004998006844F20041C4F20001884240F04C
:101330009C80FFE70020179002211691339016A899
:10134000FAF742FB18B1FFE7F2F7F6F8FFE7FFE71D
:1013500044F2E840C5F60200016841F40031016042
:10136000006800F4003010901098FFE7FFE744F2A7
:10137000E040C5F60200016841F008010160006824
:1013800000F008000F900F98FFE7702044900220B3
:10139000459000200290469047900720489040F6E4
:1013A0000040C5F6020044A9F8F7E2FA029944F2B7
:1013B0000020C2F20040039040F21042C4F2020248
:1013C00002602B2242608160C1604FF48062026142
:1013D00041618161C1614FF4803202624162F5F77F
:1013E00037FF18B1FFE7F2F7A7F8FFE7FFE74998E3
:1013F00044F20021C2F20041C0F88010499888638D
:10140000FFE744F27820C2F200400190B821C4F214
:10141000020101602C214160402181600021C160F6
:101420004FF48062026141618161C1614FF4803299
:1014300002624162F5F70CFF18B1FFE7F2F77CF8A2
:10144000FFE7FFE7499844F27821C2F20041C16703
:1014500049988863FFE72620009005210022F8F7CD
:10146000CBFD0098F8F7BCFDFFE7FFE7FFE74AB0C8
:1014700080BD00000000000081B0009001B0704706
:1014800081B0009001B0704780B586B004900391A0
:10149000ADF80A200498D0F88800202870D1FFE722
:1014A000039820B1FFE7BDF80A0020B9FFE701204B
:1014B0008DF8170068E0039804990865BDF80A00E4
:1014C0000499A1F85400BDF80A000499A1F8560047
:1014D00004990020C1F8900004992120C1F88800E7
:1014E0000498C06F88B3FFE70498C16F4AF2F960AF
:1014F000C0F60100C8630498C16F4AF27970C0F663
:10150000010008640498C16F4AF24950C0F6010016
:10151000C8640498C16F0020086504980268016DD2
:10152000C06F2832BDF80A30F6F742FB60B1FFE722
:1015300004991020C1F8900004992020C1F8880077
:1015400001208DF817001FE0FFE704980168402094
:101550000862FFE7FFE70498006850E8020F40F0D8
:1015600080000190FFE701990498026842E80210A8
:101570000028F0D1FFE7FFE700208DF8170003E017
:1015800002208DF81700FFE79DF8170006B080BD18
:1015900081B0009001B0704781B0009001B07047F9
:1015A00080B584B003900399002001900874039BD8
:1015B000D3F8F400596846F29262C2F200420092F7
:1015C00012889B7B5A43EFF75EF80099039A5068A4
:1015D0000988927B5143EFF7B2F80099039AD2F849
:1015E00018010988927B51435143EFF7A8F80099FD
:1015F000039AD2F80C010988137B927B594351431B
:10160000EFF79DF801988DF80B00FFE79DF80B00B0
:101610000399897B884243DAFFE70398D0F8F40006
:101620009DF80B1000EB810090ED000AB5EE400A2A
:10163000F1EE10FA2DD0FFE7039AD2F8F4109DF8DE
:101640000B0051F82000127C41F822009DF80B009D
:10165000039A516A127C8854DDF80CC0DCF818003B
:101660009DF80BE050F82E00DCF80C119CF80C20D3
:101670009CF81030DCF814C01CF80EC012FB03C23A
:1016800001EB820141F8040C0399087C01300874D5
:10169000FFE7FFE79DF80B0001308DF80B00B5E781
:1016A00000208DF80A00FFE79DF80A000399097CE5
:1016B000884216DAFFE7039BD869596A9DF80A2029
:1016C000895C50F82100D3F818111B7C12FB03220F
:1016D00041F82200FFE79DF80A0001308DF80A006A
:1016E000E2E70399087CA1F878000399087BA1F848
:1016F0007A000399087BA1F880000399087CA1F87F
:1017000082000399087CA1F890000399087CA1F855
:1017100092000399087BA1F898000399087CA1F82E
:101720009A000399087CA1F8480004B080BD00002D
:10173000FFE7FEE70000000080B586B049F69A108A
:10174000C3F6197004904FF07E50039001F010FB27
:10175000132808DCFFE70020C4F2A000039001205A
:101760008DF8170076E001F003FB232829DCFFE762
:101770004FF07E5003909DED030A9FED381A20EE46
:10178000010AB2EE041A20EE010A8DED020A01F000
:10179000E7FA9DED020A01EE100AB8EEC11A80EEDA
:1017A000010A9FED301A20EE010ABCEEC00A46F293
:1017B0009460C2F2004080ED000A01208DF817000D
:1017C00048E001F0D5FA642837DCFFE74FF07C50A1
:1017D00003909DED030A9FED211A20EE010AB2EE5F
:1017E000041A20EE010A8DED000A01F0C1FA9DED08
:1017F000000AC0F1640001EE100AB8EEC11A20EE32
:10180000010A9FED171A80EE010A8DED010A01F021
:10181000A7FA9DED010A01EE100AB8EEC11A80EE9A
:10182000010ABCEEC00A46F29460C2F2004080EDAC
:10183000000A01208DF817000CE046F29461C2F214
:101840000041002008604FF07C50039001208DF88B
:101850001700FFE79DF8170006B080BD00007A442E
:1018600000008C42AE47813F80B58AB004A9029146
:101870000146029809910999D1F8EC10096808917C
:101880000999D1F8EC10496807910999D1F8EC1041
:10189000896806910999D1F8EC10C968059190ED15
:1018A000041A90ED042A90ED030A90ED033A20EE1D
:1018B000030AA1EE020A90ED021A90ED022AA1EEAF
:1018C000020A90ED011A90ED012AA1EE020A0FF032
:1018D000A7FE029880ED000A00208DF80F00FFE7B8
:1018E0009DF80F00032817DCFFE7029890ED001A1F
:1018F0000998D0F8EC009DF80F1000EB810090EDF6
:10190000000A20EE010A80ED000AFFE79DF80F00B3
:1019100001308DF80F00E3E7029991ED030A40F2E0
:101920000040C2F20040019090ED6F1A20EE010AD3
:10193000B6EE002A20EE020A099AD2F8002182EDC2
:10194000040A91ED020A90ED6F1A20EE010A20EED2
:10195000020A099AD2F8002182ED050A91ED040AE3
:1019600090ED6F1A20EE010ABEEE001A20EE010A79
:10197000099AD2F8002182ED0A0A91ED010A90ED50
:101980006F3A20EE030A20EE020A099AD2F80021EB
:1019900082ED0B0A91ED010A90ED6F3A20EE030AF9
:1019A00020EE010A099AD2F8002182ED100A91ED89
:1019B000040A90ED6F3A20EE030A20EE010A099A1C
:1019C000D2F8002182ED110A91ED020A90ED6F3AF2
:1019D00020EE030A20EE020A099AD2F8002182EDD5
:1019E000160A91ED030A90ED6F2A20EE020A20EE0E
:1019F000010A0999D1F8001181ED170A90ED741AC6
:101A00000999D1F8F81091ED1C0A80EE010A81EDD8
:101A10001C0A90ED741A0998D0F8F80090ED230A8A
:101A200080EE010A80ED230A0998D0F8F80090EDC5
:101A30001C0A9FED151AB4EE410AF1EE10FA09DD09
:101A4000FFE70998D0F8F81044F20000C4F21C60D7
:101A50000867FFE70998D0F8F80090ED230A9FED9A
:101A60000A1AB4EE410AF1EE10FA0ADDFFE709980E
:101A7000D0F8F81044F20000C4F21C60C1F88C00E9
:101A8000FFE70AB080BD00BF00401C460000000018
:101A900080B58CB08DED0B0ACDED0A0A8DED091ADB
:101AA000CDED081A8DED072ACDED062A40F2004152
:101AB000C2F200410591012008700B98C1F8B001F5
:101AC0000A98C1F8B4010998C1F8B8014CF67740FA
:101AD000C3F22B20C1F8CC01002081F83801C1F8F5
:101AE0004401C1F84001C1F84C01C1F84801079810
:101AF000C1F8BC019DED080AB7EE001AB4EE410A28
:101B0000F1EE10FA04DDFFE74FF07E500890FFE79A
:101B1000089940F20040C2F200400390C0F8D01192
:101B20000430062100220192032301F02DFA0399CB
:101B300001F5E07001F5E4730122029211460EF006
:101B4000C3FF019A02990398D0F8ECC04FF07E537E
:101B5000CCF80030D0F8EC305A60D0F8EC309A6015
:101B6000D0F8EC30DA6041F6D132C0F60102C0F8AC
:101B7000D02041F66902C0F60102C0F8D42041F637
:101B80001942C0F60102C0F8D82042F26922C0F61C
:101B90000102C0F8DC2080F82E1080F82F10D0F859
:101BA000040145F2B061C0F6020190220492EEF702
:101BB0006AFD0398049AD0F8FC0040F2D001C2F20A
:101BC0000041EEF760FD0CB080BD00000000000099
:101BD00080B582B001900198D0F8F81040F2D000A2
:101BE000C2F200409022EEF74EFD0198D0F81C1191
:101BF00040F26030C2F2004048220092EEF743FD0E
:101C0000009A0198D0F80C1140F21830C2F200404E
:101C1000EEF739FD02B080BD80B586B0059005981D
:101C2000D0F8EC0090ED000A30EE000A8DED040AC9
:101C30000598D0F8EC0090ED010A30EE000A8DED29
:101C4000030A0598D0F8EC0090ED020A30EE000A85
:101C50008DED020A0598D0F8EC0090ED030A30EE05
:101C6000000A8DED010A059BD3F80C0146F2926142
:101C7000C2F2004109881A7B9B7B59435143EEF71E
:101C80005EFD9DED020AB1EE400A0598D0F80C0108
:101C900080ED000A01980599D1F80C1148609DED7E
:101CA000040AB1EE400A0598D0F80C0180ED020A52
:101CB00003980599D1F80C11C86003980599D1F8DB
:101CC0000C11886104980599D1F80C11C86101982C
:101CD0000599D1F80C11086202980599D1F80C11F8
:101CE000486204980599D1F80C1108639DED030A28
:101CF000B1EE400A0598D0F80C0180ED0D0A9DED7B
:101D0000020AB1EE400A0598D0F80C0180ED0E0AE7
:101D100001980599D1F80C11C86306B080BD000088
:101D200080B590B08DED0F0ACDED0E0A8DED0D1A38
:101D3000CDED0C1A8DED0B2ACDED0A2A9DED0F0A83
:101D400040F20040C2F20040059090ED581A30EE8B
:101D5000410A80ED5B0A9DED0E0A90ED591A30EEB6
:101D6000410A80ED5C0A9DED0D0A90ED5A1A30EEA5
:101D7000410A80ED5D0A90ED5B0A90ED6F1AB6EEB8
:101D8000002A20EE020A20EE010A8DED090A90EDEC
:101D90005C0A90ED6F1A20EE020A20EE010A8DED2A
:101DA000080A90ED5D0A90ED6F1A20EE020A20EE0F
:101DB000010A8DED070AD0F8040145F2B061C0F6C2
:101DC00002019022EEF75FFC05999DED090AB1EE44
:101DD000400AD1F8040180ED010A9DED080AB1EE38
:101DE000400AD1F8040180ED020A9DED070AB1EE28
:101DF000400AD1F8040180ED030A0998D1F80421C2
:101E000090610798D1F8042110629DED080AB1EEA7
:101E1000400AD1F8040180ED090A0898D1F804219C
:101E200010639DED070AB1EE400AD1F8040180ED80
:101E30000D0A0998D1F80421D0630798D1F804213C
:101E400090640898D1F80421D0649DED090AB1EEA0
:101E5000400AD1F8040180ED140AD1F84801D1F804
:101E60004C110843C8B9FFE70C9840F20041C2F298
:101E70000041C1F878010B98C1F87C010A98C1F8BB
:101E80008001D1F84821D1F84C01013240F1000025
:101E9000C1F84821C1F84C01FFE740F20040C2F20E
:101EA0000040049090ED5E0A90ED641A90ED6F3A58
:101EB00020EE010A33EE012A80EE020A9DED0C1A93
:101EC00021EE031A81EE021A30EE010A80ED5E0A5D
:101ED00090ED5F0A90ED641A90ED6F3A20EE010AE2
:101EE00033EE012A80EE020A9DED0B1A21EE031A51
:101EF00081EE021A30EE010A80ED5F0A90ED600A71
:101F000090ED641A90ED6F3A20EE010A33EE012A4B
:101F100080EE020A9DED0A1A21EE031A81EE021AE2
:101F200030EE010A80ED600A90ED5E2A90ED5F0AC6
:101F300090ED601A20EE000AA2EE020AA1EE010A5C
:101F400012F0C2FB049880ED660A90ED661AB7EEB7
:101F5000000A80EE010A8DED060A90ED5E0A9DED05
:101F6000061A20EE010A816881ED000A90ED5F0AF1
:101F70009DED061A20EE010A816881ED010A90EDBF
:101F8000600A9DED061A20EE010A816881ED020AC1
:101F900090ED5B2A90ED5C0A90ED5D1A20EE000A50
:101FA000A2EE020AA1EE010A12F08EFB049880ED67
:101FB000650A90ED650A9FEDA51AB4EE410AF1EEAF
:101FC00010FA24DAFFE740F20040C2F2004090ED40
:101FD000660A9FED9F1AB4EE410AF1EE10FA16DD83
:101FE000FFE740F20040C2F2004090ED660A9FED2C
:101FF000991AB4EE410AF1EE10FA08DAFFE740F25E
:102000000041C2F20041012081F8390107E040F2AD
:102010000041C2F20041002081F83901FFE740F29F
:102020000041C2F20041039191ED6C0A91ED6F1AEB
:1020300020EE010A081DD1F8182182ED000A91ED69
:102040006C0A91ED6F1A20EE010AD1F8182182ED89
:10205000070A91ED6C0A91ED6F1A20EE010AD1F892
:10206000182182ED0E0A91ED6C0A91ED6F1A20EEA7
:10207000010AD1F8182182ED150A91ED6D0A91ED52
:102080006F1A20EE010AD1F8182182ED1C0A91ED99
:102090006D0A91ED6F1A20EE010AD1F8182182ED38
:1020A000230AD1F81C31D1F8B8211A60D1F81C31BB
:1020B000D1F8B8211A61D1F81C21D1F8B8111162F8
:1020C00001F0BEFB039841680968C0F850114168EF
:1020D0004968C0F8541141688968C0F858114168CE
:1020E000C968C0F85C1190ED543A90ED552A90ED16
:1020F000561A90ED570A21EE000AA3EE020AF6EEF8
:10210000000ACDED010AE2EE420AE1EE410A00F5D5
:10211000D0700EF065FB039890ED680A9FED4E1AA3
:102120008DED021A20EE010A80ED680A90ED540A46
:1021300090ED551A90ED563A90ED572A20EE030A8D
:1021400091EE020AB8EE001A20EE010A11F09CFA94
:10215000DDED010A9DED021A039820EE010A80EDE3
:10216000690A90ED540A90ED553A90ED562A90ED9B
:10217000571A20EE010AA3EE020AE2EE420AE1EE4D
:10218000410A00F5D4700EF02BFB9DED021A039866
:1021900090ED6A0A20EE010A80ED6A0A4168096939
:1021A000C0F8601141684969C0F864110021C0F8A5
:1021B000681190ED6A0A90ED761A30EE410A9FEDB3
:1021C000271AB4EE410AF1EE10FA0ADDFFE740F2F9
:1021D0000041C2F20041B1F8D4010138A1F8D401A4
:1021E0001CE040F20040C2F2004090ED6A0A90ED1F
:1021F000761A30EE410A9FED1A1AB4EE410AF1EE5A
:1022000010FA0ADAFFE740F20041C2F20041B1F8E9
:10221000D4010130A1F8D401FFE7FFE740F200410B
:10222000C2F20041B1F9D40100EE100AB8EEC01AB2
:1022300091ED6A0A9FED0B2AA1EE020A81ED6B0A6D
:10224000D1F8A801C1F8D80110B080BD9A99993E83
:10225000CDCC1441CDCC2441E12E65420000344365
:10226000000034C30000B44380B58CB007A90491CA
:102270000B900B9901F1780080310EF051FE0B9913
:1022800081F8C8000B99B1F87800A1F8A8000B9963
:10229000B1F85A00A1F8AA000B9A02F1780002F1F5
:1022A0005801A8320EF0D4FD0B9981F8C8000B99A3
:1022B000B1F8A800A1F8B0000B99B1F88200A1F81C
:1022C000B2000B9A02F1A80002F18001B0320EF0C8
:1022D000BFFD0B9981F8C8000B99B1F89000A1F8E7
:1022E000A0000B99B1F89200A1F8A2000B9A02F19C
:1022F000B00002F19001A0320EF0C6FB0B9981F8FC
:10230000C8000B9901F1A000B0310EF0E1FB0146CD
:1023100004980B9A82F8C8100B99D1F8EC10096850
:102320000A910B99D1F8EC10496809910B99D1F8F1
:10233000EC10896808910B99D1F8EC10C9680791E5
:102340000B9AB2F87810A2F8B8100B9A0121A2F8F3
:10235000BA1090ED021A90ED002A90ED030A90ED6C
:10236000013A20EE030A91EE020A30EE000A0B99C0
:10237000D1F82C1181ED000A90ED031A90ED022A9C
:1023800090ED010A90ED003A20EE030AA1EE020A58
:1023900030EE000A0B99D1F82C1181ED010A90ED75
:1023A000031A90ED032A90ED020A90ED023A20EE16
:1023B000030A91EE020A90ED011A90ED012AA1EEB6
:1023C000420A90ED001A90ED002AA1EE020A0B9845
:1023D000D0F82C0180ED020A00208DF81B00FFE7E9
:1023E0009DF81B0002281EDCFFE70B98D0F82C019B
:1023F0009DF81B1000EB810090ED000AB0EEC00AC2
:102400000EF0FAFA9DF81B1040F20040C2F20040B4
:1024100000EB810080ED610AFFE79DF81B000130B1
:102420008DF81B00DCE70B99B1F84800A1F8C0005B
:102430000B9901200290A1F8C2000B9A02F148000A
:1024400002F1B801C0320EF04BFD014602980B9A22
:1024500082F8C8100B9AB2F8C010A2F8A8100B9915
:10246000A1F8AA000B9A02F1B00002F1C001A83253
:102470000EF0EEFC014602980B9A82F8C8100B99F8
:10248000A1F8B8000B99B1F8C000A1F8BA000B99F7
:1024900001F1C000B8310EF043FD0B9981F8C8007E
:1024A0000B9901F1B800A83140F20042C2F200429B
:1024B000039202F5E0720EF0CBFC014603980B9AF2
:1024C00082F8C81090ED720A90ED731AB6EE002AE9
:1024D00021EE021AB4EE410AF1EE10FA08DAFFE733
:1024E00040F20041C2F20041012081F83801FFE7CB
:1024F00040F20040C2F2004090ED720A90ED731A73
:10250000B4EE410AF1EE10FA64DDFFE740F200405C
:10251000C2F2004090F8380100285BD0FFE740F29B
:102520000040C2F2004090F8390180B1FFE740F26C
:102530000041C2F20041D1F84021D1F844010132FA
:1025400040F10000C1F84021C1F8440109E040F227
:102550000041C2F200410020C1F84401C1F840012D
:10256000FFE740F20040C2F20040D0F84011D0F83E
:102570004401333970F100000BD3FFE740F2004112
:10258000C2F20041002081F838010B9981F82C003B
:102590001FE00B9BD3F8E800D3F8EC1046F29262F0
:1025A000C2F20042019212881B7B5A43EEF76BF88D
:1025B000019A0B9BD3F8F800D3F8FC1012881B7B10
:1025C0005A435A43EEF75FF80B99012081F82C002B
:1025D00063E142E040F20040C2F2004090ED720A36
:1025E00090ED731A9FEDAE2A21EE021AB4EE410A65
:1025F000F1EE10FA1BDDFFE740F20040C2F20040AE
:1026000090F8380198B1FFE740F20040C2F2004074
:1026100090ED720A90ED731A31EE400A9FEDA12AF7
:1026200021EE021A80EE010A80ED670A08E040F20E
:102630000041C2F200414FF07E50C1F89C01FFE71B
:1026400040F20041C2F200410020C1F84401C1F84B
:1026500040010B9981F82C00FFE70B99B1F8580065
:10266000A1F8A8000B99B1F88200A1F8AA000B9A72
:1026700002F1580002F18001A8320EF0E9FB0B993B
:1026800081F8C8000B9A02F1A80002F1B00198325B
:102690000EF0DEFB0B9981F8C80000208DF81A00BF
:1026A000FFE79DF81A000B9AB2F89810B2F89A203A
:1026B000514388421ADAFFE740F20040C2F200407C
:1026C00090ED671A0B98D0F81C019DF81A1000EBDA
:1026D000810090ED000A20EE010A80ED000AFFE77C
:1026E0009DF81A0001308DF81A00DAE704208DF801
:1026F0001900FFE79DF81900052835DCFFE70020E9
:102700008DF81800FFE79DF81800022825DCFFE788
:102710009DF8191040F20040C2F2004000EB810029
:1027200090ED5D0A9FED621A80EE011A0B98D0F8C9
:102730001C0101EB41019DF81820114400EB8100C0
:1027400090ED000A20EE010A80ED000AFFE79DF8F7
:10275000180001308DF81800D5E7FFE79DF8190043
:1027600001308DF81900C5E70B99B1F89800A1F870
:10277000B8000B990120A1F8BA000B9A02F1980059
:1027800002F1C001B8320EF063FB0B9981F8C8006A
:1027900040F20040C2F2004090F8380100286BD0AF
:1027A000FFE704208DF81700FFE79DF817000528C4
:1027B00061DCFFE70B98D0F8BC009DF8171000EB28
:1027C000810090ED000A40F20040C2F2004090ED1E
:1027D0006F1A9FED352A21EE021AB4EE410AF1EE8E
:1027E00010FA14DDFFE740F20040C2F2004090ED25
:1027F0006F0A9FED2D1A20EE010A0B98D0F8BC004D
:102800009DF8171000EB810080ED000AFFE70B98A0
:10281000D0F8BC009DF8171000EB810090ED000A85
:1028200040F20040C2F2004090ED6F1A9FED1F2A67
:1028300021EE021AB4EE410AF1EE10FA14DAFFE7C3
:1028400040F20040C2F2004090ED6F0A9FED171A6F
:1028500020EE010A0B98D0F8BC009DF8171000EB91
:10286000810080ED000AFFE7FFE79DF817000130C7
:102870008DF8170099E7FFE70B98D0F8BC100020FF
:10288000C8600B9A02F1380002F1B80130320EF044
:10289000FBF80B9981F8C800FFE70CB080BD00BFC2
:1028A000CDCCCC3D6666663F0AD7233C0AD723BC15
:1028B000DA0FC93F0000000080B5B2EE040A9FEDB8
:1028C0000D1AF7EE001A9FED0C2ADFED0C2AF0EE40
:1028D000420AFFF7DDF89FED0A0A02F00DF9FFE763
:1028E000EEF70EFB20B1FFE70A200EF0C5FFF7E779
:1028F00080BD00BF8096184B6F12833A0000000025
:1029000000007A440000000080B582B0002000285A
:1029100040F0DE80FFE740F2A832C2F2004202F14E
:10292000100002F11C012832EEF70AFB42F6944037
:10293000C2F200400078D0B9FFE742F69441C2F2FB
:10294000004108780130087040F2A830C2F200401F
:1029500090ED070AD0ED080A90ED091ADFED852AFF
:10296000F0EE621AB0EE622A01F0F2FEFFE742F2E8
:10297000A950C2F20040007802286DD1FFE743F66B
:10298000D031C2F2004140F2B560C3F67430086045
:102990004AF2FA70CBF6D020486049F20D00C3F637
:1029A0000F30886091ED001A40F2A830C2F200406A
:1029B00090ED040A30EE410A80ED040A91ED011A0F
:1029C00090ED050A30EE410A80ED050A91ED021AFC
:1029D00090ED060A30EE410A80ED060A90ED060AF7
:1029E000B0EEC00A9FED641AB4EE410AF1EE10FA9F
:1029F00007DAFFE740F2A831C2F200410020886107
:102A0000FFE740F2A830C2F20040019090ED043A96
:102A100090ED051A90ED060A90ED072AF1EE430AB3
:102A2000B1EE411AD0ED091AB1EE422A90ED083A02
:102A3000F1EE432AFFF774F9F1F75EF8019880EDA3
:102A40000C0AF1F761F8019880ED0B0AF1F794F8A0
:102A5000019880ED0D0A3AE042F2A950C2F200401E
:102A60000078012832D1FFE740F2A831C2F20041DC
:102A700091ED041A43F6D030C2F2004090ED000A06
:102A800030EE010A80ED000A91ED051A90ED010A81
:102A900030EE010A80ED010A91ED061A90ED020A6E
:102AA00030EE010A80ED020A42F64830C2F20040E0
:102AB000016801310160006838B1FFE742F2A951B5
:102AC000C2F2004102200870FFE7FFE7FFE7FFE7DF
:102AD00040F2E430C2F2004000684CF6CD41CCF642
:102AE000CC4148434FEA700049F69911C1F699115B
:102AF000884233D8FFE740F2A830C2F2004090EDA0
:102B00000A0A40F26010C2F2004090ED001A30EE66
:102B1000410AB0EEC00AB3EE0E1AB4EE410AF1EE6D
:102B200010FA1ADAFFE742F2A950C2F20040007828
:102B300098B9FFE740F2E830C2F200400168013185
:102B400001600068022807D3FFE742F2A951C2F2F0
:102B5000004101200870FFE7FFE7FFE70E20F0F7D4
:102B6000D7FC40F2E431C2F200410868013008604D
:102B700002B080BD00000000A69B443B00000000A6
:102B800080B582B0019001980EF07AFD019800782E
:102B9000A92840F0A080FFE701984078532840F032
:102BA0009A80FFE7019815210CF082FC002800F0C4
:102BB0008980FFE701998878C97840EA01206FF39E
:102BC000DF2044F6F041C2F20041009108800888FD
:102BD000A0F580600880019AD0781279C00840EA98
:102BE00042106FF3DF2048804888A0F5806048805D
:102BF000019A107953799279800940EA830040EA7A
:102C000082206FF3DF2088808888A0F5806088802C
:102C1000019A9079D279400840EAC2106FF3DF2020
:102C2000C880C888A0F58060C880019A107A527A5E
:102C3000400840EAC2106FF3DF2008810889A0F540
:102C4000806008810198C079C0F301104873019831
:102C5000C079C0F3801088720198C079C009C87229
:102C60000198007A00F0010008730198407AC0F3DF
:102C700000108873019A907AD27A40EA0220088282
:102C8000019A107B527B40EA02204882019A907B95
:102C9000D27B40EA022088820198007C00F0030089
:102CA00088750198007CC0F38100C8750198007C8C
:102CB000C0F301100876019A507C927C40EA022011
:102CC000488307E040F2EC31C2F20041086801306D
:102CD0000860FFE7FFE702B080BD000000000000D1
:102CE00083B0029001918DF8032000208DF802003E
:102CF0008DF80200FFE79DF802009DF8031088425E
:102D000029DAFFE70298000F092809D8FFE702989F
:102D1000000F303001999DF8022001F8120009E0FF
:102D20000299372000EB117001999DF8022001F8FB
:102D30001200FFE702980001029001989DF802102E
:102D400000EB410100204870FFE79DF802000130D0
:102D50008DF80200CFE703B07047000000000000CC
:102D600040F62C20C2F20040408A7047000000006C
:102D700040F62C21C2F20041888AC98A401A00B26A
:102D8000704700000000000040F2F430C2F2004042
:102D9000007800F00100704780B544F62030C2F2A0
:102DA00000404EF64451C2F201414FF4C062FDF7BB
:102DB00047FB44F21010C2F2004000681021C4F238
:102DC0000201884200F0B280FFE744F21010C2F224
:102DD000004000682821C4F20201884200F0A68069
:102DE000FFE744F21010C2F2004000684021C4F234
:102DF0000201884200F09A80FFE744F21010C2F20C
:102E0000004000685821C4F20201884200F08E8020
:102E1000FFE744F21010C2F2004000687021C4F2D3
:102E20000201884200F08280FFE744F21010C2F2F3
:102E3000004000688821C4F20201884276D0FFE792
:102E400044F21010C2F200400068A021C4F2020156
:102E500088426BD0FFE744F21010C2F200400068D5
:102E6000B821C4F20201884260D0FFE744F210109A
:102E7000C2F20040006840F21041C4F202018842F0
:102E800054D0FFE744F21010C2F20040006840F254
:102E90002841C4F20201884248D0FFE744F21010F2
:102EA000C2F20040006840F24041C4F20201884290
:102EB0003CD0FFE744F21010C2F20040006840F23C
:102EC0005841C4F20201884230D0FFE744F21010AA
:102ED000C2F20040006840F27041C4F20201884230
:102EE00024D0FFE744F21010C2F20040006840F224
:102EF0008841C4F20201884218D0FFE744F2101062
:102F0000C2F20040006840F2A041C4F202018842CF
:102F10000CD0FFE744F21010C2F20040006840F20B
:102F2000B841C4F2020188420AD1FFE744F210100E
:102F3000C2F200400168086820F00800086009E05B
:102F400044F21010C2F200400168086820F004004A
:102F50000860FFE780BD000044F6F040C2F2004088
:102F6000428B46F2E021C2F200410A83827D8A75DB
:102F7000C27DCA75028A0A82428A4A82808A88820F
:102F8000704700000000000080B58AB009908DF8FD
:102F900023108DF822208DF8213046F29261C2F282
:102FA000004106910420088046F29061C2F200417F
:102FB000082008809DF82300099908739DF82200D5
:102FC000099948739DF8210009998873099900208F
:102FD00008749DF821000FF07FFA0999486109985B
:102FE00040699DF82110EDF788FB069800889DF850
:102FF000211048430FF070FA0699099A90610998D8
:10300000806909889DF821205143EDF798FB0698C7
:1030100000889DF8211048430FF05EFA0699099A3E
:10302000D0610998C06909889DF821205143EDF7C6
:1030300086FB069800889DF8231048430FF04CFA51
:103040000699099A10620998006A09889DF8232058
:103050005143EDF774FB9DF821000FF03DFA0999FB
:1030600048620998406A9DF82110EDF746FB0698E2
:1030700000889DF8231048430FF02EFA0699099A0C
:1030800010600998006809889DF823205143EDF7E6
:1030900056FB069800889DF8211048430FF01CFA53
:1030A0000699099A50600998406809889DF821207E
:1030B0005143EDF744FB069800889DF822104843E1
:1030C0000FF00AFA0699099A9060099880680988B1
:1030D0009DF822205143EDF732FB069800889DF8B9
:1030E000231048430FF0F8F90699099AC2F8E8004E
:1030F0000998D0F8E80009889DF823205143EDF79E
:103100001EFB099A02F13000117BD2F8E83001224F
:1031100007920DF0D9FC069800889DF823104843CB
:103120000FF0DAF90699099AC2F8EC000998D0F87C
:10313000EC0009889DF823205143EDF700FB079A26
:10314000099B03F13800197BD3F8EC300DF0BCFC7F
:103150009DF8220010B3FFE746F29260C2F20040F1
:10316000059000889DF8221048430FF0B5F90599A5
:10317000099AC2F8F0000998D0F8F00009889DF883
:1031800022205143EDF7DBFA099A02F14000517B0E
:10319000D2F8F03001220DF097FCFFE746F2926082
:1031A000C2F20040049000889DF8211048430FF0BF
:1031B00093F90499099AC2F8F4000998D0F8F40038
:1031C00009889DF821205143EDF7B9FA099A02F1D7
:1031D0004800917BD2F8F43001220DF075FC049880
:1031E00000889DF82310484348430FF075F904996F
:1031F000099AC2F8F8000998D0F8F80009889DF8F3
:10320000232051435143EDF79AFA099901F15000F7
:103210000A7BD1F8F83011460DF056FC049800886E
:103220009DF82310484348430FF056F90499099A32
:10323000C2F8FC000998D0F8FC0009889DF823200A
:1032400051435143EDF77BFA099901F158000A7B8C
:10325000D1F8FC3011460DF037FC049800889DF839
:103260002310484348430FF037F901460498099A60
:10327000C2F8001100889DF82310484348430FF01E
:103280002BF90499099AC2F804010998D0F80001B1
:1032900009889DF8232051435143EDF750FA0499D2
:1032A0000998D0F8040109889DF82320514351431F
:1032B000EDF745FA099901F160000A7BD1F8003178
:1032C00011460DF001FC099901F168000A7BD1F863
:1032D000043111460DF0F8FB9DF8220040B3FFE7E2
:1032E00046F29260C2F20040039000889DF82310DD
:1032F00048439DF8221048430FF0EEF80399099ACD
:10330000C2F808010998D0F8080109889DF823201F
:1033100051439DF822205143EDF711FA099B03F127
:103320007000197B5A7BD3F808310DF0CDFBFFE715
:1033300046F29260C2F20040019000889DF8211090
:1033400048439DF8231048430FF0C6F80146019802
:10335000099AC2F80C1100889DF8231048439DF883
:10336000211048430FF0B8F80199099AC2F81001EA
:103370000998D0F80C0109889DF8212051439DF847
:1033800023205143EDF7DBF901990998D0F810019A
:1033900009889DF8232051439DF821205143EDF7E2
:1033A000CEF9099B03F178001A7B997BD3F80C3195
:1033B0000DF08AFB099B03F18000197B9A7BD3F8FF
:1033C00010310DF081FB019800889DF823104843CF
:1033D00048430FF081F80199099AC2F8140109983D
:1033E000D0F8140109889DF8232051435143EDF78B
:1033F000A6F9099901F188000A7BD1F81431114628
:103400000DF062FB019800889DF821104843484365
:103410000FF062F80199099AC2F818010998D0F8DA
:10342000180109889DF8212051435143EDF787F990
:10343000099901F190008A7BD1F8183111460DF0FD
:1034400043FB019800889DF8231048439DF8211004
:1034500048430FF041F80199099AC2F81C010998F4
:10346000D0F81C0109889DF8232051439DF82120A4
:103470005143EDF764F9099B03F19800197B9A7B9E
:10348000D3F81C310DF020FB019800880999097BC5
:10349000484348430FF020F80199099AC2F82001E7
:1034A000099AD2F820010988127B51435143EDF764
:1034B00046F9019800880999097B484348430FF071
:1034C0000BF80199099AC2F82401099AD2F824014B
:1034D0000988127B51435143EDF731F90198008877
:1034E0000999097B484348430EF0F6FF0199099A70
:1034F000C2F82801099AD2F828010988127B5143A1
:103500005143EDF71CF9019800880999097B48435C
:103510000EF0E2FF0199099AC2F82C01099AD2F83B
:103520002C010988127B5143EDF709F901980088B5
:103530000999097B48430EF0CFFF0199099AC2F817
:103540003001099AD2F82C010988127B5143EDF71A
:10355000F6F8099901F1A0000A7BD1F82031114653
:103560000DF0B2FA099901F1A8000A7BD1F82431D3
:1035700011460DF0A9FA099901F1B0000A7BD1F8C2
:10358000283111460DF0A0FA099A02F1B800117B1A
:10359000D2F82C31012202920DF096FA029A099B80
:1035A00003F1C000197BD3F830310DF08DFA099981
:1035B000002081F82800099981F82900099981F8EB
:1035C0002A00099981F82B00099981F82C000AB08A
:1035D00080BD00000000000080B582B0019001981D
:1035E000C07B20B1FFE70198FDF7DAFF16E0019BF1
:1035F000D3F8F400596846F29262C2F20042009297
:1036000012889B7B5A43EDF73EF80099019A506867
:103610000988927B5143EDF792F8FFE7019BD3F8BD
:10362000F000996846F29262C2F2004212885B7B17
:103630005A43EDF728F802B080BD000000000000FA
:1036400080B582B00190019890F82C00B0BBFFE7E4
:103650000199B1F89800A1F8A8000199B1F87A0091
:10366000A1F8AA000199B1F8A800A1F8B000019949
:10367000B1F85A00A1F8B200019A02F1980002F1E3
:103680007801A8320DF0E4FB019981F8C800019A95
:1036900002F1A80002F15801B0320DF0D9FB0199F6
:1036A00081F8C800019A02F1580002F1B0015032CD
:1036B0000DF016FC019981F8C800FFE702B080BD4B
:1036C00080B582B00190019890F82900A8BBFFE76F
:1036D000019901F1600068310DF022FC019981F837
:1036E000C800019A02F1600002F1500158320DF059
:1036F000AFFB019981F8C8000199B1F85800A1F811
:10370000A8000199B1F86A00A1F8AA00019A02F193
:10371000580002F16801A8320DF09AFB019981F876
:10372000C800019A02F1A80002F1880158320DF098
:10373000ABF9019981F8C800FFE702B080BD000035
:1037400080B582B00190019890F82A00002872D1CB
:10375000FFE7019901F1780080310DF0E1FB01995B
:1037600081F8C8000199B1F87800A1F8A800019982
:10377000B1F85A00A1F8AA00019A02F1780002F10A
:103780005801A8320DF064FB019981F8C800019935
:10379000B1F8A800A1F8B0000199B1F88200A1F831
:1037A000B200019A02F1A80002F18001B0320DF0DE
:1037B0004FFB019981F8C8000199B1F89000A1F878
:1037C000A0000199B1F89200A1F8A200019A02F1BB
:1037D000B00002F19001A0320DF056F9019981F884
:1037E000C800019901F1A000B0310DF071F9019903
:1037F00081F8C8000199B1F85800A1F8A800019912
:10380000B1F88200A1F8AA00019A02F1580002F171
:103810008001A8320DF01CFB019981F8C800019AC3
:1038200002F1A80002F1B00198320DF011FB0199EC
:1038300081F8C800FFE702B080BD00000000000072
:1038400080B584B003900398FFF7C6FE0398D0F8C4
:10385000CC0028B1FFE70398D0F8CC108847FFE7E9
:10386000039800F0B5F80398D0F8D00028B1FFE72E
:103870000398D0F8D0108847FFE70398FFF720FFA0
:103880000398D0F8D40028B1FFE70398D0F8D410FB
:103890008847FFE70398007C20B9FFE70398C07BC7
:1038A000F0B9FFE70398FFF74BFF0398D0F8D80073
:1038B00028B1FFE70398D0F8D8108847FFE70398AE
:1038C00000F0DAF80398D0F8DC0028B1FFE703989D
:1038D000D0F8DC108847FFE70398FFF7B1FE1BE044
:1038E000039BD3F8E800D3F8EC1046F29262C2F2E0
:1038F0000042019212881B7B5A43ECF7C4FE019AE6
:10390000039BD3F8F800D3F8FC1012881B7B5A43B2
:103910005A43ECF7B8FEFFE70398D0F8E00028B16F
:10392000FFE70398D0F8E0108847FFE700208DF804
:103930000B00FFE79DF80B000399097B88422CDA06
:10394000FFE70398D0F8F8209DF80B10037B11FBDC
:10395000031302EB830292ED000A006A00EB810080
:1039600090ED001AB4EE410AF1EE10FA0EDAFFE71C
:10397000039B186A9DF80B2050F82200D3F8F8102A
:103980001B7B12FB032241F82200FFE7FFE79DF8B3
:103990000B0001308DF80B00CCE7039B1868D3F8BF
:1039A000E81046F29262C2F2004212881B7B5A4330
:1039B000ECF769FE0398D0F8E40028B1FFE703981C
:1039C000D0F8E4108847FFE70398006804B080BD92
:1039D00080B582B00190019890F82800002846D167
:1039E000FFE70198407B012834DBFFE70199087B62
:1039F000A1F8B800019901200090A1F8BA00019A3D
:103A000002F1600002F13001B8320DF021FA0146F6
:103A10000098019A82F8C810019A117BA2F8C01090
:103A20000199A1F8C200019A02F1700002F140016F
:103A3000C0320DF00DFA019981F8C800019A02F127
:103A4000B80002F1C00138320DF01EF8019981F87A
:103A5000C8000BE0019A02F1600002F13001383237
:103A60000DF0F6F9019981F8C800FFE7FFE702B011
:103A700080BD00000000000080B582B00190019878
:103A800090F82B0000284BD1FFE70199B1F878009E
:103A9000A1F8B800019901200090A1F8BA00019A9C
:103AA00002F1780002F13801B8320DF0D1F9014687
:103AB0000098019A82F8C810019AB2F84810A2F84A
:103AC000C0100199A1F8C200019A02F1480002F168
:103AD000B801C0320DF004FA01460098019A82F84C
:103AE000C810019AB2F89810A2F8B8100199A1F87C
:103AF000BA00019A02F1980002F1C001B8320DF04B
:103B0000A7F9019981F8C800019A02F1380002F181
:103B1000B80130320CF0B8FF019981F8C800FFE716
:103B200002B080BD0000000088B007908DED060A4D
:103B3000CDED050A8DED041ACDED031A8DED022AA7
:103B4000CDED012A8DED003A069807990860059899
:103B500007994860049807998860039807998861D5
:103B600002980799086201980799C8620098079916
:103B7000486308B07047000087B006908DED050AD5
:103B8000CDED040A8DED031ACDED021A8DED012A5B
:103B9000CDED002A059806990860049806994860BA
:103BA0000398069988600298069988610198069999
:103BB000086200980699886207B07047000000000C
:103BC00080B586B00020019005900490039002908B
:103BD000F6F7BEF9019801218DF808108DF809005B
:103BE00003901F228DF8102087228DF811208DF868
:103BF00012008DF813008DF814108DF815108DF843
:103C000016008DF8170002A8F6F762F90420F6F7FF
:103C1000B3F906B080BD000080B58EB0FFE744F276
:103C2000D840C5F60200016841F00101016000685A
:103C300000F001000D900D98FFE7FFE744F2D84037
:103C4000C5F60200016841F002010160006800F061
:103C500002000C900C98FFE70B20019005210991C0
:103C600000220A92F6F7C8F90198F6F7B9F909990E
:103C70000A9A0C200290F6F7BFF90298F6F7B0F90D
:103C800009990A9A0D200390F6F7B6F90398F6F70A
:103C9000A7F909990A9A0E200490F6F7ADF904984D
:103CA000F6F79EF909990A9A0F200590F6F7A4F9FC
:103CB0000598F6F795F909990A9A2F200690F6F7D4
:103CC0009BF90698F6F78CF909990A9A382007901B
:103CD000F6F792F90798F6F783F909990A9A3B20C3
:103CE0000890F6F789F90898F6F77AF909990A9A87
:103CF0003C200B90F6F780F90B98F6F771F90EB0AF
:103D000080BD00000000000080B582B044F2F020C9
:103D1000C2F2004001904AF20001C4F200010160C9
:103D200000228260C2600274427482740321416185
:103D3000142181611D21C1610A21016201214162B9
:103D40004FF0020CC0F828C00D21C162C0F830C08D
:103D5000426304218163C163082303644164836473
:103D6000C164C0F850C041658365C3652023036604
:103D700042668166F5F7C0F918B1FFE7EFF7DCFBA3
:103D8000FFE702B080BD000080B582B044F2903001
:103D9000C2F2004001904AF20041C4F20001016009
:103DA00000228260C2600274427482744FF0030C7D
:103DB000C0F814C0142181611D21C1610A21016272
:103DC00001214162022383620D23C362016340F239
:103DD0000641416304218163C16308230364416494
:103DE0008364C164C0F850C041658365C3650366E0
:103DF00042668166F5F780F918B1FFE7EFF79CFBA3
:103E0000FFE702B080BD000080B582B044F23040D0
:103E1000C2F2004000904DF20041C4F20001016086
:103E2000002201928260C2600274427482744FF078
:103E3000030CC0F814C00A2181611D23C361016213
:103E4000C0F824C08162C362016340F6120141637D
:103E500001218163C2630421016441648264C164FD
:103E6000026541658265C265016642668166F5F755
:103E700043F918B1FFE7EFF75FFBFFE702B080BD42
:103E8000B0B5EAB045F25450C0F60200016842688D
:103E90008368D0F80CC0D0F810E044696894CDF87D
:103EA0009CE1CDF898C165936492639180696990B3
:103EB00063A8002100910DF0FBFC009942F65032FE
:103EC000C2F20042106045F25840C0F6020002689B
:103ED0004368D0F808C0D0F80CE0046945696195E2
:103EE0006094CDF87CE1CDF878C15D935C928069F7
:103EF00062905CA80DF0DCFC009940F21432C2F232
:103F00000042106045F29040C0F60200026843682B
:103F1000D0F808C0D0F80CE0046945695A95599466
:103F2000CDF860E1CDF85CC15693559280695B9005
:103F300055A80DF0BDFC009940F2F832C2F20042E3
:103F4000106045F2CC30C0F6020002684368D0F839
:103F500008C0D0F80CE00469456953955294CDF837
:103F600044E1CDF840C14F934E92806954904EA8E1
:103F70000DF09EFC009940F2E822C2F2004210606F
:103F800045F2AC40C0F6020002684368D0F808C0B1
:103F9000D0F80CE0046945694C954B94CDF828E1C4
:103FA000CDF824C14893479280694D9047A80DF001
:103FB0007FFC009940F2FC32C2F20042106045F2F0
:103FC0002040C0F6020002684368D0F808C0D0F86C
:103FD0000CE00469456945954494CDF80CE1CDF8B1
:103FE00008C1419340928069469040A80DF060FC62
:103FF000009940F20432C2F20042106045F2C8401B
:10400000C0F6020002684368D0F808C0D0F80CE09F
:10401000046945693E953D94CDF8F0E0CDF8ECC0DB
:104020003A93399280693F9039A80DF041FC00998C
:1040300040F2E452C2F20042106045F21C50C0F659
:10404000020002684368D0F808C0D0F80CE00469A8
:10405000456937953694CDF8D4E0CDF8D0C0339388
:1040600032928069389032A80DF022FC009940F21B
:10407000F852C2F20042106045F27440C0F60200ED
:1040800002684368D0F808C0D0F80CE004694569BC
:1040900030952F94CDF8B8E0CDF8B4C02C932B9286
:1040A000806931902BA80DF003FC009940F2F032AA
:1040B000C2F20042106045F20440C0F602000268FD
:1040C0004368D0F808C0D0F80CE004694569299528
:1040D0002894CDF89CE0CDF898C02593249280696F
:1040E0002A9024A80DF0E4FB009940F20032C2F2BD
:1040F0000042106045F2E440C0F6020002684368E6
:10410000D0F808C0D0F80CE00469456922952194E4
:10411000CDF880E0CDF87CC01E931D92806923907D
:104120001DA80DF0C5FB009940F2E852C2F2004212
:10413000106045F20050C0F6020002684368D0F8F3
:1041400008C0D0F80CE0046945691B951A94CDF8B5
:1041500064E0CDF860C01793169280691C9016A891
:104160000DF0A6FB009940F2F052C2F2004210603E
:1041700045F2E830C0F6020002684368D0F808C093
:10418000D0F80CE00469456914951394CDF848E023
:10419000CDF844C010930F92806915900FA80DF0D0
:1041A00087FB009940F2FC22C2F20042106045F207
:1041B0003C40C0F6020002684368D0F808C0D0F85E
:1041C0000CE0046945690D950C94CDF82CE0CDF810
:1041D00028C00993089280690E9008A80DF068FB2A
:1041E000009940F20C32C2F20042106045F23850A1
:1041F000C0F6020002684368D0F808C0D0F80CE0AE
:104200000469456906950594CDF810E0CDF80CC019
:10421000029301928069079001A80DF049FB41F6D5
:104220001C31C2F2004108606AB0B0BD000000005D
:1042300080B58EB000200D900C900B900A900990E4
:10424000FFE744F2E040C5F60200016841F080015A
:104250000160006800F0800008900898FFE7FFE721
:1042600044F2E040C5F60200016841F0040101603B
:10427000006800F0040007900798FFE7FFE744F2AA
:10428000E040C5F60200016841F0010101600068EC
:1042900000F0010006900698FFE7FFE744F2E040D7
:1042A000C5F60200016841F002010160006800F0FB
:1042B000020005900598FFE7FFE744F2E040C5F6ED
:1042C0000200016841F008010160006800F0080088
:1042D00004900498FFE740F60000C5F60200029043
:1042E0000921009101220192F5F716FD009A01992A
:1042F000029809920A91002103910B9103210C91DC
:1043000009A9F5F735FB03994FF00060FAF7B4FC03
:104310000EB080BD0000000080B582B044F6B4103D
:10432000C2F20040009043F60001C4F200010160B7
:104330004FF4800141600021019181600722C26039
:104340004FF0007202614FF0807242614FF0806264
:1043500082614FF08042C261016241628162C1624A
:1043600042638163C163016441648164C164016526
:1043700041658165F9F7C8FE18B1FFE7EFF7DCF892
:10438000FFE702B080BD000080B58CB00021019134
:104390000B910A9109910891079106910591049159
:1043A0000391029144F63C20C2F2004041F6000223
:1043B000C4F200020260EF224260816040F2E73204
:1043C000C26001618161FBF7BBF918B1FFE7EFF74C
:1043D000B3F8FFE7002009900B9044F63C20C2F2AE
:1043E000004009A9FAF764FC18B1FFE7EFF7A4F859
:1043F000FFE760200290002003900490069044F6AE
:104400003C20C2F2004002A90422FBF7C1F818B117
:10441000FFE7EFF791F8FFE744F63C20C2F20040D7
:10442000FBF752F80CB080BD80B590B0002101912F
:104430000F910E910D910C910B910A910991089198
:1044400007910691059104910391029144F6D420BD
:10445000C2F2004040F20042C4F2000202600222B6
:10446000426081606322C26001618161FAF7E0FC11
:1044700018B1FFE7EFF760F8FFE74FF480500C90BA
:1044800044F6D420C2F200400CA9FAF705FE18B198
:10449000FFE7EFF751F8FFE744F6D420C2F20040FF
:1044A000FBF74EF918B1FFE7EFF746F8FFE70020FA
:1044B00009900B9044F6D420C2F2004009A9FAF703
:1044C000F7FB18B1FFE7EFF737F8FFE7602002903E
:1044D000002003900490069044F6D420C2F20040DD
:1044E00002A90422FBF754F818B1FFE7EFF724F80C
:1044F000FFE744F6D420C2F20040FAF7E5FF10B01F
:1045000080BD00000000000080B582B044F6484045
:10451000C2F20040019045F20001C4F200010160C6
:1045200048F2A061C0F2010141604FF48051816006
:104530000021C1604FF4806202610C2242618161FE
:10454000C161016241628162FCF71EFD18B1FFE7A3
:10455000EEF7F2FFFFE744F64840C2F200400021C8
:10456000FCF73EF918B1FFE7EEF7E6FFFFE744F688
:104570004840C2F200400021FCF7EAF818B1FFE71A
:10458000EEF7DAFFFFE744F64840C2F20040FBF7DF
:1045900017FF18B1FFE7EEF7CFFFFFE702B080BDCE
:1045A00080B582B044F62030C2F20040009041F263
:1045B0000001C4F2010101604FF46121416000215A
:1045C00001918160C16001610C2242618161C16120
:1045D000016241628162FCF7D7FC18B1FFE7EEF798
:1045E000ABFFFFE744F62030C2F200400021FCF7A9
:1045F000F7F818B1FFE7EEF79FFFFFE744F620302A
:10460000C2F200400021FCF7A3F818B1FFE7EEF773
:1046100093FFFFE744F62030C2F20040FBF7D0FEE4
:1046200018B1FFE7EEF788FFFFE702B080BD00009A
:1046300080B582B044F6B430C2F20040009044F23B
:104640000041C4F20001016048F28041C0F21E0145
:1046500041604FF48051816000230193C3604FF4A7
:10466000806101610C2141618361C3610362436226
:10467000836219461A46F9F713FB18B1FFE7EEF704
:104680005BFFFFE744F6B430C2F200400021FCF7C4
:10469000A7F818B1FFE7EEF74FFFFFE744F6B43095
:1046A000C2F200400021FCF753F818B1FFE7EEF723
:1046B00043FFFFE744F6B430C2F20040FBF780FE50
:1046C00018B1FFE7EEF738FFFFE702B080BD00004A
:1046D00080B543F6DC30C2F2004040F2B001C2F2D5
:1046E0000041012208F094FA18B1FFE7EEF724FF29
:1046F000FFE743F6DC30C2F2004040F27011C2F234
:10470000004108F0B1FF18B1FFE7EEF715FFFFE732
:1047100043F6DC30C2F2004040F20C21C2F200410C
:1047200007F062FC18B1FFE7EEF706FFFFE743F67C
:10473000DC30C2F2004009F027F918B1FFE7EEF7CC
:10474000FBFEFFE7F6F788FE80BD000000000000DA
:1047500080B59CB08DED1B0ACDED1A0A8DED191AAE
:10476000CDED181A8DED172ACDED162A9DED1B1AE9
:104770009DED1A0A20EE000AA1EE010A9DED191A1C
:10478000A1EE010A0CF064FF8DED150A9DED151ADE
:104790009DED1B0A20EE010A8DED1B0A9DED151AF9
:1047A0009DED1A0A20EE010A8DED1A0A9DED151AEB
:1047B0009DED190A20EE010A8DED190A9DED180AEA
:1047C000B5EE400AF1EE10FA39D0FFE79DED170A79
:1047D000B5EE400AF1EE10FA31D0FFE79DED160A72
:1047E000B5EE400AF1EE10FA29D0FFE79DED181A58
:1047F0009DED170A20EE000AA1EE010A9DED161AA2
:10480000A1EE010A0CF024FF8DED150A9DED151A9D
:104810009DED180A20EE010A8DED180A9DED151A7E
:104820009DED170A20EE010A8DED170A9DED151A70
:104830009DED160A20EE010A8DED160AFFE79DEDAB
:104840001B0AB1EE400ADDED190A0EF0B3FF8DED43
:10485000130A9DED1A0ADDED190A0EF0ABFF8DED7E
:10486000120A9DED120A0FF067FE8DED0B0A9DED09
:10487000120A0FF04DF98DED0A0A9DED130A0FF0A3
:1048800047F98DED080A9DED130A0FF055FE8DEDE9
:10489000090A9DED180AB5EE400AF1EE10FA43D070
:1048A000FFE79DED170AB5EE400AF1EE10FA3BD096
:1048B000FFE79DED160AB5EE400AF1EE10FA33D08F
:1048C000FFE79DED181A9DED083A9DED170A9DED45
:1048D000092A20EE020A9DED0B4A20EE040AA1EE01
:1048E000030A9DED161A21EE021A9DED0A2AA1EE89
:1048F000020A8DED070A9DED171A9DED0A2A9DED1E
:10490000160A9DED0B3A20EE030A91EE020A8DED98
:10491000060A9DED060AB1EE400ADDED070A0EF02B
:1049200049FF8DED140A02E000201490FFE79DED91
:10493000120AB6EE001A8DED011A20EE010A0FF0F0
:10494000E7F89DED011A8DED110A9DED130A20EE99
:10495000010A0FF0DDF89DED011A8DED100A9DEDB5
:10496000140A20EE010A0FF0D3F89DED011A8DED27
:104970000F0A9DED120A20EE010A0FF0DDFD9DEDFC
:10498000011A8DED0E0A9DED130A20EE010A0FF0BB
:10499000D3FD9DED011A8DED0D0A9DED140A20EE5B
:1049A000010A0FF0C9FD8DED0C0A9DED110A9DED78
:1049B000101A20EE011A9DED0F2A9DED0E0A9DEDB5
:1049C0000D3A20EE030A9DED0C3A20EE030AA1EE0B
:1049D000020A46F2D023C2F20043029383ED000A9A
:1049E0009DED0E0A9DED101A20EE011A9DED0F2A85
:1049F0009DED110A9DED0D3A20EE030A9DED0C3A56
:104A000020EE030A91EE020A46F2D422C2F20042DC
:104A1000039282ED000A9DED110A9DED0D1A20EE24
:104A2000011A9DED0F2A9DED0E0A9DED103A20EE24
:104A3000030A9DED0C3A20EE030AA1EE020A46F2AB
:104A4000D821C2F20041049181ED000A9DED110AC6
:104A50009DED101A20EE011A9DED0C2A9DED0E0A17
:104A60009DED0D3A20EE030A9DED0F3A20EE030A6C
:104A700091EE020A46F2DC20C2F20040059080ED81
:104A8000000A93ED001A92ED000A20EE000AA1EE52
:104A9000010A91ED001AA1EE010A90ED001AA1EEB3
:104AA000010A00F06DF8029B039A049905988DEDB8
:104AB000150A9DED151A93ED000A20EE010A83ED0B
:104AC000000A9DED151A92ED000A20EE010A82ED12
:104AD000000A9DED151A91ED000A20EE010A81ED04
:104AE000000A9DED151A90ED000A20EE010A80EDF6
:104AF000000A1CB080BD000081B08DED000A46F2B6
:104B00009861C2F200410020086046F2D022C2F251
:104B100000424FF07E51116046F2D421C2F20041B2
:104B2000086046F2D821C2F20041086046F2DC215A
:104B3000C2F20041086044F6E041C2F20041086060
:104B400044F6E441C2F20041086044F6E841C2F292
:104B50000041086042F2A851C2F2004108709DED88
:104B6000001AB7EE000A80EE010A44F6EC40C2F2E9
:104B7000004080ED000A01B0704700000000000016
:104B800084B08DED030A9DED030AB6EE001A20EE07
:104B9000010A8DED020A0398019001980090009996
:104BA00045F6DF10C5F63770A0EB61000090009865
:104BB00001909DED010A9DED021A21EE003AB7EE3B
:104BC000081AB0EE412AA3EE402A20EE020A8DED2B
:104BD000010A9DED010A9DED022A22EE002AA2EEB5
:104BE000401A20EE010A8DED010A9DED010A04B084
:104BF0007047000000000000FFE7FEE70000000033
:104C000082B00190002000900199B1F90000B1F943
:104C10000810401A10F57A6F0BDAFFE70199B1F925
:104C20000000B1F90810401A41F6FF7108440090E5
:104C30001DE00199B1F90000B1F90810401AB0F572
:104C40007A6F0BDDFFE70199B1F90000B1F90810A7
:104C5000401A41F6FF71401A009007E00199B1F93E
:104C60000000B1F90810401A0090FFE7FFE7009A32
:104C7000019908691044086101990888088102B007
:104C8000704700000000000080B582B001908DF8F0
:104C900003108DF802209DF8020038B9FFE7019853
:104CA0009DF8031000220CF05BFC0CE09DF8020064
:104CB000012807D0FFE701989DF8031000220CF0AF
:104CC00017FBFFE7FFE702B080BD00000000000017
:104CD00081B00090009900200861009A118811812C
:104CE0000099C86001B07047FFE7FEE700000000D0
:104CF00088B0079006910592079800F0070004908D
:104D00000498C0F10700052803D3FFE704200190B1
:104D100004E00498C0F107000190FFE701980390B8
:104D200004980430062803D8FFE70020009003E031
:104D3000049803380090FFE70098029006980399C2
:104D4000012202FA01F101390840029B98400599BD
:104D50009A40013A1140084308B070470000000033
:104D600080B588B0079045F27051C0F6020101A8E5
:104D700000901822EBF742FC00980621ECF74CFA61
:104D8000FFE704F009FC14200CF076FDF9E70000C1
:104D900080B582B00190FFE7EBF796FE01200CF0A2
:104DA0006BFDF9E70000000080B582B0019040F291
:104DB000DC500CF061FDECF76BFEFFE704F0C4FC87
:104DC00002200CF059FDF9E780B582B001904FF454
:104DD0007A700CF051FDFFE704F02EFE0A200CF073
:104DE0004BFDF9E70000000080B58AB0099040F261
:104DF0000430C2F2004000680CF0D6FD44F2F0200E
:104E0000C2F200400168886920F00100886144F224
:104E10009030C2F2004007900121002208920CF06D
:104E20008FFA0798089A02210CF08AFA0798089AD4
:104E300003210CF085FA0798089B69464B600B60CC
:104E400040F2FF111A460AF0EFFAFFE76846002326
:104E500005934360036044F29030C2F20040049036
:104E600040F2FF111A460AF0DFFA0498059A012170
:104E700006910CF065FA0498059A02210CF060FA8C
:104E80000498059A03210CF05BFA0698F3F714FADC
:104E900040F20830C2F200400078012809D0FFE754
:104EA00040F2EC51C2F2004101200870EBF70CFE19
:104EB000FFE746F2E020C2F20040807A02280AD0E2
:104EC000FFE746F2E020C2F20040807A18B1FFE727
:104ED000F5F7B2F8FFE732210023029318461A468D
:104EE0000AF062FE4B200390F3F7E6F9029B1846A6
:104EF00019461A460AF058FE0398F3F7DDF9A5E7BC
:104F000080B582B001904FF496600CF0B5FCEEF7DE
:104F1000EFFEFFE704F030FE01200CF0ADFCF9E7F6
:104F200080B582B00190FDF7C7FCFFE7FDF7ECFC10
:104F300001200CF0A1FCF9E780B582B00190FFE7F9
:104F400001200CF099FCFBE780B584B003900AF0D7
:104F50001BFEFFE7322200230193184619460AF090
:104F600023FE4FF4FA7002900CF086FC019B184669
:104F700019461A460AF018FE02980CF07DFCE9E783
:104F800080B584B003904FF47A700CF075FC44F255
:104F90009030C2F2004001900121002202920CF0F8
:104FA000DFFA0198029A02210CF0DAFA0198029ACB
:104FB00003210CF0D5FAFFE704F016FB04F018FD0E
:104FC00001200CF059FCF7E780B58AB00990FFE7A3
:104FD00046F23830C2F2004001680131016044F607
:104FE000DC42C2F20042116801311160006864289D
:104FF000C0F2C681FFE744F64840C2F200404FF2DB
:105000008441C2F201411922FBF71AFA44F220004E
:10501000C2F2004000681021C4F20201884200F090
:10502000B280FFE744F22000C2F20040006828216D
:10503000C4F20201884200F0A680FFE744F220009B
:10504000C2F2004000684021C4F20201884200F030
:105050009A80FFE744F22000C2F200400068582125
:10506000C4F20201884200F08E80FFE744F2200083
:10507000C2F2004000687021C4F20201884200F0D0
:105080008280FFE744F22000C2F2004000688821DD
:10509000C4F20201884276D0FFE744F22000C2F257
:1050A00000400068A021C4F2020188426BD0FFE7F3
:1050B00044F22000C2F200400068B821C4F20201AC
:1050C000884260D0FFE744F22000C2F2004000684E
:1050D00040F21041C4F20201884254D0FFE744F28A
:1050E0002000C2F20040006840F22841C4F20201F0
:1050F000884248D0FFE744F22000C2F20040006836
:1051000040F24041C4F2020188423CD0FFE744F241
:105110002000C2F20040006840F25841C4F202018F
:10512000884230D0FFE744F22000C2F2004000681D
:1051300040F27041C4F20201884224D0FFE744F2F9
:105140002000C2F20040006840F28841C4F202012F
:10515000884218D0FFE744F22000C2F20040006805
:1051600040F2A041C4F2020188420CD0FFE744F2B1
:105170002000C2F20040006840F2B841C4F20201CF
:1051800088420AD1FFE744F22000C2F200400168E1
:10519000086820F00800086009E044F22000C2F22C
:1051A00000400168086820F004000860FFE744F64A
:1051B000DC40C2F2004000686428C0F2DE80FFE7F5
:1051C00044F62030C2F2004040F65121C2F20041C4
:1051D000C822FBF735F944F21010C2F20040006813
:1051E0001021C4F20201884200F0B280FFE744F2CD
:1051F0001010C2F2004000682821C4F20201884267
:1052000000F0A680FFE744F21010C2F200400068F0
:105210004021C4F20201884200F09A80FFE744F284
:105220001010C2F2004000685821C4F20201884206
:1052300000F08E80FFE744F21010C2F200400068D8
:105240007021C4F20201884200F08280FFE744F23C
:105250001010C2F2004000688821C4F202018842A6
:1052600076D0FFE744F21010C2F200400068A0219F
:10527000C4F2020188426BD0FFE744F21010C2F280
:1052800000400068B821C4F20201884260D0FFE704
:1052900044F21010C2F20040006840F21041C4F223
:1052A0000201884254D0FFE744F21010C2F20040DD
:1052B000006840F22841C4F20201884248D0FFE76A
:1052C00044F21010C2F20040006840F24041C4F2C3
:1052D000020188423CD0FFE744F21010C2F20040C5
:1052E000006840F25841C4F20201884230D0FFE722
:1052F00044F21010C2F20040006840F27041C4F263
:105300000201884224D0FFE744F21010C2F20040AC
:10531000006840F28841C4F20201884218D0FFE7D9
:1053200044F21010C2F20040006840F2A041C4F202
:10533000020188420CD0FFE744F21010C2F2004094
:10534000006840F2B841C4F2020188420AD1FFE786
:1053500044F21010C2F200400168086820F0080012
:10536000086009E044F21010C2F2004001680868C9
:1053700020F004000860FFE7FFE7FDF7EDFDFFE721
:1053800046F23830C2F200400068962855DBFFE74D
:1053900044F6DC40C2F200400068C8284DDBFFE75D
:1053A00044F29030C2F200400590012108910022A1
:1053B00007920BF0C5FF0A200490F2F77DFF079BD0
:1053C00068464360036044F2F020C2F2004003905C
:1053D00040F2FF1106911A460AF026F80498F2F7F7
:1053E0006BFF0398079B69464B600B604FF400719D
:1053F0001A460AF019F80498F2F75EFF0598069924
:10540000079B6A46536013601A460AF00DF8089825
:1054100040F2EC51C2F200410870EBF755FB46F246
:10542000E021C2F200410220887240F20430C2F250
:10543000004000680CF094FAFFE704F091FC0F20A4
:105440000CF01AFAC4E5000080B584B00390642023
:1054500002900CF011FA02F07BFE46F24030C2F2EC
:1054600000400190483000F0E3FA0198703000F0FD
:10547000DFFA02980CF000FAFFE704F0C9FC0A20FA
:105480000CF0FAF9F9E7000080B582B0019040F223
:10549000DC500CF0F1F9FFE74FF47A700CF0ECF906
:1054A000FAE700000000000080B582B0019040F2F1
:1054B0004820C2F20040C0688047FFE740F2482021
:1054C000C2F200408069804701200CF0D5F9F5E771
:1054D00080B544F2D040C2F20040F5F7C5F880BD77
:1054E00080B586B0059004910598006803900398F4
:1054F00002900398006C01900298049900EB41100F
:10550000D0F8080B0090019843F20B01C4F65471D7
:1055100088420FD3FFE79DF801000006002809D557
:10552000FFE70298049900EB41114FF40040C1F8E5
:10553000080BFFE70598F5F7CFFE019843F20B0142
:10554000C4F6547188420DD3FFE70598807901288D
:1055500008D1FFE70599086801F29C42012109F092
:105560003FF8FFE7002006B080BD0000000000000B
:1055700080B588B007900691079800680490049859
:1055800003900498006C02900398069900EB411078
:10559000D0F8080B019007988079012840F08180AD
:1055A000FFE79DF804000007002818D5FFE70298E0
:1055B00043F20B01C4F6547188420FD3FFE79DF804
:1055C00005000006002809D5FFE70398069900EBBF
:1055D00041114FF40040C1F8080BFFE760E09DF86F
:1055E00004008006002808D5FFE70398069900EB21
:1055F00041112020C1F8080B51E09DF8040010F083
:10560000280F4AD1FFE7029843F20B01C4F6547108
:1056100088420FD3FFE79DF805000006002809D552
:10562000FFE70398069900EB41114FF40040C1F8E1
:10563000080B31E00798069901EBC10100EB8100EE
:1056400000F5157005900598006A0399069A01EB1C
:105650004211D1F8101B6FF3DF41401A05994861E0
:10566000069898B9FFE70598006940B9FFE70799E0
:10567000086801F29C42012108F0B2FF05E005999B
:10568000C8684A691044C860FFE7FFE707989DF8BB
:105690001810F4F775FDFFE700E0FFE7FFE7FFE70D
:1056A00047E0029843F20A11C4F65471884224D1AB
:1056B000FFE79DF805000006002809D5FFE70398DD
:1056C000069900EB41114FF40040C1F8080B13E0BC
:1056D0009DF804008006002808D5FFE70398069986
:1056E00000EB41112020C1F8080BFFE707989DF857
:1056F0001810F4F745FDFFE71AE0069890B9FFE7A8
:105700000798069901EBC10100EB8100D0F8640213
:1057100040B9FFE70799086801F29C42002108F0B0
:105720005FFFFFE707989DF81810F4F729FDFFE7E2
:10573000FFE7002008B080BD80B58CB00A900991C9
:105740000A9800680890089807900A98099901EB50
:10575000C10100EB81001430069006980169406990
:10576000884204D9FFE701208DF82F0079E00699DF
:1057700008694969401A0590059806998968884220
:1057800004D9FFE7069880680590FFE70598033085
:1057900080080490FFE70798099900EB4110D0F8C2
:1057A000180981B2049A0020914202900FD3FFE7BA
:1057B00006980269416900209142029007D2FFE7F2
:1057C00006980069002818BF01200290FFE70298A0
:1057D000C00770B3FFE7069908694969401A059048
:1057E000059806998968884204D9FFE70698806879
:1057F0000590FFE705980330800804900898069903
:10580000C9689DF82420BDF81430DDF828C09CF844
:1058100006C0EE46CEF800C009F06EFD059A069966
:10582000C8681044C860059A0699486910444861E0
:10583000B1E706990869496988420ED8FFE70998D7
:1058400000F00F01012088400390039A0799D1F8D6
:1058500034089043C1F83408FFE700208DF82F008A
:10586000FFE79DF82F000CB080BD00000000000095
:1058700088B007908DED060ACDED050A8DED041A6E
:1058800007990869C8609DED060A9DED051A30EE7E
:10589000410A079880ED040A079890ED083A90EDC8
:1058A000091A9DED042AB7EE000A30EE410A20EEF7
:1058B000030AA1EE020A8DED040A9DED040A079881
:1058C00090ED021A20EE010A80ED050A079890ED8E
:1058D000002A90ED041A90ED050AA1EE020A80ED6F
:1058E000050A079890ED012A90ED041A90ED060A3A
:1058F000A1EE020A80ED060A079890ED060A90EDE7
:105900000B1AB1EE411AB4EE410AF1EE10FA08DCBE
:10591000FFE7079890ED0B0AB1EE400A8DED030A00
:105920001BE0079890ED060A90ED0B1AB4EE410AC1
:10593000F1EE10FA06DBFFE7079890ED0B0A8DED0C
:10594000020A05E0079890ED060A8DED020AFFE7CE
:105950009DED020A8DED030AFFE79DED030A07980E
:1059600080ED060A079890ED050A90ED061A30EED4
:10597000010A80ED050A079890ED050A90ED0A1AD4
:10598000B1EE411AB4EE410AF1EE10FA08DCFFE77D
:10599000079890ED0A0AB1EE400A8DED010A1BE06E
:1059A000079890ED050A90ED0A1AB4EE410AF1EE5F
:1059B00010FA06DBFFE7079890ED0A0A8DED000A62
:1059C00005E0079890ED050A8DED000AFFE79DEDD3
:1059D000000A8DED010AFFE79DED010A079880EDB1
:1059E000050A04980799086208B070470000000093
:1059F00080B584B003908DED020ACDED010A8DEDE6
:105A0000001A039828309DED020ADDED010A00F02E
:105A10003FF8039890ED110ADDED000A00F038F828
:105A20000399C869C1F8800004B080BD000000007F
:105A300081B0009000990020C86000990861009929
:105A400048610099C86101B0704700000000000083
:105A500086B005908DED040ACDED030A8DED021A96
:105A6000CDED011A8DED002A049805990860039880
:105A700005994860029805998860019805998861A0
:105A800000980599086205990020486206B07047A1
:105A900088B007908DED060ACDED050A0799C86814
:105AA00008619DED060A9DED051A30EE410AB5EE3E
:105AB000400AF1EE10FA09DBFFE79DED060A9DEDC5
:105AC000051A30EE410A8DED040A08E09DED061A34
:105AD0009DED050A30EE410A8DED040AFFE79DEDCC
:105AE000040A079890ED091AB4EE410AF1EE10FA93
:105AF00004DAFFE707990020C86009E09DED060A77
:105B00009DED051A30EE410A079880ED030AFFE784
:105B1000079890ED021A90ED030A90ED042A30EEFA
:105B2000420A20EE010A80ED070A079890ED002A4C
:105B300090ED031A90ED070AA1EE020A80ED070A24
:105B4000079890ED012A90ED031A90ED050AA1EE59
:105B5000020A80ED050A079890ED050A90ED061AF5
:105B6000B1EE411AB4EE410AF1EE10FA08DCFFE79B
:105B7000079890ED060AB1EE400A8DED030A1BE08E
:105B8000079890ED050A90ED061AB4EE410AF1EE81
:105B900010FA06DBFFE7079890ED060A8DED020A82
:105BA00005E0079890ED050A8DED020AFFE79DEDEF
:105BB000020A8DED030AFFE79DED030A079880EDC9
:105BC000050A079890ED051A90ED070A30EE010AD4
:105BD00080ED070A079890ED070A90ED081AB1EEDC
:105BE000411AB4EE410AF1EE10FA08DCFFE707981B
:105BF00090ED080AB1EE400A8DED010A1BE007980E
:105C000090ED070A90ED081AB4EE410AF1EE10FA91
:105C100006DBFFE7079890ED080A8DED000A05E026
:105C2000079890ED070A8DED000AFFE79DED000A49
:105C30008DED010AFFE79DED010A079880ED070A47
:105C400008B07047000000000000000000000000E5
:105C5000EFF30980BFF36F8F154B1A681EF0100F1A
:105C600008BF20ED108A20E9F04F10602DE90900EF
:105C70004FF0500080F31188BFF34F8FBFF36F8F49
:105C80000DF006F84FF0000080F31188BDE8090020
:105C900019680868B0E8F04F1EF0100F08BFB0ECAC
:105CA000108A80F30988BFF36F8F704700BF00BF71
:105CB000346200240000000080B584B00290029895
:105CC00000F04EF818B1FFE70020039011E00299B0
:105CD0000868C98850F8210001900299C888431CBF
:105CE0008A88B3FBF2F000FB1230C8800198039061
:105CF000FFE7039804B080BD80B582B001900091A9
:105D0000019800F039F808B1FFE727E00198C06872
:105D100038B9FFE70098019A1168128941F822000A
:105D200012E0019AD1681089127C00FB02100099E0
:105D3000EAF764FC01980168C3680289007C02FBF1
:105D4000003041F82200FFE701990889431C8A8846
:105D5000B3FBF2F000FB12300881FFE702B080BD18
:105D600081B000900099C8880989401AB0FA80F083
:105D7000400901B07047000081B000900099C888C8
:105D80000A8901328B88B2FBF3F15943891A08441E
:105D9000B0FA80F0400901B0704700000000000038
:105DA00080B586B00490039100208DF8070044F27E
:105DB0002840C5F60200006800F00300032804D163
:105DC000FFE701208DF81700CBE044F20041C5F653
:105DD0000201086820F080600860F3F7B5FF0290C8
:105DE000FFE744F20040C5F60200006800F00061E1
:105DF0000020B0EBD16F0CD0FFE7F3F7A5FF0299BD
:105E0000401A032804D3FFE703208DF81700A8E009
:105E1000E7E7FFE744F22841C5F60201086820F4ED
:105E20007C30049A126840EA02300860049948689D
:105E3000D1F808C0CB680A6901386FF35F204FF6CC
:105E40000061CFF6FF7101EB4C2189B208440021BB
:105E5000CFF6FF7101EB034101F4FE0108444FF05E
:105E60007F4101EB026101F0FE41084444F23841F8
:105E7000C5F602010860FFE744F22C41C5F60201B5
:105E80000091086820F0C000049A5269104308602D
:105E9000086820F02000049A92691043086008689E
:105EA00020F01000086044F23C42C5F6020210687F
:105EB0004FF6F8739843049BDB6940EAC300106017
:105EC000086840F010000860039848B9FFE744F202
:105ED0002C41C5F60201086840F40020086016E075
:105EE0000398012809D1FFE744F22C41C5F60201CD
:105EF000086840F48010086008E044F22C41C5F6C0
:105F00000201086840F400100860FFE7FFE744F270
:105F10000041C5F60201086840F080600860F3F7B0
:105F200013FF0290FFE744F20040C5F6020000684C
:105F300000F000610020B0EBD16F0CD1FFE7F3F768
:105F400003FF0299401A032804D3FFE703208DF8CA
:105F5000170006E0E7E7FFE79DF807008DF8170058
:105F6000FFE79DF8170006B080BD000000000000AC
:105F700080B586B00490039100208DF8070044F2AC
:105F80002840C5F60200006800F00300032804D191
:105F9000FFE701208DF81700CBE044F20041C5F681
:105FA0000201086820F080500860F3F7CDFE0290EF
:105FB000FFE744F20040C5F60200006800F000511F
:105FC0000020B0EB517F0CD0FFE7F3F7BDFE029944
:105FD000401A032804D3FFE703208DF81700A8E038
:105FE000E7E7FFE744F22841C5F60201086820F020
:105FF0007C70049A126840EA02500860049948686C
:10600000D1F808C0CB680A6901386FF35F204FF6FA
:106010000061CFF6FF7101EB4C2189B208440021E9
:10602000CFF6FF7101EB034101F4FE0108444FF08C
:106030007F4101EB026101F0FE41084444F240411E
:10604000C5F602010860FFE744F22C41C5F60201E3
:106050000091086820F44060049A52691043086077
:10606000086820F40070049A926910430860086878
:1060700020F48070086044F24442C5F602021068C1
:106080004FF6F8739843049BDB6940EAC300106045
:10609000086840F480700860039848B9FFE744F24C
:1060A0002C41C5F60201086840F48000086016E043
:1060B0000398012809D1FFE744F22C41C5F60201FB
:1060C000086840F40000086008E044F22C41C5F67E
:1060D0000201086840F080700860FFE7FFE744F2C3
:1060E0000041C5F60201086840F080500860F3F7EF
:1060F0002BFE0290FFE744F20040C5F60200006864
:1061000000F000510020B0EB517F0CD1FFE7F3F716
:106110001BFE0299401A032804D3FFE703208DF8E1
:10612000170006E0E7E7FFE79DF807008DF8170086
:10613000FFE79DF8170006B080BD000000000000DA
:1061400080B544F64840C2F200404FF28441C2F2AA
:1061500001411922FAF774F944F22000C2F200401A
:1061600000681021C4F20201884200F0B280FFE70B
:1061700044F22000C2F2004000682821C4F202016B
:10618000884200F0A680FFE744F22000C2F20040FF
:1061900000684021C4F20201884200F09A80FFE7C3
:1061A00044F22000C2F2004000685821C4F202010B
:1061B000884200F08E80FFE744F22000C2F20040E7
:1061C00000687021C4F20201884200F08280FFE77B
:1061D00044F22000C2F2004000688821C4F20201AB
:1061E000884276D0FFE744F22000C2F20040006807
:1061F000A021C4F2020188426BD0FFE744F22000E4
:10620000C2F200400068B821C4F20201884260D0A6
:10621000FFE744F22000C2F20040006840F2104163
:10622000C4F20201884254D0FFE744F22000C2F2D7
:106230000040006840F22841C4F20201884248D080
:10624000FFE744F22000C2F20040006840F2404103
:10625000C4F2020188423CD0FFE744F22000C2F2BF
:106260000040006840F25841C4F20201884230D038
:10627000FFE744F22000C2F20040006840F27041A3
:10628000C4F20201884224D0FFE744F22000C2F2A7
:106290000040006840F28841C4F20201884218D0F0
:1062A000FFE744F22000C2F20040006840F2A04143
:1062B000C4F2020188420CD0FFE744F22000C2F28F
:1062C0000040006840F2B841C4F2020188420AD19D
:1062D000FFE744F22000C2F200400168086820F0A5
:1062E0000800086009E044F22000C2F200400168A2
:1062F000086820F004000860FFE744F62030C2F28E
:10630000004040F65121C2F20041C822FAF798F845
:1063100044F21010C2F2004000681021C4F20201E1
:10632000884200F0B280FFE744F21010C2F2004051
:1063300000682821C4F20201884200F0A680FFE72D
:1063400044F21010C2F2004000684021C4F2020181
:10635000884200F09A80FFE744F21010C2F2004039
:1063600000685821C4F20201884200F08E80FFE7E5
:1063700044F21010C2F2004000687021C4F2020121
:10638000884200F08280FFE744F21010C2F2004021
:1063900000688821C4F20201884276D0FFE744F207
:1063A0001010C2F200400068A021C4F2020188422D
:1063B0006BD0FFE744F21010C2F200400068B82131
:1063C000C4F20201884260D0FFE744F21010C2F22A
:1063D0000040006840F21041C4F20201884254D0EB
:1063E000FFE744F21010C2F20040006840F228417A
:1063F000C4F20201884248D0FFE744F21010C2F212
:106400000040006840F24041C4F2020188423CD0A2
:10641000FFE744F21010C2F20040006840F2584119
:10642000C4F20201884230D0FFE744F21010C2F2F9
:106430000040006840F27041C4F20201884224D05A
:10644000FFE744F21010C2F20040006840F28841B9
:10645000C4F20201884218D0FFE744F21010C2F2E1
:106460000040006840F2A041C4F2020188420CD012
:10647000FFE744F21010C2F20040006840F2B84159
:10648000C4F2020188420AD1FFE744F21010C2F2BE
:1064900000400168086820F00800086009E044F244
:1064A0001010C2F200400168086820F00400086083
:1064B000FFE700F035F880BD83B00290ADF806101C
:1064C000ADF8042000208DF80300FFE79DF80300DD
:1064D000112822DCFFE702989DF80310C840C0078E
:1064E000A0B1FFE7BDF806009DF803104FF49472C9
:1064F000514344F60C53C2F200435852BDF8040015
:106500009DF8031011FB02314880FFE7FFE79DF87B
:10651000030001308DF80300D8E703B07047000096
:1065200080B54FF6FF70C0F203003221C822FFF79A
:10653000C3FF80BD0000000085B004908DF80F10EF
:106540008DF80E20029300208DF80700FFE79DF8DC
:106550000700112800F3DA80FFE704989DF8071080
:10656000C840C007002800F0CA80FFE79DF80E0071
:1065700001460091042800F2C1800099DFE801F093
:1065800003274C7298009DF80F009DF8073044F6E1
:106590000C52C2F200424FF4947113FB012393F8A2
:1065A0003CC06344187202989DF8073013FB012326
:1065B00093F83CC003EB8C0358619DF8070010FB77
:1065C000012191F83C00013081F83C0096E09DF8F3
:1065D0000F009DF8073044F60C52C2F200424FF40F
:1065E000947113FB012393F874C0634483F8400053
:1065F00002989DF8073013FB012393F874C003EB56
:106600008C03D8649DF8070010FB012191F87400F9
:10661000013081F8740071E09DF80F009DF807309B
:1066200044F60C52C2F200424FF4947113FB012362
:1066300093F8ACC0634483F8780002989DF8073063
:1066400013FB012393F8ACC003EB8C03C3F8840065
:106650009DF8070010FB012191F8AC00013081F892
:10666000AC004BE09DF80F009DF8073044F60C524B
:10667000C2F200424FF4947113FB012393F8E4C07B
:10668000634483F8B00002989DF8073013FB0123A0
:1066900093F8E4C003EB8C03C3F8BC009DF807003B
:1066A00010FB012191F8E400013081F8E40025E0BD
:1066B0009DF80F009DF8073044F60C52C2F20042DC
:1066C0004FF4947113FB012393F81CC1634483F8C6
:1066D000E80002989DF8073013FB012393F81CC1D2
:1066E00003EB8C03C3F8F4009DF8070010FB0121B5
:1066F00091F81C01013081F81C01FFE7FFE7FFE77B
:106700009DF8070001308DF8070020E705B07047BD
:1067100080B586B0F3F718FB059000208DF81300C4
:1067200046F2E020C2F20040007E4009C00720B1DE
:10673000FFE701208DF813000DE046F2E020C2F2E1
:106740000040007E0009C00720B1FFE702208DF85D
:106750001300FFE7FFE700208DF81200FFE79DF828
:106760001200112800F3AA82FFE700208DF8110023
:106770009DF812000F280DDCFFE746F2E020C2F280
:106780000040008B9DF81210C84000F001008DF809
:1067900011001BE09DF81200102808D1FFE746F217
:1067A000E020C2F20040807D8DF811000DE09DF8E0
:1067B0001200112808D1FFE746F2E020C2F20040A3
:1067C000C07D8DF81100FFE7FFE7FFE740F2E050E2
:1067D000C2F2004000689DF8123044F60C52C2F23A
:1067E00000424FF4947113FB0123D3F82431C01AF3
:1067F000ADF80E0005989DF8123013FB0123D3F875
:106800002431C01AADF80C009DF8120010FB0120D5
:1068100090F82001002860D1FFE79DF811000028C2
:106820005BD0FFE705989DF8123044F60C52C2F297
:1068300000424FF4947113FB0123C3F824019DF827
:10684000120010FB01210120C87100208DF80B00FF
:10685000FFE79DF80B009DF8121044F60C53C2F2AE
:1068600000434FF4947211FB023191F8AC1088424E
:1068700032DAFFE79DF8120044F60C52C2F20042F1
:106880004FF4947110FB01209DF80B10084490F810
:1068900078009DF81310884217D1FFE79DF8121079
:1068A00044F60C52C2F200424FF4947011FB0020E7
:1068B0009DF80B2000EB8200D0F884300120884046
:1068C0009DF8131002229847FFE7FFE79DF80B00A1
:1068D00001308DF80B00BCE7DBE19DF8120044F6B7
:1068E0000C52C2F200424FF4947110FB012090F858
:1068F0002001002800F0D680FFE79DF81100002855
:1069000040F0D080FFE79DF8120044F60C53C2F22D
:1069100000434FF4947210FB0231002048719DF83F
:10692000121011FB0231C8719DF8121011FB0232D6
:10693000012191718DF80A00FFE79DF80A009DF88A
:10694000121044F60C53C2F200434FF4947211FB40
:10695000023191F8E410884232DAFFE79DF8120024
:1069600044F60C52C2F200424FF4947110FB012025
:106970009DF80A10084490F8B0009DF81310884262
:1069800017D1FFE79DF8121044F60C52C2F20042F4
:106990004FF4947011FB00209DF80A2000EB820058
:1069A000D0F8BC30012088409DF81310032298478E
:1069B000FFE7FFE79DF80A0001308DF80A00BCE709
:1069C000BDF80C009DF812104FF494724A4344F63F
:1069D0000C51C2F20041895A884262DDFFE7BDF8DE
:1069E0000C009DF8121044F60C53C2F200434FF411
:1069F000947211FB02314988884252DAFFE79DF810
:106A0000120044F60C52C2F200424FF4947110FB93
:106A100001210120087100208DF80900FFE79DF891
:106A200009009DF8121044F60C53C2F200434FF4D3
:106A3000947211FB023191F83C10884230DAFFE782
:106A40009DF8120044F60C52C2F200424FF49471C9
:106A500010FB01209DF809100844007A9DF81310DE
:106A6000884216D1FFE79DF8121044F60C52C2F28C
:106A700000424FF4947011FB00209DF8092000EBB8
:106A800082004369012088409DF813100022984736
:106A9000FFE7FFE79DF8090001308DF80900BEE728
:106AA000FFE7F5E09DF8120044F60C52C2F20042F6
:106AB0004FF4947110FB012090F82001002800F0A1
:106AC000CF80FFE79DF81100002800F0C980FFE7A4
:106AD00000208DF80800FFE79DF808009DF81210CF
:106AE00044F60C53C2F200434FF4947211FB02318E
:106AF00091F81C11884232DAFFE79DF8120044F643
:106B00000C52C2F200424FF4947110FB01209DF828
:106B10000810084490F8E8009DF81310884217D137
:106B2000FFE79DF8121044F60C52C2F200424FF4F7
:106B3000947011FB00209DF8082000EB8200D0F833
:106B4000F430012088409DF8131004229847FFE795
:106B5000FFE79DF8080001308DF80800BCE7BDF89C
:106B60000E009DF8121044F60C53C2F200434FF48D
:106B7000947211FB02314988884263DCFFE7BDF85B
:106B80000C009DF8121044F60C53C2F200434FF46F
:106B9000947211FB02314988884253DDFFE79DF86A
:106BA000120044F60C52C2F200424FF4947110FBF2
:106BB00001210120487100208DF80700FFE79DF8B2
:106BC00007009DF8121044F60C53C2F200434FF434
:106BD000947211FB023191F87410884231DAFFE7A8
:106BE0009DF8120044F60C52C2F200424FF4947128
:106BF00010FB01209DF80710084490F840009DF814
:106C00001310884216D1FFE79DF8120044F60C528B
:106C1000C2F200424FF4947110FB01219DF807204D
:106C200001EB8201CB6C012202FA00F09DF81310F7
:106C30009847FFE7FFE79DF8070001308DF8070050
:106C4000BDE70CE09DF8120044F60C52C2F200427F
:106C50004FF4947110FB012100204871FFE716E00A
:106C60009DF8120044F60C53C2F200434FF49472A4
:106C700010FB0231002008719DF8121011FB023147
:106C800048719DF8121011FB02318871FFE7FFE790
:106C9000FFE79DF811009DF8121044F60C53C2F264
:106CA00000434FF4947211FB023181F82001FFE799
:106CB0009DF8120001308DF8120050E5059840F261
:106CC000E051C2F20041086006B080BD0000000043
:106CD00080B588B00790069105920493FFE741F6CE
:106CE0003830C2F20040019001980078532803D058
:106CF000FFE709F039F8FFE7FFE7EFF311804FF006
:106D0000200181F31188009041F63830C2F2004032
:106D1000029000200390FFE70298039901EB4101E4
:106D200000EBC100C06908B9FFE709E00398013032
:106D30000390FFE70398029909698842ECDBFFE7BB
:106D4000039802990969884232DAFFE707980299A5
:106D5000039A02EB420201EBC20188610698029994
:106D6000039A02EB420201EBC201C8610598029945
:106D7000039A02EB420201EBC201086202980399F6
:106D800001EB410100EBC101002088620299039AE6
:106D900002EB420201EBC201486204980299039A95
:106DA00002EB420201EBC201C862BFF35F8F03E056
:106DB0004FF0FF300390FFE7009880F311880398AD
:106DC00008B080BD0000000080B58AB0DDF830C09A
:106DD0000990089107920693FFE741F63830C2F216
:106DE0000040029002980078532803D0FFE708F093
:106DF000BBFFFFE7FFE741F63830C2F200400490E6
:106E0000099802282CD8FFE7EFF311804FF02001FA
:106E100081F3118801900498099901EB410100EB7D
:106E2000C10060300390099878B1FFE70898039992
:106E30000860079803994860069803998860039949
:106E4000002008610399C860FFE70C980399486126
:106E5000BFF35F8F019880F311880020059003E055
:106E60004FF0FF300590FFE705980AB080BD0000A5
:106E700080B58EB00D900C910B92FFE741F6383043
:106E8000C2F20040039003980078532803D0FFE734
:106E900008F06AFFFFE7FFE70D9800EB400141F6BD
:106EA0003830C2F2004000EBC100603005900C9811
:106EB00006900598006908900598C0680790002022
:106EC000099008980799884236D9FFE705988068A5
:106ED0000899401A0A900A980B99884203D2FFE752
:106EE0000A98029002E00B980290FFE702980A903D
:106EF00005984068089908440490069804990A9AED
:106F0000E9F77CFB0A990998084409900A990698C0
:106F1000084406900A990B98401A0B900A99089811
:106F200008440890089805998968884203D1FFE7CA
:106F300000200890FFE7FFE707980899401A0A9099
:106F40000A980B99884203D2FFE70A98019002E061
:106F50000B980190FFE701980A900A98D8B1FFE7D3
:106F600005984068089908440490069804990A9A7C
:106F7000E9F744FB0A990998084409900A99069888
:106F8000084406900A990B98401A0B900A990898A1
:106F900008440890FFE7099820B1FFE70898059991
:106FA0000861FFE709980EB080BD000000000000F6
:106FB00080B540F26810C2F20040016845F24072AC
:106FC000C0F6020240F26173C0F60203084600F008
:106FD000ABF84FF0005000F043FD80BD0000000012
:106FE00080B58CB0EFF311804FF0200181F3118850
:106FF000099042F21000C2F2004008F0C1FF0A906E
:107000000A980B900B98089041F6E030C2F20040CD
:1070100040680790FFE7079880280BD3FFE70798A1
:1070200040F0800008994A1C089208700798C0092F
:107030000790F0E7079808994A1C0892087008988A
:107040000B900B98069041F6E030C2F20040806849
:107050000590FFE7059880280BD3FFE7059840F0DF
:10706000800006994A1C069208700598C009059090
:10707000F0E7059806994A1C0692087006980B904E
:107080000B98049041F6E030C2F200400069039092
:10709000FFE7039880280BD3FFE7039840F08000B8
:1070A00004994A1C049208700398C0090390F0E701
:1070B000039804994A1C0492087004980B900B984A
:1070C000029000200190FFE7019880280BD3FFE792
:1070D000019840F0800002994A1C029208700198C1
:1070E000C0090190F0E7019802994A1C02920870C9
:1070F00002980B900A980B99182209F0C1F8099888
:1071000080F3118841F6E030C2F20040406A38B1A5
:10711000FFE741F6E030C2F20040406A8047FFE7F7
:107120000CB080BD0000000080B586B005900491D1
:107130000392029305980499039A029BEE464FF03E
:10714000000CCEF804C0CEF800C000F005F806B080
:1071500080BD00000000000080B588B0DDF82CC0C4
:10716000DDF828C0079006910592049346F2A1002D
:10717000C0F60200019041F61041C2F200414FF406
:10718000806200230393FFF7A3FD0199039A03464E
:1071900041F6E030C2F2004002904370437803763B
:1071A000007E6B461A6041F62832C2F20042082384
:1071B000FFF70AFE029903980861C860059A0A62FF
:1071C000079A4A60069A8A60049A4A620A9A8A6210
:1071D0000B9ACA62087008B080BD00000000000071
:1071E00080B582B0EFF311804FF0200181F3118858
:1071F000009042F21000C2F2004008F0C1FE01907F
:1072000001991122084609F03BF8009880F3118893
:1072100002B080BD0000000080B586B00590EFF39D
:1072200011804FF0200181F31188029042F210008A
:10723000C2F2004008F0A4FE039003980490059861
:1072400041F6E031C2F200410969401A0590049804
:10725000019005980090FFE7009880280BD3FFE786
:10726000009840F0800001994A1C01920870009833
:10727000C0090090F0E7009801994A1C019208703B
:107280000198049003980499082208F0F9FF0298E5
:1072900080F3118806B080BD80B586B00590EFF30D
:1072A00011804FF0200181F31188029042F210000A
:1072B000C2F2004008F064FE039003980490059821
:1072C00041F6E031C2F200410969401A0590049884
:1072D000019005980090FFE7009880280BD3FFE706
:1072E000009840F0800001994A1C019208700098B3
:1072F000C0090090F0E7009801994A1C01920870BB
:107300000198049003980499042208F0B9FF0298A8
:1073100080F3118806B080BD80B586B00590EFF38C
:1073200011804FF0200181F31188029042F2100089
:10733000C2F2004008F024FE0390039804900598E0
:1073400041F6E031C2F200410969401A0590049803
:10735000019005980090FFE7009880280BD3FFE785
:10736000009840F0800001994A1C01920870009832
:10737000C0090090F0E7009801994A1C019208703A
:107380000198049003980499062208F079FF029866
:1073900080F3118806B080BD80B582B041F6E03040
:1073A000C2F20040006AB8B1FFE741F6E030C2F235
:1073B0000040006A006878B1FFE741F6E030C2F2B1
:1073C0000040006A00688047019100900099019A8E
:1073D0000D2000F049F808E041F20400CEF2000070
:1073E00001680C2000F004F8FFE702B080BD000047
:1073F00080B588B007900691EFF311804FF020011F
:1074000081F31188039042F21000C2F2004008F0AC
:10741000B7FD049004980590059802900698019095
:10742000FFE7019880280BD3FFE7019840F0800028
:1074300002994A1C029208700198C0090190F0E775
:10744000019802994A1C02920870029805900498CB
:107450000599079A08F014FF039880F3118808B083
:1074600080BD00000000000080B58AB0099008913E
:107470000792EFF311804FF0200181F311880490FF
:1074800042F21000C2F2004008F07AFD0590059823
:1074900006900698039008980290FFE702988028CB
:1074A0000BD3FFE7029840F0800003994A1C039237
:1074B00008700298C0090290F0E7029803994A1CEC
:1074C0000392087003980690069801900798009020
:1074D000FFE7009880280BD3FFE7009840F080007A
:1074E00001994A1C019208700098C0090090F0E7C9
:1074F000009801994A1C019208700198069005981D
:107500000699099A08F0BCFE049880F311880AB025
:1075100080BD00000000000080B590B0DDF848C0DC
:107520000F900E910D920C93EFF311804FF020010C
:1075300081F31188099042F21000C2F2004008F075
:107540001FFD0A900A980B900B9808900E980790D0
:10755000FFE7079880280BD3FFE7079840F08000EB
:1075600008994A1C089208700798C0090790F0E72C
:10757000079808994A1C0892087008980B900B9875
:1075800006900D980590FFE7059880280BD3FFE73C
:10759000059840F0800006994A1C069208700598EC
:1075A000C0090590F0E7059806994A1C06920870F4
:1075B00006980B900B9804900C980390FFE70398A3
:1075C00080280BD3FFE7039840F0800004994A1C01
:1075D000049208700398C0090390F0E70398049997
:1075E0004A1C0492087004980B900B980290129811
:1075F0000190FFE7019880280BD3FFE7019840F046
:10760000800002994A1C029208700198C0090190FA
:10761000F0E7019802994A1C0292087002980B90B8
:107620000A980B990F9A08F02BFE099880F311889D
:1076300010B080BD0000000080B58AB08DF8270032
:1076400042F2A450C2F200400068002800F084809A
:10765000FFE742F2A450C2F2004000680890002008
:107660000790FFE707989DF8271088420CD2FFE7A4
:10767000089800690890089808B9FFE704E0FFE758
:10768000079801300790EDE70898002858D0FFE7E9
:10769000EFF311804FF0200181F31188049042F242
:1076A0001000C2F2004008F06BFC059005980690AF
:1076B000069803909DF827000290FFE70298802823
:1076C0000BD3FFE7029840F0800003994A1C039215
:1076D00008700298C0090290F0E7029803994A1CCA
:1076E00003920870039806900698019008988068A5
:1076F0000090FFE7009880280BD3FFE7009840F048
:10770000800001994A1C019208700098C0090090FD
:10771000F0E7009801994A1C0192087001980690C0
:10772000069808990968802208F072FB069005986F
:107730000699162208F0A4FD049880F31188FFE74B
:10774000089840B1FFE70898C06820B1FFE70898A3
:10775000C0688047FFE7FFE70AB080BD0000000077
:1077600080B582B042F2A450C2F200400068C0B1BD
:10777000FFE742F2A450C2F2004000680190FFE728
:107780000198C06820B1FFE70198C0688047FFE713
:10779000019800690190FFE701980028F0D1FFE708
:1077A000FFE702B080BD000080B586B0EFF3118026
:1077B0004FF0200181F31188039042F21000C2F2D1
:1077C000004008F0DDFB04900498059005980290B5
:1077D00041F63030C2F2004000780190FFE7019896
:1077E00080280BD3FFE7019840F0800002994A1CE3
:1077F000029208700198C0090190F0E7019802997F
:107800004A1C0292087002980590049805991B2260
:1078100008F036FD039880F3118806B080BD0000A3
:1078200080B584B00390EFF311804FF0200181F315
:107830001188009042F21000C2F2004008F0A0FB54
:10784000019001980399802208F0E2FA02900198D1
:1078500002990E2208F014FD009880F3118804B0FC
:1078600080BD00000000000080B590B00F90EFF3E5
:1078700011804FF0200181F311880C9042F210002A
:10788000C2F2004008F07CFB0D900D980E900E980F
:107890000B900F98006841F6E031C2F2004109698F
:1078A000401A0A90FFE70A9880280BD3FFE70A984E
:1078B00040F080000B994A1C0B9208700A98C0098E
:1078C0000A90F0E70A980B994A1C0B9208700B98E3
:1078D0000E900E9809900F9880680890FFE708981E
:1078E00080280BD3FFE7089840F0800009994A1CD4
:1078F000099208700898C0090890F0E7089809995B
:107900004A1C0992087009980E900E980F994968C0
:10791000202208F07DFA0E900D980E99092208F0A9
:10792000AFFC0D980E900E9807900F98006841F6E6
:10793000E031C2F200410969401A0690FFE706985B
:1079400080280BD3FFE7069840F0800007994A1C77
:10795000079208700698C0090690F0E70698079904
:107960004A1C0792087007980E900E9805900F9881
:10797000C0680490FFE7049880280BD3FFE70498C1
:1079800040F0800005994A1C059208700498C009CF
:107990000490F0E7049805994A1C05920870059830
:1079A0000E900E9803900F9800690290FFE70298DE
:1079B00080280BD3FFE7029840F0800003994A1C0F
:1079C000039208700298C0090290F0E702980399A8
:1079D0004A1C0392087003980E900E9801900F981D
:1079E00040690090FFE7009880280BD3FFE70098DC
:1079F00040F0800001994A1C019208700098C0096B
:107A00000090F0E7009801994A1C019208700198D3
:107A10000E900D980E99152208F032FC0C9880F308
:107A2000118810B080BD000080B541F6E030C2F290
:107A30000040006A80B1FFE741F6E030C2F200404A
:107A4000006A406840B1FFE741F6E030C2F2004012
:107A5000006A40688047FFE780BD0000000000002A
:107A600081B00090009841F6E031C2F20041086117
:107A700001B070470000000081B00090009841F60E
:107A8000E031C2F200410969401A01B070470000BC
:107A900080B582B041F20400CEF20000016841F6E8
:107AA000E030C2F20040019000F022F80198406AF4
:107AB00038B1FFE741F6E030C2F20040406A80474B
:107AC000FFE7FFF7B1FFFFF76FFE41F6E030C2F2CC
:107AD0000040806A38B1FFE741F6E030C2F2004072
:107AE000806A8047FFE702B080BD00000000000010
:107AF00080B584B0039002910398007820B9FFE725
:107B000003990020C860FFE7039901200870EFF394
:107B100011804FF0200181F3118801900398407883
:107B200045F28171C0F602010A22E8F779FC01985A
:107B300080F31188039808F0FFFC039808F0F0FA2E
:107B40000398029908F024FA04B080BD00000000F8
:107B500080B582B041F6E030C2F20040019000F002
:107B60000FF80198C06A38B1FFE741F6E030C2F281
:107B70000040C06A8047FFE702B080BD00000000FF
:107B800080B588B00790EFF311804FF0200181F3AA
:107B9000118801900DF113000430029002980390B7
:107BA0000399481C03900B200870079841F20401C8
:107BB000CEF200010968029A039B08F04DFC01987F
:107BC00080F3118807990020087008B080BD00007C
:107BD00080B588B00790EFF311804FF0200181F35A
:107BE0001188049042F21000C2F2004008F0C8F977
:107BF000059005980799802208F00AF906900698E2
:107C0000039001200290FFE7029880280BD3FFE742
:107C1000029840F0800003994A1C03920870029871
:107C2000C0090290F0E7029803994A1C0392087079
:107C3000039806900698019000200090FFE70098B6
:107C400080280BD3FFE7009840F0800001994A1C80
:107C5000019208700098C0090090F0E7009801991F
:107C60004A1C0192087001980690059806991A22FC
:107C700008F006FB049880F3118808B080BD00006E
:107C80008CB00B908DED080B8DED061B8DED042B4C
:107C90008DED023B8DED004B9DED080B0B9880EDBB
:107CA000040B9DED060B0B9880ED060B9DED040B70
:107CB0000B9880ED080B9DED020B0B9880ED0C0BE3
:107CC0009DED000B0B9880ED0A0B0CB07047000087
:107CD00080B544F6B410C2F20040F6F74DF880BD0E
:107CE00082B0019001980068406900900198016895
:107CF000886940F00800886101980168886940F04F
:107D00001000886101980168086820F0010008608F
:107D100001980168086940F26F3290430861019848
:107D20000168886820F440408860019890F88100DC
:107D3000042815D0FFE79DF80000800600280ED526
:107D4000FFE70199D1F8840040F08000C1F8840079
:107D500001980168886940F020008861FFE7FFE72B
:107D6000019890F88100032815D0FFE79DF80000E6
:107D7000400600280ED5FFE70199D1F8840040F0B5
:107D80000400C1F8840001980168886940F040004F
:107D90008861FFE7FFE79DF80100800700280ED506
:107DA000FFE70199D1F8840040F00100C1F8840098
:107DB00001980168886940F400708861FFE79DF8C8
:107DC0000100C00770B1FFE70199D1F8840040F0CD
:107DD0000800C1F8840001980168886940F4807047
:107DE0008861FFE701990020A1F862000199A1F8DC
:107DF0006A0002B07047000080B582B0019001981F
:107E0000806B009000990020A1F86A000099A1F809
:107E100062000099012081F881000098F5F7A8FF21
:107E200002B080BD0000000083B002900298C16BD8
:107E3000012000EB511001900298C06801300090C1
:107E400000980730C008009000980199484303B09B
:107E5000704700000000000080B586B0DDF820C04B
:107E6000049003918DF80B200193FFE704980068BC
:107E7000406903990840401AB0FA80F040099DF823
:107E80000B10884214D1FFE7F1F75EFF0899401A02
:107E90000199884204D3FFE70198013018B9FFE740
:107EA000019820B9FFE703208DF8170004E0DDE713
:107EB00000208DF81700FFE79DF8170006B080BD81
:107EC000074B19680868B0E8F04F80F30988BFF3E2
:107ED0006F8F4FF0000080F31188704700BF00BF24
:107EE000346200240000000084B0039003980090E6
:107EF00000980078ADF808000098013000900098D4
:107F00000078ADF80600BDF80610BDF8080040EA9C
:107F10000120ADF80A00BDF80A0004B07047000067
:107F200080B586B0DDF820C00590049103920293DD
:107F3000049846F28C01C0F602010522E8F732FBF4
:107F400008B9FFE747E041F63430C2F2004000686C
:107F5000082807D3FFE746F2A900C0F60200FFF7A2
:107F600037FE38E0059841F63431C2F200410A6824
:107F700002EB820342F2F402C2F2004242F8230012
:107F800004980B6803EB830302EB830358600398A8
:107F90000B6803EB830302EB8303986002980B6882
:107FA00003EB830302EB8303D86008980B6803EBB1
:107FB000830302EB830210610868013008600598B2
:107FC0000499039A029BDDF820C0EE46CEF800C06B
:107FD00000F006F8FFE706B080BD000000000000DA
:107FE00080B58AB0DDF830C00990089107920693F9
:107FF0000020059004900390029001900090099851
:1080000000900898019007980290069803900C98A9
:1080100004906846FFF728FC0AB080BD000000000D
:1080200080B586B005908DF813108DF8122046F2B9
:108030004030C2F200400390B0F822136439A0F837
:108040002213B0F9221300EE101AB8EEC00A00F5A0
:108050004970019000F06CFB019800F0E9FA01987A
:1080600000F0CAFA0198039A40F23E21C2F20041A0
:10807000029191F9001001EE101AB8EEC11A20EE2B
:10808000410ABDEEC00A10EE101AA2F81A1100F053
:10809000B3FA0298039990F9000001EE100AB8EEC5
:1080A000C11A20EE010ABDEEC00A10EE100AA1F8B6
:1080B000220206B080BD000080B586B005908DF824
:1080C00013108DF8122046F24030C2F200400390A7
:1080D000B0F822136431A0F82213B0F9221300EE95
:1080E000101AB8EEC00A00F54970019000F020FBAC
:1080F000019800F09DFA019800F07EFA0198039A29
:1081000040F23E21C2F20041029191F9001001EECD
:10811000101AB8EEC11A20EE410ABDEEC00A10EEE8
:10812000101AA2F81A1100F067FA0298039990F950
:10813000000001EE100AB8EEC11A20EE010ABDEEF1
:10814000C00A10EE100AA1F8220206B080BD00009D
:1081500080B582B046F24030C2F20040019041F258
:10816000A861A0F8221300F549709FED090ADFED20
:10817000090A00F049FA00F00FF800F0A5F801999B
:108180000020A1F81A01A1F82202087102B080BDF6
:1081900000000C430000000080B590B046F2403073
:1081A000C2F2004005900830FCF792FD0598483077
:1081B000B0EE0C0A9FED3C1A8DED031ADFED3B1A71
:1081C0009FED3B2AF0EE410AFDF742FCDDED031A7C
:1081D000059870309FED370A9FED371A9FED372ACB
:1081E000F0EE610AFDF734FCDDED031A059800F5A9
:1081F0009470B3EE090A8DED010AB1EE041A8DED0B
:10820000021A9FED2F2A8DED042AF0EE610AFDF788
:108210001FFC9DED010A9DED021ADDED031A9DED97
:10822000042A059800F50C70F0EE610AFDF710FCC9
:10823000059800F5EC709FED140B8DED060B9FED8E
:10824000141B8DED081B9FED142B8DED0A2B9FED5C
:10825000143B8DED0C3BB1EE044B8DED0E4BFFF757
:108260000FFD05989DED060B9DED081B9DED0A2B5E
:108270009DED0C3B9DED0E4B00F53870FFF700FDBA
:1082800010B080BD00BF00BFB56CAD2F12DAA23FA9
:108290001399B9C0E5A36940F6285C8FC2F5044084
:1082A000986E1283C06A3B400000000000C0F34596
:1082B00000401C46CDCC4C3F0AD7233C0080BB4538
:1082C00000007A460000000080B584B048F2A14367
:1082D000C0F6010301934FF4803000900022029217
:1082E0001146FEF729F90098019B02990322FEF737
:1082F00023F90098019B02990122FEF71DF90299CA
:1083000048F24943C0F601034FF400700222039281
:10831000FEF712F90299039A48F27943C0F6010375
:108320004FF48060FEF708F9039A48F2B903C0F6EB
:10833000010340201146FEF7FFF8039A48F221039B
:10834000C0F6010380201146FEF7F6F804B080BDA8
:1083500042F2C050C2F2004090F8840500286FD16C
:10836000FFE746F2E020C2F20040B0F91A00B0F593
:10837000C87F30DDFFE740F2F450C2F200400068F1
:10838000B0F5C87F27DCFFE746F24030C2F200407C
:1083900090F82003C00760B1FFE746F24031C2F217
:1083A0000041002081F82003A1F81A01A1F822025F
:1083B00010E046F24031C2F20041B1F822034042DF
:1083C000A1F81A01B1F82203A1F82202012081F8D4
:1083D0002003FFE7FFE746F2E020C2F20040B0F9D9
:1083E0001A0040F2F451C2F20041086042F698408F
:1083F000C2F2004090F8340FC00700BBFFE746F21E
:10840000E020C2F20040407A012810D1FFE746F296
:108410004030C2F2004090F82003C00738B1FFE7B7
:1084200046F24031C2F200410320087106E046F2F4
:108430004031C2F2004100200871FFE7FFE7FFE78B
:10844000704700000000000082B001908DF803101A
:108450008DF8022046F24031C2F20041B1F8220309
:108460004042A1F81A01B1F82203A1F8220201202A
:1084700081F8200302B0704782B001908DF803109C
:108480008DF8022046F24031C2F20041002081F80E
:108490002003A1F81A01A1F8220202B070470000DF
:1084A00083B002908DF807108DF806209DF8060025
:1084B0000146009140B1FFE70098012815D0FFE781
:1084C0000098032822D032E046F24030C2F2004049
:1084D00090F82003C00738B1FFE746F24031C2F2FE
:1084E000004105200871FFE722E046F24030C2F269
:1084F000004090F82003C00738B1FFE746F2403152
:10850000C2F2004103200871FFE711E046F240305B
:10851000C2F2004090F82003C00738B1FFE746F2EE
:108520004031C2F2004100200871FFE700E0FFE7A0
:1085300003B070470000000080B586B08DF81700CA
:108540009DF81700C00750B3FFE746F24030C2F273
:1085500000400490B0F9221300EE101AB8EEC00AE1
:1085600000F54970039000F0E3F8039800F060F81C
:10857000039800F041F80398049AB1EE400ABDEE6A
:10858000C00A10EE101AA2F81A1100F035F804997A
:10859000BDEEC00A10EE100AA1F8220225E046F254
:1085A0004030C2F20040029000F5497001909FED0A
:1085B000100A00F0BDF8019800F03AF8019800F0B8
:1085C0001BF80198029AB1EE400ABDEEC00A10EE07
:1085D000101AA2F81A1100F00FF80299BDEEC00AA5
:1085E00010EE100AA1F82202FFE706B080BD00BF1E
:1085F000000000000000000081B00090009890EDA5
:10860000020A01B07047000083B002908DED010AAC
:10861000CDED000A0299002008600199029A51608C
:108620000299886000980299C86003B07047000002
:1086300085B00390039890ED001A90ED020A30EE99
:10864000410A8DED020A9DED020AB5EE400AF1EEF7
:1086500010FA05DBFFE79DED020A8DED010A06E049
:108660009DED020AB1EE400A8DED010AFFE79DED96
:10867000010A039890ED031AB4EE410AF1EE10FAE4
:1086800004DAFFE70398806804904CE09DED020A4D
:10869000B5EE400AF1EE10FA05DBFFE79DED020AA8
:1086A0008DED000A06E09DED020AB1EE400A8DED67
:1086B000000AFFE79DED000A039890ED011AB4EE61
:1086C000410AF1EE10FA04DAFFE7039908688860BE
:1086D00025E09DED020AB5EE400AF1EE10FA0ADA45
:1086E000FFE7039890ED011A90ED020A30EE010ABF
:1086F00080ED020A12E09DED020AB5EE400AF1EEAD
:1087000010FA0ADDFFE7039890ED011A90ED020AD6
:1087100030EE410A80ED020AFFE7FFE7FFE703982A
:1087200080680490FFE79DED040A05B070470000E3
:1087300082B001908DED000A00980199086002B0A6
:10874000704700000000000080B582B00190FBF788
:10875000BFFFFFE7012009F08FF8FBE700000000F2
:1087600080B582B04FF0500080F31188BFF36F8F57
:10877000BFF34F8F00900AF03FFD40B1FFE74EF688
:108780000451CEF200014FF080500860FFE7002056
:108790000190019880F3118802B080BD00000000B4
:1087A00080B59EB00BA84C21E7F7C9FF00200190CF
:1087B0000A90099008900790069005900490039005
:1087C0000220F2F7F5FDFFE70020029044F61800C2
:1087D000C5F60200016821F440410160006800F420
:1087E000404002900298FFE7FFE744F61800C5F604
:1087F0000200006800F40050B0F5005F01D0FFE710
:10880000F3E721200B904FF480300C90012111915F
:108810000220149015901690282217921891042186
:1088200019911A900C201B9000201C901D900BA8F1
:10883000F4F726FD18B1FFE7EAF77EFEFFE73F20D9
:108840000390032104910020059008200690402009
:10885000079008904FF4806209920A9003A8F4F7F9
:10886000ABF818B1FFE7EAF767FEFFE71EB080BD7F
:108870004EF68851CEF20001086840F4700008609E
:1088800042F20000C5F20020006800F00F00062848
:108890000AD8FFE742F20001C5F20021086807226A
:1088A00062F303000860FFE744F20041C5F60201ED
:1088B000086840F00100086044F21042C5F6020268
:1088C0000020106008684EF67F52CEF6F622104067
:1088D000086042F20000C5F20020006800F00F00BE
:1088E00008280AD3FFE742F20001C5F20021086818
:1088F000072262F303000860FFE744F21841C5F65F
:1089000002010020086044F21C41C5F60201086023
:1089100044F22041C5F60201086044F22842C5F63F
:10892000020240F20021C0F20221116044F22C4206
:10893000C5F602020021C0F2FF11116044F230427C
:10894000C5F6020240F28021C0F20111116044F22A
:108950003442C5F60202106044F23842C5F6020203
:10896000116044F23C42C5F60202106044F24042FB
:10897000C5F60202116044F24441C5F602010860E6
:1089800044F20042C5F60202116821F48021116010
:1089900044F26041C5F60201086044F2D440C5F6D5
:1089A00002000068C004002814D4FFE744F2D44158
:1089B000C5F60201086840F48050086044F20002E5
:1089C000C5F2002243F2D2001060086820F4805003
:1089D0000860FFE77047000080B544F68820C2F2C7
:1089E0000040F6F749FC80BD80B544F63C20C2F259
:1089F0000040F6F741FC80BD83B0029001910298DF
:108A00000068009002980021C4F20101884225D03C
:108A1000FFE70298B0F1804F20D0FFE7029840F2C4
:108A20000041C4F20001884218D0FFE7029840F6E6
:108A30000001C4F20001884210D0FFE7029840F61E
:108A40000041C4F20001884208D0FFE7029840F2DA
:108A50000041C4F2010188420AD1FFE7009820F0EA
:108A60007000009001984168009808430090FFE76B
:108A700002980021C4F2010188424DD0FFE702981C
:108A8000B0F1804F48D0FFE7029840F20041C4F2B5
:108A90000001884240D0FFE7029840F60001C4F28E
:108AA0000001884238D0FFE7029840F60041C4F246
:108AB0000001884230D0FFE7029840F20041C4F242
:108AC0000101884228D0FFE7029844F20001C4F275
:108AD0000101884220D0FFE7029844F20041C4F22D
:108AE0000101884218D0FFE7029844F60001C4F261
:108AF0000101884210D0FFE702984EF20001C4F253
:108B00000001884208D0FFE702984EF20041C4F20B
:108B1000000188420AD1FFE7009820F440700090DD
:108B20000198C168009808430090FFE7009820F082
:108B30008000019949690843009001988068029972
:108B4000C862019800680299886202980021C4F204
:108B50000101884220D0FFE7029840F20041C4F2B0
:108B60000101884218D0FFE7029844F20001C4F2E4
:108B70000101884210D0FFE7029844F20041C4F29C
:108B80000101884208D0FFE7029844F60001C4F2D0
:108B90000101884205D1FFE7019800690299086345
:108BA000FFE70299086840F004000860029901207C
:108BB000486100980299086003B070470000000007
:108BC00084B0039002910192029800F01F010120ED
:108BD00088400090009A0399086A904308620198BF
:108BE000029901F01F0100FA01F20399086A10438B
:108BF000086204B07047000080B582B0019001980F
:108C0000806B009001980099496A88420DD1FFE776
:108C10000099012008770198C06928B9FFE70099F9
:108C2000012081F83E00FFE73CE001980099896A45
:108C300088420DD1FFE70099022008770198C069AA
:108C400028B9FFE70099012081F83F00FFE728E0FD
:108C500001980099C96A88420DD1FFE70099042064
:108C600008770198C06928B9FFE70099012081F8C9
:108C70004000FFE714E001980099096B88420DD18C
:108C8000FFE70099082008770198C06928B9FFE735
:108C90000099012081F84100FFE700E0FFE7FFE7CE
:108CA000FFE7FFE70098F6F7C7FD00990020087777
:108CB00002B080BD0000000080B582B00190019834
:108CC000806B009001980099496A884204D1FFE7BF
:108CD00000990120087721E001980099896A88426B
:108CE00004D1FFE700990220087716E00198009967
:108CF000C96A884204D1FFE70099042008770BE095
:108D000001980099096B884204D1FFE70099082077
:108D1000087700E0FFE7FFE7FFE7FFE70098F6F7D7
:108D2000A7FD00990020087702B080BD0000000078
:108D300080B582B001900198806B009001980099F5
:108D4000496A884207D1FFE7009901200877009916
:108D500081F83E0031E001980099896A884208D183
:108D6000FFE70099022008770099012081F83F0071
:108D700022E001980099C96A884208D1FFE700996A
:108D8000042008770099012081F8400013E0019841
:108D90000099096B884208D1FFE7009908200877FD
:108DA0000099012081F8410004E00099012081F838
:108DB0003D00FFE7FFE7FFE7FFE70098F6F754FA0B
:108DC00000990020087702B080BD0000000000007C
:108DD00085B00490039102920193049880680090FA
:108DE000009820F47F40009003980299019A41EA8C
:108DF000022101430098084300900098049988607C
:108E000005B070470000000083B002900191029805
:108E10008068009000984FF68F71CFF6CF710840B0
:108E2000009001980099084340F0070000900098D6
:108E30000299886003B0704785B00490039104984C
:108E4000006A01900499086A20F001000862049801
:108E50004068009004988069029002984FF68F71E4
:108E6000CFF6FE7108400290029820F003000290B5
:108E700003980168029808430290019820F00200CC
:108E8000019003988168019808430190049800219B
:108E9000C4F20101884220D0FFE7049840F200416B
:108EA000C4F20101884218D0FFE7049844F200019F
:108EB000C4F20101884210D0FFE7049844F2004157
:108EC000C4F20101884208D0FFE7049844F600018B
:108ED000C4F2010188420ED1FFE7019820F008009A
:108EE00001900398C168019808430190019820F00F
:108EF00004000190FFE704980021C4F201018842B8
:108F000020D0FFE7049840F20041C4F201018842FA
:108F100018D0FFE7049844F20001C4F2010188422E
:108F200010D0FFE7049844F20041C4F201018842E6
:108F300008D0FFE7049844F60001C4F2010188421A
:108F400013D1FFE7009820F480700090009820F47F
:108F500000700090039841690098084300900398BE
:108F60008169009808430090FFE7009804994860E1
:108F700002980499886103984068049948630198AD
:108F80000499086205B0704785B004900391049875
:108F9000006A01900499086A20F0100008620498A1
:108FA00040680090049880690290029848F6FF712A
:108FB000CFF6FF6108400290029820F440700290C2
:108FC00003980168029840EA01200290019820F07D
:108FD0002000019003988168019840EA01100190F7
:108FE00004980021C4F20101884229D0FFE70498C7
:108FF00040F20041C4F20101884221D0FFE7049809
:1090000044F20001C4F20101884203D1FFE70020CD
:10901000B0B9FFE7049844F20041C4F2010188426C
:1090200003D1FFE7002058B9FFE7049844F6000198
:10903000C4F20101884212D1FFE7012078B9FFE7AD
:10904000019820F0800001900398C168019840EADF
:1090500001100190019820F040000190FFE7049872
:109060000021C4F20101884220D0FFE7049840F2B9
:109070000041C4F20101884218D0FFE7049844F28D
:109080000001C4F20101884210D0FFE7049844F2C5
:109090000041C4F20101884208D0FFE7049844F679
:1090A0000001C4F20101884215D1FFE7009820F4C5
:1090B00080600090009820F400600090039841695F
:1090C000009840EA8100009003988169009840EA86
:1090D00081000090FFE70098049948600298049985
:1090E000886103984068049988630198049908622C
:1090F00005B070470000000085B00490039104980B
:10910000006A01900499086A20F48070086204984B
:10911000406800900498C069029002984FF68F71E1
:10912000CFF6FE7108400290029820F003000290F2
:1091300003980168029808430290019820F4007097
:10914000019003988168019840EA012001900498F9
:109150000021C4F20101884229D0FFE7049840F2BF
:109160000041C4F20101884221D0FFE7049844F293
:109170000001C4F20101884203D1FFE70020B0B929
:10918000FFE7049844F20041C4F20101884203D190
:10919000FFE7002058B9FFE7049844F60001C4F245
:1091A0000101884212D1FFE7012078B9FFE7019859
:1091B00020F4006001900398C168019840EA012002
:1091C0000190019820F480600190FFE7049800214D
:1091D000C4F20101884220D0FFE7049840F2004128
:1091E000C4F20101884218D0FFE7049844F200015C
:1091F000C4F20101884210D0FFE7049844F2004114
:10920000C4F20101884208D0FFE7049844F6000147
:10921000C4F20101884215D1FFE7009820F4805084
:109220000090009820F40050009003984169009845
:1092300040EA0110009003988169009840EA01100B
:109240000090FFE700980499486002980499C8616B
:10925000039840680499C86301980499086205B0AE
:10926000704700000000000085B00490039104984E
:10927000006A01900499086A20F4805008620498FA
:10928000406800900498C0690290029848F6FF7107
:10929000CFF6FF6108400290029820F440700290DF
:1092A00003980168029840EA01200290019820F496
:1092B0000050019003988168019840EA01300190C4
:1092C00004980021C4F20101884220D0FFE70498ED
:1092D00040F20041C4F20101884218D0FFE704982F
:1092E00044F20001C4F20101884210D0FFE7049863
:1092F00044F20041C4F20101884208D0FFE704981B
:1093000044F60001C4F2010188420BD1FFE7009846
:1093100020F48040009003984169009840EA811051
:109320000090FFE700980499486002980499C8618A
:10933000039840680499086401980499086205B08C
:10934000704700000000000085B00490039104986D
:10935000006A01900499086A20F480300862049839
:10936000406800900498406D029002984FF68F710B
:10937000CFF6FE71084002900398016802980843F6
:109380000290019820F400300190039881680198C0
:1093900040EA0140019004980021C4F20101884292
:1093A00020D0FFE7049840F20041C4F20101884256
:1093B00018D0FFE7049844F20001C4F2010188428A
:1093C00010D0FFE7049844F20041C4F20101884242
:1093D00008D0FFE7049844F60001C4F20101884276
:1093E0000BD1FFE7009820F480300090039841698A
:1093F000009840EA01200090FFE700980499486037
:109400000298049948650398406804998865019812
:109410000499086205B0704785B0049003910498E0
:10942000006A01900499086A20F480100862049888
:10943000406800900498406D0290029848F6FF71D1
:10944000CFF6FF610840029003980168029840EA55
:1094500001200290019820F4001001900398816887
:10946000019840EA0150019004980021C4F20101E2
:10947000884220D0FFE7049840F20041C4F2010185
:10948000884218D0FFE7049844F20001C4F20101B9
:10949000884210D0FFE7049844F20041C4F2010171
:1094A000884208D0FFE7049844F60001C4F20101A5
:1094B00088420BD1FFE7009820F4802000900398A9
:1094C0004169009840EA81200090FFE700980499E4
:1094D0004860029804994865039840680499C865F3
:1094E00001980499086205B0704700000000000070
:1094F00085B00490039102920498006A0090049948
:10950000086A20F0010008620498806901900198BF
:1095100020F0F00001900299019840EA01100190BA
:10952000009820F00A0000900399009808430090EA
:1095300001980499886100980499086205B0704701
:1095400085B00490039102920498006A00900499F7
:10955000086A20F010000862049880690190019860
:1095600020F4704001900299019840EA0130019086
:10957000009820F0A00000900399009840EA0110A4
:10958000009001980499886100980499086205B0D8
:10959000704700000000000080B582B046F2202035
:1095A000C2F20040FCF7DCFB48B1FFE70020E7F720
:1095B00007FE01204FF0FF3108F02AFF0FE046F2CE
:1095C0002020C2F20040FCF777FB01900198008850
:1095D000E7F7F6FD0198408808F04EF9FFE702B082
:1095E00080BD00000000000080B588B046F2403029
:1095F000C2F200400290B0F91211B0F91A2100EE47
:10960000102AB8EEC00A01EE101AF8EEC10A00F5F1
:109610009470FCF73DFA0298B0F91A12B0F92222C0
:1096200000EE102AB8EEC00A01EE101AF8EEC10AD8
:1096300000F50C70FCF72CFA02980830FBF7E0FA02
:10964000029890ED050A90ED061AB8EEC00AF8EE01
:10965000C10AB0F90A1001EE101AB8EEC11A48306A
:10966000FCF7C6F942F69840C2F20040049090ED33
:10967000520ABDEEC00A10EE102A6846002303937A
:109680004360036044F29030C2F20040059040F223
:10969000FF1105F0C9FE0298DDF80CC090ED322AEA
:1096A00090ED511A90ED930ABDEEC22A12EE102AE7
:1096B000BDEEC11A11EE103ABDEEC00A10EE100A4E
:1096C0006946C1F804C0086044F2F020C2F20040CC
:1096D0004FF4007105F0A8FE04990598D1ED1A0A1F
:1096E0000121F7EE001A9FED162A8DED062AB0EE45
:1096F000420AB0EE421A08F033F8049905989DED3D
:10970000061AD1EDBD0A91EDCC2A0321F7EE081A15
:10971000CDED071AB0EE410A08F022F80499059839
:109720009DED061ADDED071AD1ED930A91EDA22AFF
:109730000221B0EE410A08F013F808B080BD00BF66
:10974000000000000000000080B590B006A8039063
:10975000E8F73AFCE8F7A0FAE8F73AFB42F2C05023
:10976000C2F2004090F874050146049120B1FFE771
:109770000498012803D005E0E7F78AFF03E0E8F743
:10978000D3F800E0FFE7E8F78FFC40F2E640C3F6CD
:1097900035700F9000208DF82B00FFE79DF82B000F
:1097A000032820DCFFE79DF82B1001EB411242F269
:1097B000C050C2F2004000EBC202B2F9222000EE1B
:1097C000102AB8EEC00A90ED061A80EE010A0BA826
:1097D00000EB810080ED000AFFE79DF82B000130CF
:1097E0008DF82B00DAE7039A92ED050A92ED063A1E
:1097F00092ED072A92ED081A30EE030A30EE420A83
:1098000030EE410A92ED091AB1EE002A21EE021A59
:1098100080EE010A42F2C050C2F20040029000F510
:109820008861019181ED060A92ED050A92ED064AE2
:1098300092ED073A92ED081A30EE440A30EE030A30
:1098400030EE410A92ED091A21EE021A80EE010A69
:1098500081ED070A92ED050A92ED064A92ED073A6C
:1098600092ED081A30EE040A30EE030A30EE010AD7
:1098700090ED051A21EE021A80EE010A81ED080A28
:1098800091ED000AD1ED060A00F26440FCF700F900
:109890000199029891ED010AD1ED070A00F28C407E
:1098A000FCF7F6F80199029891ED020AD1ED080A49
:1098B00000F2B440FCF7ECF8019A0299039892ED9B
:1098C000000A92ED101A30EE010A40F2006CC2F26A
:1098D000004C8CED000A92ED010A92ED1A1A30EE5E
:1098E000010A40F20463C2F2004383ED000A92EDE4
:1098F000020A92ED241A30EE010A40F2FC52C2F242
:10990000004282ED000A9CED000A93ED001A30EE51
:10991000011A90ED092A92ED000A91ED053A20EE28
:10992000030AA1EE020A80ED000A9CED000A93ED05
:10993000001A30EE411A90ED092A92ED000A91EDDD
:10994000053A20EE030AA1EE020A80ED010A9CED21
:10995000001A93ED000A30EE411A90ED092A92EDBB
:10996000000A91ED053A20EE030AA1EE020A80ED0D
:10997000020A9CED000AB1EE400A93ED001A30EEA7
:10998000411A90ED092A92ED000A91ED053A20EE78
:10999000030AA1EE020A80ED030A00208DF81700E9
:1099A000FFE79DF8170003281FDCFFE79DF817204D
:1099B00006A800EB820090ED000A42F2C051C2F20C
:1099C000004191ED061A20EE010ABDEEC00A10EE2C
:1099D000100A02EB421201EBC2014885FFE79DF835
:1099E000170001308DF81700DBE710B080BD0000D4
:1099F00080B582B042F69840C2F20040009090F8E4
:109A00005C2344F29030C2F2004001900121FBF748
:109A10003BF90099019891F858260221FBF734F997
:109A20000099019891F860250321FBF72DF902B008
:109A300080BD00000000000080B582B0F0F784F91E
:109A4000019000208DF80300FFE79DF803000F2828
:109A500000F39080FFE701989DF8031001EB81026D
:109A600042F65431C2F2004101EB82035B68C01A36
:109A700051F82210884237D9FFE79DF8030000EB28
:109A8000800142F65430C2F2004000EB8100C06811
:109A900028B9FFE79DF80300E9F76AFC0CE09DF8A0
:109AA000030000EB800142F65430C2F2004000EBAC
:109AB0008100C0688047FFE79DF8030000EB80014C
:109AC00042F65430C2F2004000EB810101200872DE
:109AD0009DF8032046F2E011C2F2004151F8220045
:109AE000013041F822003EE001989DF8031001EB9F
:109AF000810242F65431C2F2004101EB82035B68FD
:109B0000C01A51F8221088422CD8FFE79DF80300B4
:109B100000EB800142F65430C2F2004000EB8100BD
:109B2000006928B9FFE79DF80300E9F745FC0CE060
:109B30009DF8030000EB800142F65430C2F2004071
:109B400000EB810000698047FFE79DF8030000EB10
:109B5000800142F65430C2F2004000EB8101002047
:109B60000872FFE7FFE7FFE79DF8030001308DF87B
:109B700003006AE702B080BD80B588B0EAF730FA2A
:109B8000EAF7F6FCEBF7B0F8EAF786FD42F6984004
:109B9000C2F2004040780146079140B1FFE70798C4
:109BA000012807D0FFE70798022806D008E0EAF767
:109BB0002FF806E0EAF778F803E0EAF739F800E072
:109BC000FFE742F69840C2F200400690D0ED2D0A21
:109BD00090ED2F1A90ED300AC830E8F759FC06983E
:109BE000D0ED040A90ED070A4C30FBF751FF0698C0
:109BF00090ED1A0A9FED511A8DED041A80EE010ABC
:109C000080ED1A0AD0ED790A90ED7C0A00F50C700F
:109C1000FBF73EFF9DED042A069890ED790A90ED42
:109C2000A21A81EE021A8DED051A9FED451A20EE5B
:109C3000010A9FED441A80EE010A06F0DDFE069847
:109C4000B0EE401A9DED050A9FED3F2A91EE420AC3
:109C500080EDA20AD0EDA50A90EDA80A00F53670B5
:109C6000FBF716FF069890EDA40A9FED381AB4EEA4
:109C7000410AF1EE10FA25DCFFE742F69840C2F205
:109C80000040029090EDA40A90EDBD1A9FED302A9D
:109C900081EE021A8DED031A9FED291A20EE010ABA
:109CA0009FED281A80EE010A06F0A6FE0298B0EE9B
:109CB000401A9DED030A9FED272AA1EE020A80EDCE
:109CC000CC0AFFE742F69840C2F2004090EDA40AA9
:109CD0009FED1E1AB4EE410AF1EE10FA2BDDFFE7FC
:109CE00042F69840C2F2004090EDA40A9FED1A1A85
:109CF000B4EE410AF1EE10FA1DDAFFE742F69840A1
:109D0000C2F20040009090EDBD0A9FED111A80EE66
:109D1000010A8DED010A9FED110A06F06DFE009813
:109D2000B0EE401A9DED010A9FED0A2AA1EE020A4B
:109D300080EDCC0AFFE708B080BD00BF00007A4488
:109D4000DB0F4940000034433C61853F0000704216
:109D500000007AC426E4CF3F00001643920A863FF3
:109D600080B588B0FCF7D4FC46F2E020C2F2004097
:109D7000807A022847D1FFE744F29030C2F20040D7
:109D80000490012107910022069207F0D9FA0A20D7
:109D90000390EEF791FA069B68464360036044F235
:109DA000F020C2F20040029040F2FF1105911A46E5
:109DB00005F03AFB0398EEF77FFA0298069B694696
:109DC0004B600B604FF400711A4605F02DFB0398B1
:109DD000EEF772FA04980599069B6A465360136081
:109DE0001A4605F021FB079840F2EC51C2F20041FF
:109DF0000870E6F769FE40F20430C2F200400068E5
:109E000007F0AEFDFFE708B080BD000000000000D5
:109E100080B588B040F62C20C2F20040D0F819007E
:109E200000EE100AB2EE041AB4EE410AF1EE10FA96
:109E30000DDDFFE740F62C20C2F20040D0F81900FB
:109E400046F24031C2F20041C1F83803FFE746F262
:109E50004030C2F2004090EDCE0A90EDD01AB4EE40
:109E6000410AF1EE10FA6FD0FFE746F24030C2F23D
:109E7000004090EDCE0A9FEDC91AB4EE410AF1EE12
:109E800010FA2BDDFFE740F20960C2F200400178D2
:109E900001310170007802281FDBFFE740F2096101
:109EA000C2F200410020087046F24032C2F2004285
:109EB000B2F822133C39A2F82213B2F81A113C313D
:109EC000A2F81A11B2F822123C39A2F8221240F27A
:109ED0000861C2F200410870FFE734E046F240300A
:109EE000C2F2004090EDCE0A9FEDC41AB4EE410AD2
:109EF000F1EE10FA26DAFFE740F20860C2F2004005
:109F0000017801310170007804281ADBFFE740F284
:109F10000861C2F200410020087046F24031C2F2EE
:109F20000041B1F822033230A1F82203B1F81A013E
:109F30003238A1F81A01B1F822023230A1F8220217
:109F4000FFE7FFE7FFE7FFE746F24031C2F20041DB
:109F5000D1F83803C1F8400340F26410C2F2004067
:109F60000078C00718B1FFE7FEF7F2F9FFE746F205
:109F70004030C2F20040049090F8200300F001004D
:109F8000FEF7DAFA049841698069401A002809D47A
:109F9000FFE746F24030C2F2004041698069401A52
:109FA000039008E046F24031C2F2004148698969F5
:109FB000401A0390FFE70398B0F5005F3BDBFFE733
:109FC00046F24030C2F200400079022833D0FFE769
:109FD00046F24030C2F20040B0F846130131A0F81A
:109FE0004613B0F84603652824DBFFE746F240300D
:109FF000C2F200400021A0F84613B0F84813013126
:10A00000A0F8481302210171B0F84803062808DBC4
:10A01000FFE746F24031C2F20041012081F84E03D1
:10A0200007E046F24031C2F20041002081F84E03C1
:10A03000FFE7FFE707E046F24031C2F200410020AF
:10A04000A1F84603FFE7F7F777FB46F24030C2F28C
:10A0500000400079013801460291042800F2CA80CC
:10A060000299DFE801F0039D69C73600F8F78CFE1E
:10A0700020B1FFE7F7F760FB18B3FFE746F2403186
:10A08000C2F2004148698969401A41F69711884235
:10A0900016DCFFE746F24031C2F20041486948F65B
:10A0A000FB721044486100200871086801300860A4
:10A0B00046F29460C2F20040006807F0DDFBFFE763
:10A0C00006E046F24031C2F2004100200871FFE78D
:10A0D00091E0F8F759FE20B1FFE7F7F72DFB18B331
:10A0E000FFE746F24031C2F2004148698969401AEF
:10A0F00041F69711884216DCFFE746F24031C2F282
:10A100000041486948F6FB7210444861002008711C
:10A1100008680130086046F29460C2F200400068AE
:10A1200007F0AAFBFFE706E046F24031C2F2004129
:10A1300000200871FFE75EE0F8F726FE20B1FFE798
:10A14000F7F7FAFA08B3FFE746F24031C2F20041EE
:10A1500048698969401A41F69711884214DCFFE783
:10A1600046F24031C2F20041486948F6FB721044A1
:10A17000486108680130086046F29460C2F200400D
:10A18000006807F079FBFFE706E046F24031C2F2D3
:10A19000004100200871FFE72DE000BF0000B4413E
:10A1A00040F27771ADF814109620ADF81600ADF8B6
:10A1B0001810ADF81A00ADF81C10ADF81E0005A877
:10A1C0000321E7F729F846F24031C2F2004101913C
:10A1D00048694DF2F972801A48614FF4FA7007F03D
:10A1E0004BFB0199486944F2FD721044486100201C
:10A1F000087100E0FFE708B080BD00BF0000AC417F
:10A2000080B544F64840C2F20040F6F73DFB80BD01
:10A2100082B001900198406E40B9FFE7019901209A
:10A22000A1F86A000199A1F8680032E010208DF8C9
:10A2300003008DF80200019800688068C0F3426056
:10A240008DF80100019800688068400F8DF80000CB
:10A250009DF802009DF8002045F25073C0F60203FD
:10A26000995C484345F24871C0F602018A5CB0FB34
:10A27000F2F0019AA2F86A009DF803009DF801200F
:10A280009B5C5843895CB0FBF1F00199A1F8680030
:10A29000FFE702B07047000081B00090009890F88E
:10A2A0002800000700280BD5FFE7009800684068E9
:10A2B00020F40040009A1168926B10434860FFE759
:10A2C000009890F82800C00758B1FFE70098006890
:10A2D000406820F40030009A1168D26A1043486048
:10A2E000FFE7009890F82800800700280BD5FFE7CB
:10A2F00000980068406820F48030009A1168126B62
:10A3000010434860FFE7009890F8280040070028B5
:10A310000BD5FFE700980068406820F48020009A81
:10A320001168526B10434860FFE7009890F82800CE
:10A33000C00600280BD5FFE700980068806820F46D
:10A340008050009A1168D26B10438860FFE7009834
:10A3500090F82800800600280BD5FFE700980068D9
:10A36000806820F40050009A1168126C10438860D5
:10A37000FFE7009890F82800400600281CD5FFE76A
:10A3800000980068406820F48010009A1168526CB0
:10A39000104348600098406CB0F5801F0BD1FFE778
:10A3A00000980068406820F4C000009A1168926C20
:10A3B00010434860FFE7FFE7009890F82800000688
:10A3C00000280BD5FFE700980068406820F40020C3
:10A3D000009A1168D26C10434860FFE701B07047E3
:10A3E00080B588B0069006990020C1F89000EFF77C
:10A3F000ABFC0590069800680068000700282FD580
:10A40000FFE70698059B6A466FF07E4111604FF4A6
:10A410000011002201F020F808B3FFE7FFE7FFE793
:10A420000698006850E8000F20F080000490FFE7D5
:10A4300004990698026842E800100028F0D1FFE76E
:10A44000FFE706992020C1F88800FFE70699002061
:10A4500081F88400FFE703208DF81F005FE0FFE72D
:10A460000698006800684007002842D5FFE7069874
:10A47000059B6A466FF07E4111604FF48001002217
:10A4800000F0EAFFA0B3FFE7FFE7FFE706980068E8
:10A4900050E8000F20F490700390FFE703990698AE
:10A4A000026842E800100028F0D1FFE7FFE7FFE76D
:10A4B000FFE70698006850E8020F20F001000290C4
:10A4C000FFE702990698026842E802100028F0D1DE
:10A4D000FFE7FFE706992020C1F88C00FFE7069907
:10A4E000002081F88400FFE703208DF81F0016E0AC
:10A4F000FFE706992020C1F888000699C1F88C0072
:10A5000006990020C86606990867FFE706990020AB
:10A5100081F88400FFE700208DF81F00FFE79DF819
:10A520001F0008B080BD000080B582B00190019886
:10A53000806B009000990020A1F85E000098F6F76B
:10A540009FF902B080BD000080B584B003900398ED
:10A55000806B02900298D0F8880001900298D0F8A1
:10A560008C000090029800688068000600280CD5D6
:10A57000FFE70198212808D1FFE702990020A1F800
:10A580005600029800F078F9FFE7029800688068AA
:10A59000400600280CD5FFE70098222808D1FFE7E5
:10A5A00002990020A1F85E00029800F0F1F8FFE7A0
:10A5B0000299D1F8900040F01000C1F89000029884
:10A5C000F6F75EF904B080BD80B586B005900598B9
:10A5D000806B04900598C069B0F5807F5BD0FFE781
:10A5E00004990020A1F85E00FFE7FFE704980068E7
:10A5F00050E8000F20F480700390FFE7039904985F
:10A60000026842E800100028F0D1FFE7FFE7FFE70B
:10A61000FFE70498006850E8020F20F00100029064
:10A62000FFE702990498026842E802100028F0D17E
:10A63000FFE7FFE7FFE7FFE70498006850E8020F35
:10A6400020F040000190FFE701990498026842E879
:10A6500002100028F0D1FFE7FFE704992020C1F89D
:10A660008C000498C06E012814D1FFE7FFE7FFE7D4
:10A670000498006850E8000F20F010000090FFE7F9
:10A6800000990498026842E800100028F0D1FFE722
:10A69000FFE7FFE7FFE70499002008670498C06E12
:10A6A000012806D1FFE70498B0F85C10F5F720FF09
:10A6B00003E00498F6F7E0FEFFE706B080BD000077
:10A6C00080B582B001900198806B009000990120C4
:10A6D00008670098C06E012807D1FFE70098B0F81E
:10A6E0005C104908F5F704FF03E00098F6F7C8FE90
:10A6F000FFE702B080BD000080B584B003900398EE
:10A70000806B02900398C069B0F5807F2BD0FFE783
:10A7100002990020A1F85600FFE7FFE702980068C1
:10A7200050E8020F20F080000190FFE701990298A5
:10A73000026842E802100028F0D1FFE7FFE7FFE7D8
:10A74000FFE70298006850E8000F40F040000090DA
:10A75000FFE700990298026842E800100028F0D153
:10A76000FFE7FFE703E00298F6F712FFFFE704B008
:10A7700080BD00000000000080B582B0019001980B
:10A78000806B00900098F6F707FF02B080BD0000D4
:10A7900084B00390FFE7FFE70398006850E8000FDC
:10A7A00020F490700290FFE702990398026842E853
:10A7B00000100028F0D1FFE7FFE7FFE7FFE703986D
:10A7C000006850E8020F4FF6FE71CEF6FF710840A8
:10A7D0000190FFE701990398026842E802100028FF
:10A7E000EDD1FFE7FFE70398C06E012814D1FFE722
:10A7F000FFE7FFE70398006850E8000F20F0100023
:10A800000090FFE700990398026842E800100028D2
:10A81000F0D1FFE7FFE7FFE703992020C1F88C00A4
:10A8200003990020C8660399486704B07047000088
:10A8300080B582B00190FFE7FFE70198006850E81B
:10A84000000F20F040000090FFE700990198026897
:10A8500042E800100028F0D1FFE7FFE7019920202F
:10A86000C1F888000199002088670198F6F790FEEA
:10A8700002B080BD0000000083B00290FFE7FFE758
:10A880000298006850E8000F20F0C0000190FFE738
:10A8900001990298026842E800100028F0D1FFE711
:10A8A000FFE7FFE7FFE70298006850E8020F20F497
:10A8B00000000090FFE700990298026842E8021049
:10A8C0000028F0D1FFE7FFE702992020C1F88800B7
:10A8D00003B070470000000080B59EB01D900020BE
:10A8E0008DF867001D98006840F60041C5F600012C
:10A8F000884201D1FFE700E0FFE71D9988680B69F6
:10A900004A69C9691843104308431C901D980068A0
:10A91000006846F6F311CCF6FF7108401C99084315
:10A920001D99096808601D980068406820F440502F
:10A930001D9A1168D268104348601D9880691C9068
:10A940001D98006840F60041C5F60001884206D017
:10A95000FFE71D98016A1C9808431C90FFE71D98AB
:10A96000006880684FF2FF41C1F2FF1108401C9956
:10A9700008431D99096888601D980068C06A20F026
:10A980000F001D9A1168526A1043C862FFE71D98B4
:10A99000006841F20001C4F20101884240F04180A8
:10A9A000FFE744F25440C5F60200006800F03800AA
:10A9B0000146109128282FD81099DFE801F0152DB5
:10A9C0002D2D2D2D2D2D192D2D2D2D2D2D2D1D2DDB
:10A9D0002D2D2D2D2D2D212D2D2D2D2D2D2D252DBB
:10A9E0002D2D2D2D2D2D290001208DF86D0017E026
:10A9F00004208DF86D0013E008208DF86D000FE045
:10AA000010208DF86D000BE020208DF86D0007E020
:10AA100040208DF86D0003E080208DF86D00FFE789
:10AA20006CE21D98006844F20041C4F200018842C3
:10AA30002ED1FFE744F25440C5F60200006800F052
:10AA4000070001460F9105281DD80F99DFE801F096
:10AA500003070B0F131700208DF86D0017E004207B
:10AA60008DF86D0013E008208DF86D000FE01020C8
:10AA70008DF86D000BE020208DF86D0007E0402080
:10AA80008DF86D0003E080208DF86D00FFE734E263
:10AA90001D98006844F60001C4F2000188422ED1DE
:10AAA000FFE744F25440C5F60200006800F00700DA
:10AAB00001460E9105281DD80E99DFE801F0030725
:10AAC0000B0F131700208DF86D0017E004208DF890
:10AAD0006D0013E008208DF86D000FE010208DF858
:10AAE0006D000BE020208DF86D0007E040208DF810
:10AAF0006D0003E080208DF86D00FFE7FCE11D98FC
:10AB0000006844F60041C4F2000188422ED1FFE7FC
:10AB100044F25440C5F60200006800F00700014608
:10AB20000D9105281DD80D99DFE801F003070B0FE3
:10AB3000131700208DF86D0017E004208DF86D00CC
:10AB400013E008208DF86D000FE010208DF86D00E7
:10AB50000BE020208DF86D0007E040208DF86D009F
:10AB600003E080208DF86D00FFE7C4E11D980068C8
:10AB700045F20001C4F2000188422ED1FFE744F201
:10AB80005440C5F60200006800F0070001460C9131
:10AB900005281DD80C99DFE801F003070B0F1317E8
:10ABA00000208DF86D0017E004208DF86D0013E093
:10ABB00008208DF86D000FE010208DF86D000BE07F
:10ABC00020208DF86D0007E040208DF86D0003E037
:10ABD00080208DF86D00FFE78CE11D98006841F240
:10ABE0000041C4F20101884240F04180FFE744F295
:10ABF0005440C5F60200006800F0380001460B9191
:10AC000028282FD80B99DFE801F0152D2D2D2D2D9B
:10AC10002D2D192D2D2D2D2D2D2D1D2D2D2D2D2D88
:10AC20002D2D212D2D2D2D2D2D2D252D2D2D2D2D68
:10AC30002D2D290001208DF86D0017E004208DF8DE
:10AC40006D0013E008208DF86D000FE010208DF8E6
:10AC50006D000BE020208DF86D0007E040208DF89E
:10AC60006D0003E080208DF86D00FFE741E11D9845
:10AC7000006847F60001C4F2000188422ED1FFE7C8
:10AC800044F25440C5F60200006800F00700014697
:10AC90000A9105281DD80A99DFE801F003070B0F78
:10ACA000131700208DF86D0017E004208DF86D005B
:10ACB00013E008208DF86D000FE010208DF86D0076
:10ACC0000BE020208DF86D0007E040208DF86D002E
:10ACD00003E080208DF86D00FFE709E11D98006812
:10ACE00047F60041C4F2000188422ED1FFE744F24A
:10ACF0005440C5F60200006800F0070001460991C3
:10AD000005281DD80999DFE801F003070B0F131779
:10AD100000208DF86D0017E004208DF86D0013E021
:10AD200008208DF86D000FE010208DF86D000BE00D
:10AD300020208DF86D0007E040208DF86D0003E0C5
:10AD400080208DF86D00FFE7D1E01D98006841F686
:10AD50000001C4F20101884240F04180FFE744F263
:10AD60005440C5F60200006800F038000146089122
:10AD700028282FD80899DFE801F0152D2D2D2D2D2D
:10AD80002D2D192D2D2D2D2D2D2D1D2D2D2D2D2D17
:10AD90002D2D212D2D2D2D2D2D2D252D2D2D2D2DF7
:10ADA0002D2D290001208DF86D0017E004208DF86D
:10ADB0006D0013E008208DF86D000FE010208DF875
:10ADC0006D000BE020208DF86D0007E040208DF82D
:10ADD0006D0003E080208DF86D00FFE786E01D9890
:10ADE000006841F60041C4F20101884240F0418010
:10ADF000FFE744F25440C5F60200006800F0380056
:10AE00000146079128282FD80799DFE801F0152D72
:10AE10002D2D2D2D2D2D192D2D2D2D2D2D2D1D2D86
:10AE20002D2D2D2D2D2D212D2D2D2D2D2D2D252D66
:10AE30002D2D2D2D2D2D290001208DF86D0017E0D1
:10AE400004208DF86D0013E008208DF86D000FE0F0
:10AE500010208DF86D000BE020208DF86D0007E0CC
:10AE600040208DF86D0003E080208DF86D00FFE735
:10AE70003BE01D98006840F60041C5F6000188429D
:10AE80002ED1FFE744F25840C5F60200006800F0FA
:10AE900007000146069105281DD80699DFE801F054
:10AEA00003070B0F131702208DF86D0017E0042025
:10AEB0008DF86D0013E008208DF86D000FE0102074
:10AEC0008DF86D000BE020208DF86D0007E040202C
:10AED0008DF86D0003E080208DF86D00FFE703E042
:10AEE00080208DF86D00FFE7FFE7FFE7FFE7FFE752
:10AEF000FFE7FFE7FFE7FFE7FFE7FFE7FFE71D9853
:10AF0000006840F60041C5F60001884240F0B48078
:10AF1000FFE79DF86D0001460591022814D0FFE778
:10AF20000598042814D0FFE70598082816D0FFE7F5
:10AF30000598102818D0FFE70598202835D0FFE79E
:10AF40000598402837D03AE0F0F792FA11903CE0AB
:10AF500015A8F0F7A1FA1698119036E012A8F0F7AC
:10AF6000E7FB1398119030E044F20040C5F6020070
:10AF7000006800F020010020B0EB511F0ED0FFE769
:10AF800044F20040C5F602000068C0F3C10149F276
:10AF90000000C0F2D030C840119005E049F2000036
:10AFA000C0F2D0301190FFE70FE040F60010C0F281
:10AFB0003D00119009E04FF40040119005E00020A1
:10AFC000119001208DF86700FFE71198002852D0FA
:10AFD000FFE711981D994A6A45F25871C0F60201BF
:10AFE00031F81210B0FBF1F0189018981D994968CB
:10AFF00001EB4101884207D3FFE718981D99496882
:10B00000B0EB013F04D9FFE701208DF8670031E084
:10B0100011981D994A6803924A6A45F25871C0F620
:10B02000020131F81220002304931946E5F742FA91
:10B03000039A049B090241EA1061000210EB5200DE
:10B0400041F10001E5F736FA1A901A98B0F5407F01
:10B050000BD3FFE71A990020B0EB115F05D1FFE792
:10B060001A981D990968C86003E001208DF86700EF
:10B07000FFE7FFE7FFE746E11D98C069B0F5004F25
:10B0800040F0A880FFE79DF86D000146029140283E
:10B0900000F263800299DFE801F0212560602960F9
:10B0A00060602F60606060606060356060606060FC
:10B0B000606060606060606060605660606060609A
:10B0C0006060606060606060606060606060606080
:10B0D000606060606060606060605C00F1F728FF45
:10B0E000119040E0F1F738FF11903CE015A8F0F71F
:10B0F000D3F91698119036E012A8F0F719FB1398BF
:10B10000119030E044F20040C5F60200006800F003
:10B1100020010020B0EB511F0ED0FFE744F20040A9
:10B12000C5F602000068C0F3C10149F20000C0F298
:10B13000D030C840119005E049F20000C0F2D03094
:10B140001190FFE70FE040F60010C0F23D001190B3
:10B1500009E04FF40040119005E00020119001201B
:10B160008DF86700FFE7119898B3FFE711981D9AD3
:10B170005168536A45F25872C0F6020232F8132041
:10B18000B0FBF2F0400000EB5100B0FBF1F01A9080
:10B190001A98102818D3FFE7BDF86A00A0B9FFE796
:10B1A0001A9820F00F00ADF86E001A9800F00E010A
:10B1B000BDF86E0040EA5100ADF86E00BDF86E00BB
:10B1C0001D990968C86003E001208DF86700FFE75A
:10B1D000FFE797E09DF86D0001460191402800F2DD
:10B1E00063800199DFE801F02125606029606060DB
:10B1F0002F606060606060603560606060606060AB
:10B200006060606060606060566060606060606048
:10B21000606060606060606060606060606060602E
:10B2200060606060606060605C00F1F781FE1190BA
:10B2300040E0F1F791FE11903CE015A8F0F72CF9F1
:10B240001698119036E012A8F0F772FA1398119040
:10B2500030E044F20040C5F60200006800F0200132
:10B260000020B0EB511F0ED0FFE744F20040C5F6BE
:10B2700002000068C0F3C10149F20000C0F2D03002
:10B28000C840119005E049F20000C0F2D0301190A2
:10B29000FFE70FE040F60010C0F23D00119009E01A
:10B2A0004FF40040119005E00020119001208DF82E
:10B2B0006700FFE7119820B3FFE711981D9A5168C6
:10B2C000536A45F25872C0F6020232F81320B0FBFE
:10B2D000F2F000EB5100B0FBF1F01A901A98102830
:10B2E0000AD3FFE7BDF86A0030B9FFE7BDF8680090
:10B2F0001D990968C86003E001208DF86700FFE729
:10B30000FFE7FFE7FFE71D990120A1F86A001D99FB
:10B31000A1F868001D99002048671D9988679DF86D
:10B3200067001EB080BD000080B588B00690059112
:10B33000ADF81220059806998865BDF812000699A7
:10B34000A1F85C0006990020C1F89000069922201F
:10B35000C1F88C000698D0F88000B0B3FFE70698DB
:10B36000D0F880104AF2C950C0F60100C8630698B0
:10B37000D0F880104AF2C160C0F601000864069857
:10B38000D0F880104AF24950C0F60100C86406980F
:10B39000D0F880100020086506980168826DD0F80A
:10B3A00080002431BDF81230ECF702FC60B1FFE7F9
:10B3B00006991020C1F8900006992020C1F88C0051
:10B3C00001208DF81F0042E0FFE706980069A0B158
:10B3D000FFE7FFE7FFE70698006850E8000F40F43A
:10B3E00080700390FFE703990698026842E8001016
:10B3F0000028F0D1FFE7FFE7FFE7FFE7FFE7069848
:10B40000006850E8020F40F001000290FFE7029947
:10B410000698026842E802100028F0D1FFE7FFE733
:10B42000FFE7FFE70698006850E8020F40F0400091
:10B430000190FFE701990698026842E8021000288F
:10B44000F0D1FFE7FFE700208DF81F00FFE79DF830
:10B450001F0008B080BD000080B586B0DDF820C0B8
:10B46000049003918DF80B200193FFE70498006886
:10B47000C06903990840401AB0FA80F040099DF86D
:10B480000B10884266D1FFE708980130002860D091
:10B49000FFE7EEF759FC0199401A0899884203D852
:10B4A000FFE7089820B9FFE703208DF8170055E063
:10B4B0000498006800684007002849D5FFE7039812
:10B4C000802845D0FFE70398402841D0FFE7049843
:10B4D0000068C06900F008010120B0EBD10F16D15F
:10B4E000FFE7049801680820009008620498FFF7BD
:10B4F0004FF900980499C1F89000FFE704990020E3
:10B5000081F88400FFE701208DF8170026E00498F9
:10B510000068C06900F400610120B0EBD12F16D1A2
:10B52000FFE7049801684FF4006008620498FFF791
:10B530002FF904992020C1F89000FFE7049900201A
:10B5400081F88400FFE703208DF8170006E0FFE78D
:10B55000FFE78BE700208DF81700FFE79DF8170045
:10B5600006B080BD0000000082B001908DF803108D
:10B570008DF8022002B0704780B582B044F62030CA
:10B58000C2F200400190F5F77FF9019840F6512191
:10B59000C2F20041C822F4F753FF44F21010C2F285
:10B5A000004000681021C4F20201884200F0B2801D
:10B5B000FFE744F21010C2F2004000682821C4F2F4
:10B5C0000201884200F0A680FFE744F21010C2F2A8
:10B5D000004000684021C4F20201884200F09A80D5
:10B5E000FFE744F21010C2F2004000685821C4F294
:10B5F0000201884200F08E80FFE744F21010C2F290
:10B60000004000687021C4F20201884200F082808C
:10B61000FFE744F21010C2F2004000688821C4F233
:10B620000201884276D0FFE744F21010C2F20040D7
:10B630000068A021C4F2020188426BD0FFE744F207
:10B640001010C2F200400068B821C4F20201884222
:10B6500060D0FFE744F21010C2F20040006840F2F0
:10B660001041C4F20201884254D0FFE744F21010A6
:10B67000C2F20040006840F22841C4F20201884250
:10B6800048D0FFE744F21010C2F20040006840F2D8
:10B690004041C4F2020188423CD0FFE744F210105E
:10B6A000C2F20040006840F25841C4F202018842F0
:10B6B00030D0FFE744F21010C2F20040006840F2C0
:10B6C0007041C4F20201884224D0FFE744F2101016
:10B6D000C2F20040006840F28841C4F20201884290
:10B6E00018D0FFE744F21010C2F20040006840F2A8
:10B6F000A041C4F2020188420CD0FFE744F21010CE
:10B70000C2F20040006840F2B841C4F2020188422F
:10B710000AD1FFE744F21010C2F200400168086845
:10B7200020F00800086009E044F21010C2F2004066
:10B730000168086820F004000860FFE702B080BDDF
:10B7400080B544F6B430C2F200404FF24431C2F248
:10B7500001414FF48072F4F773FE44F20020C2F20C
:10B76000004000681021C4F20201884200F0B2805B
:10B77000FFE744F20020C2F2004000682821C4F232
:10B780000201884200F0A680FFE744F20020C2F2E6
:10B79000004000684021C4F20201884200F09A8013
:10B7A000FFE744F20020C2F2004000685821C4F2D2
:10B7B0000201884200F08E80FFE744F20020C2F2CE
:10B7C000004000687021C4F20201884200F08280CB
:10B7D000FFE744F20020C2F2004000688821C4F272
:10B7E0000201884276D0FFE744F20020C2F2004016
:10B7F0000068A021C4F2020188426BD0FFE744F246
:10B800000020C2F200400068B821C4F20201884260
:10B8100060D0FFE744F20020C2F20040006840F22E
:10B820001041C4F20201884254D0FFE744F20020E4
:10B83000C2F20040006840F22841C4F2020188428E
:10B8400048D0FFE744F20020C2F20040006840F216
:10B850004041C4F2020188423CD0FFE744F200209C
:10B86000C2F20040006840F25841C4F2020188422E
:10B8700030D0FFE744F20020C2F20040006840F2FE
:10B880007041C4F20201884224D0FFE744F2002054
:10B89000C2F20040006840F28841C4F202018842CE
:10B8A00018D0FFE744F20020C2F20040006840F2E6
:10B8B000A041C4F2020188420CD0FFE744F200200C
:10B8C000C2F20040006840F2B841C4F2020188426E
:10B8D0000AD1FFE744F20020C2F200400168086884
:10B8E00020F00800086009E044F20020C2F20040A5
:10B8F0000168086820F004000860FFE744F6B430EF
:10B90000C2F20040F4F7C0FF80BD0000000000005C
:10B9100080B586B004908DF80F100498D0F8C80256
:10B9200001900498D0F8D41200EB8100D0F8C00246
:10B9300020B9FFE703208DF817005FE00498D0F8E6
:10B94000D41200EB8100D0F8C002029004989DF858
:10B950000F1001F00F0101EB810100EB8100806904
:10B9600040B3FFE704989DF80F1001F00F0101EBC1
:10B97000810200EB82008269019801EBC10100EBBA
:10B980008100C169B2FBF1F000FB112090B9FFE723
:10B9900004989DF80F1001F00F0101EB810100EBFD
:10B9A00081000023836104989DF80F101A4601F06E
:10B9B00003FE1FE002990020C1F814020498D0F899
:10B9C000D41200EB8100D0F8C402006988B1FFE70F
:10B9D0000498D0F8D41200EB8100D0F8C4020369B7
:10B9E0000299D1F8080201F504719DF80F209847DB
:10B9F000FFE7FFE700208DF81700FFE79DF817002D
:10BA000006B080BD0000000080B584B002908DF8C3
:10BA100007100298D0F8D41200EB8100D0F8C002D1
:10BA200000900298D0F8D41200EB8100D0F8C00248
:10BA300020B9FFE703208DF80F0019E002989DF868
:10BA4000071001F029FB0099C1F80C020298D0F808
:10BA5000D41200EB8100D0F8C402C2680099D1F87A
:10BA6000040201F50371904700208DF80F00FFE7F5
:10BA70009DF80F0004B080BD80B586B005908DF8AC
:10BA80001310059840F2A901C2F200410091097813
:10BA900001F016F900990598097801F00F0101EB02
:10BAA000810100EB8101002003908884059840F219
:10BAB000AA01C2F200410191097801F001F9019A4D
:10BAC00003980599127802F00F0202EB820201EB53
:10BAD0008201A1F86401059840F2A801C2F2004178
:10BAE0000291097801F0ECF8029A0398059913780D
:10BAF00003F00F0303EB830301EB830188840599B3
:10BB0000127802F00F0202EB820201EB8201C8847C
:10BB10000598D0F8D41200EB8100D0F8C002F0B143
:10BB2000FFE70598D0F8D41200EB8100D0F8C402EA
:10BB3000406880470598D0F8D41200EB8100D0F817
:10BB4000C00202F0E5F90598D0F8D41200EB8101AB
:10BB50000020C1F8C0020599C1F8BC02FFE700202F
:10BB600006B080BD0000000080B584B0029002984D
:10BB7000D0F8D41200EB8100D0F8C00201900198F7
:10BB800020B9FFE703208DF80F0025E00298D0F8D8
:10BB9000D41200EB8100D0F8C402C8B1FFE70198CD
:10BBA00090F80002FF2813D0FFE70298D0F8D412D3
:10BBB00000EB8100D0F8C4028368019991F800027B
:10BBC00091F8012298470199FF2081F80002FFE7D0
:10BBD00000208DF80F00FFE79DF80F0004B080BD36
:10BBE00081B0009000990A20088040F2EC10C2F267
:10BBF000004001B07047000080B586B0059040F26B
:10BC0000A810C2F200400190822100F019FE014606
:10BC100001980491012100F013FE0146019803915F
:10BC2000812100F00DFE0290049820B1FFE70499F5
:10BC300010208871FFE7039820B1FFE703994020A7
:10BC40008880FFE7029820B1FFE7029940208880B2
:10BC5000FFE705994320088040F2A810C2F2004097
:10BC600006B080BD0000000080B586B0059040F2AF
:10BC7000A810C2F200400190822100F0E1FD0146CF
:10BC800001980491012100F0DBFD01460198039128
:10BC9000812100F0D5FD0290049820B1FFE70499BE
:10BCA00010208871FFE7039828B1FFE703994FF44C
:10BCB00000708880FFE7029828B1FFE702994FF4EF
:10BCC00000708880FFE705994320088040F2A810A3
:10BCD000C2F2004006B080BD80B586B0059040F24B
:10BCE000A810C2F200400190822100F0A9FD014697
:10BCF00001980491012100F0A3FD014601980391F0
:10BD0000812100F09DFD0290049820B1FFE7049985
:10BD100010208871FFE7039820B1FFE703994020C6
:10BD20008880FFE7029820B1FFE7029940208880D1
:10BD3000FFE705994320088040F2A810C2F20040B6
:10BD400006B080BD0000000080B590B00E908DF868
:10BD500037104FF4077002F0DFF80C900C9860B9C0
:10BD6000FFE70E98D0F8D41200EB81010020C1F853
:10BD7000C00202208DF83F00F0E00C984FF40771EC
:10BD8000E4F7DDFC0C980E99D1F8D42201EB820186
:10BD9000C1F8C0020E99D1F8D40201EB8000D0F8AE
:10BDA000C002C1F8BC020E98007C002840D1FFE719
:10BDB0000E9840F2A901C2F20041079109780222CF
:10BDC00008924FF40073099301F05AFA0799089A00
:10BDD000099B0E98097801F00F0101EB810100EB3E
:10BDE000810101200B9088840E9840F2AA01C2F2D2
:10BDF00000410A91097801F043FA0A9A0B980E99CA
:10BE0000127802F00F0202EB820201EB8201A1F82C
:10BE100064010E9840F2A801C2F20041097801F0D5
:10BE20000F0101EB810100EB81011020C8843EE08D
:10BE30000E9840F2A901C2F2004102910978022253
:10BE400003924023049301F01BFA0299039A049B86
:10BE50000E98097801F00F0101EB810100EB8101DF
:10BE60000120069088840E9840F2AA01C2F2004197
:10BE70000591097801F004FA059A06980E9912784E
:10BE800002F00F0202EB820201EB8201A1F86401D1
:10BE90000E9840F2A801C2F20041097801F00F01AA
:10BEA00001EB810100EB81011020C884FFE70E98AF
:10BEB00040F2A801C2F20041009109780322082350
:10BEC00001F0DEF900990E98097801F00F0101EBFD
:10BED000810100EB8101012088840C9900200190F0
:10BEE000C1F804020E98D0F8D41200EB8100D0F80B
:10BEF000C4020068804701980C99C1F814020C999B
:10BF0000C1F818020C98D0F8040220B9FFE702200B
:10BF10008DF83F0022E00E98007C70B9FFE70E9884
:10BF200040F2AA01C2F2004109780C9AD2F8042228
:10BF30004FF4007301F0CCF90CE00E9840F2AA0126
:10BF4000C2F2004109780C9AD2F80422402301F091
:10BF5000BFF9FFE700208DF83F00FFE79DF83F00A5
:10BF600010B080BD0000000080B584B0029002983F
:10BF7000D0F8D41200EB8100D0F8C00201900298F2
:10BF8000D0F8D41200EB8100D0F8C00220B9FFE74E
:10BF900003208DF80F0022E00298007C70B9FFE7C3
:10BFA000029840F2AA01C2F200410978019AD2F83F
:10BFB00004224FF4007301F08BF90CE0029840F278
:10BFC000AA01C2F200410978019AD2F80422402362
:10BFD00001F07EF9FFE700208DF80F00FFE79DF8E4
:10BFE0000F0004B080BD000083B001900091009864
:10BFF00020B9FFE703208DF80B000BE000980199B2
:10C00000D1F8D42201EB8201C1F8C40200208DF8DE
:10C010000B00FFE79DF80B0003B070470000000025
:10C0200084B0029001910298D0F8D41200EB810004
:10C03000D0F8C0020090009820B9FFE703208DF8E7
:10C040000F0007E001980099C1F8040200208DF864
:10C050000F00FFE79DF80F0004B0704700000000DC
:10C0600085B00390029101920398D0F8D41200EBAE
:10C070008100D0F8C0020090009820B9FFE70320AB
:10C080008DF813000BE002980099C1F8080201989E
:10C090000099C1F8100200208DF81300FFE79DF809
:10C0A000130005B07047000080B58AB00890079172
:10C0B0000898D0F8D41200EB8100D0F8C0020690A6
:10C0C00000208DF81500ADF812008DF811000698CB
:10C0D00020B9FFE703208DF82700C7E00798007814
:10C0E00000F060000146039100285ED0FFE703984E
:10C0F000202840F0AE80FFE70798C088002846D08F
:10C10000FFE7079800780006002823D5FFE7089886
:10C11000D0F8D41200EB8100D0F8C4028368079AEB
:10C1200050780699D28898470798C088082803D382
:10C13000FFE70720029003E00798C0880290FFE71E
:10C140000298ADF8160008980699BDF8162000F080
:10C1500083F91BE007984078069981F80002079858
:10C16000C0883F2804D8FFE70798C088019002E004
:10C1700040200190FFE70198069981F80102089894
:10C18000069991F8012200F037F9FFE70CE00898D2
:10C19000D0F8D41200EB8100D0F8C402836807996C
:10C1A000487800229847FFE75BE00798407801460F
:10C1B00000910B2844D80099DFE801F00641424283
:10C1C0004242424242421C32089890F89C020328A4
:10C1D00007D1FFE708980DF11201022200F03CF9A7
:10C1E00007E00898079900F0F7F803208DF8110090
:10C1F000FFE72DE0089890F89C02032807D1FFE79D
:10C2000008980DF11501012200F026F907E00898C1
:10C21000079900F0E1F803208DF81100FFE717E01F
:10C22000089890F89C02032808D0FFE7089807991F
:10C2300000F0D2F803208DF81100FFE708E007E0D6
:10C240000898079900F0C8F803208DF81100FFE75F
:10C2500007E00898079900F0BFF803208DF8110057
:10C26000FFE79DF811008DF82700FFE79DF82700F4
:10C270000AB080BD0000000080B584B00290029832
:10C28000D0F8D41200EB8100D0F8C0020190012058
:10C290008DF80300019820B9FFE703208DF80F0007
:10C2A0002AE00198D0F8140208BBFFE701990120A9
:10C2B000C1F814020198D0F81002029A40F2A901C4
:10C2C000C2F200410B7803F00F0303EB830302EB90
:10C2D0008302906102980978019BD3F80822D3F871
:10C2E000103201F069F900208DF80300FFE79DF896
:10C2F00003008DF80F00FFE79DF80F0004B080BD2C
:10C3000080B582B001908DF8031000208DF80200F6
:10C310000198D0F8B8124A689DF80310904720B1F0
:10C32000FFE703208DF80200FFE79DF8020002B04E
:10C3300080BD00000000000080B582B00190009137
:10C34000019890F89C02013802280ED8FFE7009867
:10C350004088012808D1FFE701990020C1F8A40214
:10C36000019800F095F8FFE704E00198009900F0CB
:10C3700033F8FFE702B080BD82B001908DF8031062
:10C38000002002B07047000082B001908DF80310C9
:10C39000002002B07047000080B584B00390029185
:10C3A00001920398029A019B0021009100F090FFF6
:10C3B000009804B080BD000080B584B00390029165
:10C3C00001920398029A019B0021009101F0F4F878
:10C3D000009804B080BD000080B582B0019000914B
:10C3E0000198802101F094F80198002101F090F863
:10C3F00002B080BD0000000080B584B003900291BF
:10C40000019203990320C1F8940201980399C1F89D
:10C41000580101980399C1F85C010398029A019BA5
:10C420000021009100F054FF009804B080BD00008E
:10C4300080B582B0019001990520C1F8940201985D
:10C440000023009319461A4600F042FF009802B0FC
:10C4500080BD00000000000080B584B00390029110
:10C46000019203990220C1F894020198039988610E
:10C4700001980399C8610398029A019B00210091D9
:10C4800001F09AF8009804B080BD000000000000A0
:10C4900080B582B0019001990420C1F894020198FE
:10C4A0000023009319461A4601F086F8009802B05E
:10C4B00080BD00000000000080B584B003900291B0
:10C4C0000298C088012805D0FFE703980299FFF77A
:10C4D00083FF21E0039890F89C12481E01910228E6
:10C4E00004D3FFE7019803280AD00FE00399002046
:10C4F0008860039800F108010122FFF7ADFF0AE010
:10C500000398011D0122FFF7A7FF04E00398029999
:10C51000FFF762FFFFE7FFE704B080BD0000000007
:10C5200080B588B0079006910020ADF81600049001
:10C530008DF80F000698C0780138014602910E2848
:10C5400000F241810299DFE811F02A003400510025
:10C550003E013E010B0123013E013E013E013E0131
:10C560003E013E013E010F000798D0F8B402C069B9
:10C5700050B1FFE70798D0F8B412CA69007C0DF1FA
:10C5800016019047049009E007980699FFF724FFE9
:10C590009DF80F0001308DF80F00FFE71DE10798AF
:10C5A000D0F8B4120A68007C0DF11601904704908F
:10C5B00013E10798007C60B9FFE70798D0F8B8024C
:10C5C000816A0DF116008847049004990220487092
:10C5D0000BE00798D0F8B802C16A0DF11600884741
:10C5E0000490049902204870FFE7F6E006988078EE
:10C5F00001460191052800F2A8800199DFE801F0C9
:10C60000031E39546F8A0798D0F8B402406850B1BD
:10C61000FFE70798D0F8B4124A68007C0DF11601C4
:10C620009047049009E007980699FFF7D5FE9DF81A
:10C630000F0001308DF80F00FFE790E00798D0F869
:10C64000B402806850B1FFE70798D0F8B4128A6846
:10C65000007C0DF116019047049009E007980699B7
:10C66000FFF7BAFE9DF80F0001308DF80F00FFE7CD
:10C6700075E00798D0F8B402C06850B1FFE707989A
:10C68000D0F8B412CA68007C0DF1160190470490EE
:10C6900009E007980699FFF79FFE9DF80F0001300B
:10C6A0008DF80F00FFE75AE00798D0F8B402006950
:10C6B00050B1FFE70798D0F8B4120A69007C0DF179
:10C6C00016019047049009E007980699FFF784FE49
:10C6D0009DF80F0001308DF80F00FFE73FE007984D
:10C6E000D0F8B402406950B1FFE70798D0F8B4120F
:10C6F0004A69007C0DF116019047049009E0079803
:10C700000699FFF769FE9DF80F0001308DF80F00C4
:10C71000FFE724E00798D0F8B402806950B1FFE742
:10C720000798D0F8B4128A69007C0DF11601904781
:10C73000049009E007980699FFF74EFE9DF80F0058
:10C7400001308DF80F00FFE709E007980699FFF721
:10C7500043FE9DF80F0001308DF80F00FFE73CE02D
:10C760000798007C48B9FFE70798D0F8B802416BFA
:10C770000DF116008847049009E007980699FFF725
:10C780002BFE9DF80F0001308DF80F00FFE724E02D
:10C790000798007C60B9FFE70798D0F8B802016BF2
:10C7A0000DF116008847049004990720487009E0AD
:10C7B00007980699FFF710FE9DF80F0001308DF8DD
:10C7C0000F00FFE709E007980699FFF705FE9DF8BF
:10C7D0000F0001308DF80F00FFE79DF80F0008B142
:10C7E000FFE72AE00698C08818B3FFE7BDF81600F7
:10C7F000C8B1FFE7BDF816000699C988884204DA77
:10C80000FFE7BDF81600009003E00698C08800908E
:10C81000FFE70098ADF8160007980499BDF81620B8
:10C82000FFF71AFE04E007980699FFF7D5FDFFE72A
:10C8300003E00798FFF72CFEFFE708B080BD00007B
:10C8400080B586B005908DF8131005980390059873
:10C85000029000200190029948880978884227DDDB
:10C86000FFE702980078ADF80200FFE7BDF802008C
:10C870000299498888421ADAFFE703980DF102010C
:10C8800000F036F803900398407805280ED1FFE7B2
:10C8900003980190019880789DF81310884201D187
:10C8A000FFE704E000200190FFE7FFE7DEE7FFE796
:10C8B000019806B080BD000083B0029000208DF882
:10C8C000070002980090FFE70098007848B1FFE762
:10C8D0009DF8070001308DF80700009801300090A6
:10C8E000F2E79DF8070003B0704700000000000069
:10C8F00083B002900191029800900098027801990B
:10C90000088810440880029800990978084400902B
:10C91000009803B07047000080B582B0019000918C
:10C92000019890F89C02013802281FD8FFE7009870
:10C93000C088022805D0FFE701980099FFF74CFD59
:10C9400019E001990120C8600198D0F8A40230B123
:10C95000FFE70199C86840F00200C860FFE701984E
:10C9600000F10C010222FFF777FD04E00198009925
:10C97000FFF732FDFFE702B080BD000000000000BD
:10C9800080B586B005900491039200208DF80B00CD
:10C99000059808B9FFE74FE0059801900198FFF767
:10C9A0008BFF0146022000EB4100B0F5007F04D967
:10C9B000FFE74FF40070009008E00198FFF77CFF5C
:10C9C0000146022000EB41000090FFE70098039928
:10C9D00008800398007804999DF80B2088549DF8EE
:10C9E0000B0001308DF80B0004999DF80B200320FB
:10C9F00088549DF80B0001308DF80B00FFE701987B
:10CA00000078C8B1FFE70198007804999DF80B20E1
:10CA100088540198013001909DF80B0001308DF889
:10CA20000B0004999DF80B20002088549DF80B0002
:10CA300001308DF80B00E2E706B080BD0000000079
:10CA400082B08DF8070000208DF806009DF80700E1
:10CA500001460091032814D80099DFE801F002068E
:10CA60000A0E00208DF806000FE003208DF8060066
:10CA70000BE001208DF8060007E003208DF806008A
:10CA800003E003208DF80600FFE79DF8060002B0E2
:10CA9000704700000000000080B582B08DF80700EC
:10CAA00000919DF8070060B9FFE7009A46F2580030
:10CAB000C0F6020040F20C61C2F20041FFF760FFD5
:10CAC0000BE0009A46F25800C0F6020040F20C61FA
:10CAD000C2F20041FFF754FFFFE740F20C60C2F2E0
:10CAE000004002B080BD000082B08DF807000091C8
:10CAF00000991220088040F2F810C2F2004002B003
:10CB0000704700000000000080B582B08DF807007B
:10CB100000919DF8070060B9FFE7009A46F24A00CD
:10CB2000C0F6020040F20C61C2F20041FFF728FF9C
:10CB30000BE0009A46F24A00C0F6020040F20C6197
:10CB4000C2F20041FFF71CFFFFE740F20C60C2F2A7
:10CB5000004002B080BD000082B08DF80700009157
:10CB600000990420088040F22020C2F2004002B068
:10CB7000704700000000000080B584B08DF80F0001
:10CB80000291029A46F26300C0F6020040F20C6184
:10CB9000C2F200410191FFF7F3FE019804B080BD9D
:10CBA00080B582B08DF8070000919DF8070060B94C
:10CBB000FFE7009A46F27600C0F6020040F20C61F0
:10CBC000C2F20041FFF7DCFE0BE0009A46F276006D
:10CBD000C0F6020040F20C61C2F20041FFF7D0FE45
:10CBE000FFE740F20C60C2F2004002B080BD0000DE
:10CBF00080B582B08DF80700009100991A20088056
:10CC0000E6F78AFF40F22420C2F2004002B080BD65
:10CC100080B584B0029001918DF80320029820B96C
:10CC2000FFE703208DF80F0023E002990020C1F8F0
:10CC3000B8020299C1F8C4020299C1F8D002019861
:10CC400028B1FFE701980299C1F8B402FFE7029901
:10CC5000012081F89C029DF8030002990870029857
:10CC600000F02AFA8DF802009DF802008DF80F00FE
:10CC7000FFE79DF80F0004B080BD00000000000039
:10CC800080B582B001908DF8031000208DF802006D
:10CC90008DF801000198D0F8C8029DF80310EDF757
:10CCA00013FB8DF802009DF80200FFF7C9FE8DF816
:10CCB00001009DF8010002B080BD000000000000EE
:10CCC00080B582B001908DF8031000208DF802002D
:10CCD0008DF801000198D0F8C8029DF80310EDF717
:10CCE0009FFA8DF802009DF80200FFF7A9FE8DF86B
:10CCF00001009DF8010002B080BD000000000000AE
:10CD000080B588B006908DF8171004929DF8170032
:10CD1000002874D1FFE70698143003900698D0F8E5
:10CD2000940202285DD1FFE703998868C9688842A8
:10CD300012D9FFE703998868CA68801A8860069844
:10CD40000499039A9268FFF737FB06980023194667
:10CD50001A4600F0BDFA43E003988168C068884233
:10CD60001ED1FFE703994868C968884218D3FFE7D6
:10CD7000039840680699D1F89812884210D2FFE7CC
:10CD80000698002201921146FFF716FB019B0698B8
:10CD9000C0F89832069819461A4600F099FA1EE033
:10CDA000069890F89C02032811D1FFE70698D0F866
:10CDB000B802C06850B1FFE706990020C1F8D4025C
:10CDC0000698D0F8B812C9688847FFE7FFE70698C9
:10CDD000802100F09DFB0698FFF72AFBFFE7FFE7A5
:10CDE000FFE7069890F8A00240B1FFE7069800F030
:10CDF00077FC0699002081F8A002FFE740E0069842
:10CE00009DF8171041F08001FFF7B6FA8DF80A007F
:10CE10009DF80A00FF2832D0FFE79DF80A0070BB9A
:10CE2000FFE7069890F89C02032827D1FFE70698B1
:10CE30009DF80A1000EB8100D0F8B8024069E0B11B
:10CE4000FFE79DF80A000699C1F8D40206989DF8FC
:10CE50000A1000EB8101D1F8B8124A699DF8171049
:10CE600090478DF80B009DF80B0028B1FFE79DF867
:10CE70000B008DF81F0007E0FFE7FFE7FFE7FFE784
:10CE800000208DF81F00FFE79DF81F0008B080BD4F
:10CE900080B58AB008908DF81F10069200208DF89A
:10CEA00013009DF81F00002840F08280FFE70898DB
:10CEB00000F5AA7005900898D0F89402032876D15E
:10CEC000FFE705998868C96888421DD9FFE7059979
:10CED0008868CA68801A886008980290069803904B
:10CEE00005998868C968884204D2FFE70598806878
:10CEF000019003E00598C0680190FFE7039902984C
:10CF0000019AFFF749FA51E0089890F8AA0200F058
:10CF10001F000146009140B1FFE70098012808D0AA
:10CF2000FFE7009802280CD013E000208DF81200D3
:10CF300013E0089890F8AE12FFF726FA8DF8120069
:10CF40000BE0089890F8AE12FFF716FA8DF8120071
:10CF500003E000208DF81200FFE79DF8120008BBE7
:10CF6000FFE7089890F89C0203281AD1FFE7089879
:10CF70009DF8121000EB8100D0F8B802006978B17A
:10CF8000FFE79DF812000899C1F8D40208989DF8AF
:10CF9000121000EB8101D1F8B81209698847FFE748
:10CFA000FFE7FFE70898FFF773FAFFE7FFE740E0C6
:10CFB00008989DF81F1001F07F01FFF7DDF98DF84B
:10CFC00012009DF81200FF2832D0FFE79DF81200F2
:10CFD00070BBFFE7089890F89C0203281ED1FFE77A
:10CFE00008989DF8121000EB8100D0F8B802806913
:10CFF00098B1FFE79DF812000899C1F8D40208988B
:10D000009DF8121000EB8101D1F8B8128A699DF8E1
:10D010001F1090478DF81300FFE7FFE79DF81300FE
:10D0200028B1FFE79DF813008DF8270005E0FFE722
:10D03000FFE700208DF82700FFE79DF827000AB0E2
:10D0400080BD00000000000081B00090002001B011
:10D05000704700000000000080B582B00190002001
:10D060008DF803000199012081F89C020198D0F805
:10D07000B80268B1FFE70198D0F8B8124A680179A0
:10D08000904720B1FFE703208DF80300FFE7FFE79B
:10D090009DF8030002B080BD80B582B001908DF88C
:10D0A00003100198D0F8C8029DF80310EDF770F94D
:10D0B00002B080BD0000000080B584B003900398EA
:10D0C0000078012838D1FFE7039944F2D040C2F23A
:10D0D00000400290C0F8E0140399C1F8C802002192
:10D0E000C4F204010160092101710222C271002110
:10D0F000817142728172C17201738173C173017453
:10D10000EDF71AFF18B1FFE7E6F716FAFFE744F26A
:10D11000D040C2F2004001904FF40071ECF7B4FF30
:10D12000019800218022ECF7BBFF019801214FF408
:10D13000BA72ECF7B5FFFFE7002004B080BD000035
:10D1400084B002908DF807100298D0F8C8020090C1
:10D150009DF80700000600280DD5FFE700989DF810
:10D16000071001F07F0101EBC10100EB8100807D20
:10D170008DF80F000DE000989DF8071001F07F0179
:10D1800001EBC10100EB810090F856028DF80F0011
:10D19000FFE79DF80F0004B070470000000000009A
:10D1A00080B584B002908DF807100298D0F8D412A0
:10D1B00000EB8100D0F8B80220B9FFE703208DF81A
:10D1C0000F0020E0029890F89C02032817D1FFE797
:10D1D0000298D0F8D41200EB8100D0F8B802006AAF
:10D1E00060B1FFE70298D0F8D41200EB8101D1F8CA
:10D1F000B8120A6A9DF807109047FFE7FFE7002082
:10D200008DF80F00FFE79DF80F0004B080BD00000F
:10D2100080B584B002908DF807100298D0F8D4122F
:10D2200000EB8100D0F8B80220B9FFE703208DF8A9
:10D230000F0020E0029890F89C02032817D1FFE726
:10D240000298D0F8D41200EB8100D0F8B802406AFE
:10D2500060B1FFE70298D0F8D41200EB8101D1F859
:10D26000B8124A6A9DF807109047FFE7FFE70020D1
:10D270008DF80F00FFE79DF80F0004B080BD00009F
:10D2800080B584B003908DF80B108DF80A20ADF8AE
:10D29000083000208DF807008DF806000398D0F8BC
:10D2A000C8029DF80B10BDF808209DF80A30EDF774
:10D2B00083F88DF807009DF80700FFF7C1FB8DF894
:10D2C00006009DF8060004B080BD000000000000CC
:10D2D00080B586B005908DF813100392029300205C
:10D2E0008DF807008DF806000598D0F8C8029DF863
:10D2F0001310039A029BEDF7D7F88DF807009DF8FD
:10D300000700FFF79DFB8DF806009DF8060006B0AC
:10D3100080BD00000000000080B586B005900020B0
:10D320008DF81300059A012182F89C120599C1F825
:10D330009402059948600599C1F8A402059981F8FD
:10D34000A0020598D0F8B802A0B1FFE70598D0F880
:10D35000B802406868B1FFE70598D0F8B8124A688B
:10D360000179904720B1FFE703208DF81300FFE714
:10D37000FFE7FFE70598002201924023039311463F
:10D38000FFF77EFF019A039B059901200290A1F807
:10D3900064010598C0F8603105988021FFF770FF9F
:10D3A00002990398059A9184059908629DF81300E3
:10D3B00006B080BD0000000081B00090009890F899
:10D3C0009C02042807D1FFE7009890F89D0200997D
:10D3D00081F89C02FFE7002001B0704700000000C8
:10D3E00080B582B00190019890F89C02032813D177
:10D3F000FFE70198D0F8B80268B1FFE70198D0F8CC
:10D40000B802C06930B1FFE70198D0F8B812C96915
:10D410008847FFE7FFE7FFE7002002B080BD00007C
:10D4200082B001908DF803109DF8030001990874F3
:10D43000002002B07047000080B582B001908DF8E6
:10D44000031000208DF802008DF801000198D0F83B
:10D45000C8029DF80310EDF70FFF8DF802009DF84C
:10D460000200FFF7EDFA8DF801009DF8010002B00F
:10D4700080BD00000000000080B584B003900291E0
:10D48000039800F2AA20029900F0BAF8039901204B
:10D49000C1F894020399B1F8B002C1F89802039858
:10D4A00090F8AA0200F01F000146009140B1FFE78A
:10D4B000009801280CD0FFE70098022810D017E050
:10D4C000039800F2AA2100F067FA8DF8070019E02E
:10D4D000039800F2AA2100F09FFC8DF8070011E0EC
:10D4E000039800F2AA2100F0BFFA8DF8070009E0C6
:10D4F000039890F8AA1201F0800100F009F88DF865
:10D500000700FFE79DF8070004B080BD00000000A1
:10D5100080B582B001908DF8031000208DF80200D4
:10D520008DF801000198D0F8C8029DF80310ECF7BF
:10D53000F3FF8DF802009DF80200FFF781FA8DF8E5
:10D5400001009DF8010002B080BD00000000000055
:10D5500080B582B0019000208DF803008DF80200A4
:10D560000198D0F8C802EDF7C3FE8DF803009DF8CE
:10D570000300FFF765FA8DF802009DF8020002B083
:10D5800080BD00000000000081B00090009890F87D
:10D590009C02042807D0FFE7009890F89C020099AD
:10D5A00081F89D02FFE70099042081F89C02002089
:10D5B00001B070470000000080B586B005908DF87E
:10D5C00013100392029300208DF807008DF80600D7
:10D5D0000598D0F8C8029DF81310039A029BEDF746
:10D5E0000BF88DF807009DF80700FFF729FA8DF872
:10D5F00006009DF8060006B080BD00000000000097
:10D6000080B584B00390029102980190019800784F
:10D6100003990870019801300190019800780399EE
:10D6200048700198013001900198FAF75DFC039968
:10D6300048800198013001900198013001900198D3
:10D64000FAF752FC03998880019801300190019803
:10D65000013001900198FAF747FC0399C88004B0A3
:10D6600080BD00000000000080B584B002900191F0
:10D670000020ADF80200019820B9FFE703208DF8E3
:10D680000F0026E001980299C1F8B8020298D0F87C
:10D69000D41200EB8100D0F8B802C06A78B1FFE77D
:10D6A0000298D0F8D41200EB8100D0F8B802C16A19
:10D6B0000DF1020088470299C1F8D002FFE70299F4
:10D6C000D1F8D8020130C1F8D80200208DF80F003F
:10D6D000FFE79DF80F0004B080BD000000000000CF
:10D6E00081B00090002001B07047000000000000F1
:10D6F00080B584B00390029102988088B8BBFFE7A0
:10D700000298C08898BBFFE7029840887F282ED8EF
:10D71000FFE70298807800F07F008DF807000398FB
:10D7200090F89C02032805D1FFE703980299FEF7C1
:10D7300053FE1BE09DF80700039981F89E020398B1
:10D740009DF80710FFF778FE0398FEF7A1FE9DF8FD
:10D75000070028B1FFE70399022081F89C0204E04A
:10D760000399012081F89C02FFE7FFE704E003989A
:10D770000299FEF731FEFFE704B080BD0000000013
:10D7800080B582B001908DF8031000208DF8020062
:10D790000198D0F8B80250B1FFE70198D0F8B8125C
:10D7A0000A689DF8031090478DF80200FFE79DF886
:10D7B000020002B080BD000080B586B004900391E5
:10D7C00000208DF80B000398817840F20A60C2F2C5
:10D7D000004001700078022808D3FFE704980399FD
:10D7E000FEF7FAFD03208DF81700A0E0049890F8EA
:10D7F0009C0201460191022804D0FFE7019803280A
:10D800002FD07FE040F20A60C2F20040007818B3E7
:10D81000FFE740F20A61C2F200410878049A5060C2
:10D8200004980978FFF7ACFF8DF80B009DF80B000A
:10D8300048B1FFE704980399FEF7CEFD0499022052
:10D8400081F89C0207E00498FEF722FE0499032069
:10D8500081F89C02FFE703E00498FEF719FEFFE75A
:10D8600060E040F20A60C2F20040007898B9FFE739
:10D870000499022081F89C0240F20A61C2F2004140
:10D880000878049A506004980978FEF739FD0498E6
:10D89000FEF7FEFD35E040F20A60C2F2004000787B
:10D8A00004994968884227D0FFE704980179FEF778
:10D8B00027FD40F20A61C2F200410878049A5060E4
:10D8C00004980978FFF75CFF8DF80B009DF80B00BA
:10D8D00068B1FFE704980399FEF77EFD049801798B
:10D8E000FEF70EFD0499022081F89C0203E00498E3
:10D8F000FEF7CEFDFFE703E00498FEF7C9FDFFE762
:10D90000FFE70FE004980399FEF766FD049840F2E4
:10D910000A61C2F200410978FEF7F2FC03208DF89B
:10D920000B00FFE79DF80B008DF81700FFE79DF84F
:10D93000170006B080BD000080B582B00190009154
:10D9400000984088012808D1FFE701990120C1F81B
:10D95000A4020198FEF79CFD13E00098408802287D
:10D9600009D1FFE700984079019981F8A002019858
:10D97000FEF78EFD04E001980099FEF72DFDFFE70C
:10D98000FFE702B080BD000080B582B00190019831
:10D99000FFF7DEFD02B080BD80B586B00590049132
:10D9A00000208DF80F000498007800F06000014618
:10D9B0000291A8B1FFE70298202804D0FFE702985F
:10D9C000402846D1FFE70598D0F8D41200EB81013A
:10D9D000D1F8B8128A68049990478DF80F003DE09D
:10D9E000049840780146019109282CD80199DFE874
:10D9F00001F01B252A202A0A052A160F05980499EA
:10DA0000FEF78EFD24E005980499FFF771FE1FE0F4
:10DA100005980499FFF7D0FE8DF80F0018E00598DF
:10DA20000499FEF749FD13E005980499FEF774FF89
:10DA30000EE005980499FFF77FFF09E00598049927
:10DA4000FEF77AFC04E005980499FEF7C5FCFFE7B1
:10DA500004E005980499FEF7BFFCFFE79DF80F006E
:10DA600006B080BD0000000080B58CB00B900A911C
:10DA700000208DF821000A9880888DF823000A98EC
:10DA8000007800F0600001460791B8B3FFE70798FF
:10DA9000202805D0FFE70798402840F0B281FFE733
:10DAA0000B989DF82310FEF767FC8DF822009DF877
:10DAB0002200FF2821D0FFE79DF82200E8B9FFE708
:10DAC0009DF822000B99C1F8D4020B989DF8221002
:10DAD00000EB8100D0F8B802806868B1FFE70B98CE
:10DAE0009DF8221000EB8101D1F8B8128A680A99DA
:10DAF00090478DF82100FFE7FFE787E10A9840781B
:10DB000001460691002800F0BD80FFE70698012835
:10DB10004CD0FFE70698032840F06D81FFE70B9893
:10DB200090F89C0201460591022804D0FFE7059871
:10DB3000032819D034E09DF8230078B1FFE79DF861
:10DB4000230080280AD0FFE70B989DF82310FFF7E9
:10DB5000DFFC0B988021FFF7DBFC04E00B980A99AF
:10DB6000FEF73AFCFFE720E00A984088A0B9FFE7FB
:10DB70009DF8230078B1FFE79DF8230080280AD0A4
:10DB8000FFE70A98C08830B9FFE70B989DF823108B
:10DB9000FFF7BEFCFFE7FFE70B98FEF779FC04E018
:10DBA0000B980A99FEF718FCFFE729E10B9890F80B
:10DBB0009C0201460491022804D0FFE70498032840
:10DBC00019D059E09DF8230078B1FFE79DF82300B4
:10DBD00080280AD0FFE70B989DF82310FFF798FCE8
:10DBE0000B988021FFF794FC04E00B980A99FEF74C
:10DBF000F3FBFFE745E00A984088E0BBFFE79DF8AC
:10DC00002300400630B1FFE70B989DF82310FFF783
:10DC100037F8FFE70B98FEF73BFC0B989DF82310B5
:10DC2000FEF7AAFB8DF822009DF82200FF2821D0E4
:10DC3000FFE79DF82200E8B9FFE79DF822000B9965
:10DC4000C1F8D4020B989DF8221000EB8100D0F8A7
:10DC5000B802806868B1FFE70B989DF8221000EBCE
:10DC60008101D1F8B8128A680A9990478DF821008D
:10DC7000FFE7FFE7FFE704E00B980A99FEF7ACFB2C
:10DC8000FFE7BDE00B9890F89C0201460391022843
:10DC900004D0FFE70398032838D0A6E09DF82300BE
:10DCA00050B1FFE79DF82300802805D0FFE70B98CF
:10DCB0000A99FEF791FB9DE09DF8230000060028DD
:10DCC0000CD5FFE70B989DF8231001F07F0101EBC5
:10DCD000810100EB8100143002900CE00B989DF85C
:10DCE000231001F07F0101EB810100EB810000F5C1
:10DCF000AA700290FFE70298099009990020086035
:10DD00000B9809990222FEF7A7FB73E09DF8230008
:10DD10000006002812D5FFE70B989DF8231001F0AC
:10DD20000F0101EB810100EB8100808C28B9FFE736
:10DD30000B980A99FEF750FB5CE012E00B989DF8F7
:10DD4000231001F00F0101EB810100EB8100B0F81D
:10DD5000640128B9FFE70B980A99FEF73DFB49E0FB
:10DD6000FFE79DF82300000600280CD5FFE70B987D
:10DD70009DF8231001F07F0101EB810100EB810090
:10DD8000143001900CE00B989DF8231001F07F01F6
:10DD900001EB810100EB810000F5AA700190FFE723
:10DDA000019809909DF8230028B1FFE79DF8230012
:10DDB000802804D1FFE70999002008600FE00B9844
:10DDC0009DF82310FFF7BCF920B1FFE70999012066
:10DDD000086003E0099900200860FFE7FFE70B985F
:10DDE00009990222FEF738FB04E00B980A99FEF726
:10DDF000F3FAFFE704E00B980A99FEF7EDFAFFE764
:10DE000004E00B980A99FEF7E7FAFFE79DF8210076
:10DE10000CB080BD0000000080B584B0039002917A
:10DE200000208DF807000298007800F0600001469D
:10DE3000009140B1FFE70098202804D0FFE7009848
:10DE400040285AD1FFE7039890F89C020138022835
:10DE50004DD8FFE702980079012842D8FFE70398E0
:10DE600002990979FEF790FA8DF806009DF80600F0
:10DE7000FF2825D0FFE79DF8060008BBFFE70398C1
:10DE80009DF8061000EB8100D0F8B802806890B1D0
:10DE9000FFE79DF806000399C1F8D40203989DF8A6
:10DEA000061000EB8101D1F8B8128A6802999047F8
:10DEB0008DF8070003E003208DF80700FFE703E07B
:10DEC00003208DF80700FFE70298C08840B9FFE7FC
:10DED0009DF8070020B9FFE70398FEF7D9FAFFE79E
:10DEE00004E003980299FEF777FAFFE704E003984D
:10DEF0000299FEF771FAFFE704E003980299FEF732
:10DF00006BFAFFE79DF8070004B080BD0000000039
:10DF100081B0009001B0704781B0009040F60C00D5
:10DF2000C2F2004001B0704784B0039002910398A0
:10DF3000019002980078009002984078012830D132
:10DF4000FFE70298007800F00F01012000FA01F2CB
:10DF50000199D1F81C081043C1F81C0801980099D8
:10DF600000EB4110D0F800090004002818D4FFE7A6
:10DF7000029988686FF3DF20097940EA8140009AAE
:10DF800040EA8250019901EB4211D1F80029104377
:10DF900048F20002C1F200021043C1F80009FFE795
:10DFA0002EE00298007800F00F01012000FA01F243
:10DFB0000199D1F81C0840EA0240C1F81C080198F8
:10DFC000009900EB4110D0F8000B0004002816D493
:10DFD000FFE7029988686FF3DF20097940EA814002
:10DFE0000199009A01EB4211D1F8002B104348F23D
:10DFF0000002C1F200021043C1F8000BFFE7FFE787
:10E00000002004B07047000082B001900198009099
:10E010000099D1F8000940F2FF729043C1F800095D
:10E020000099D1F8040840F48070C1F80408002079
:10E0300002B070470000000080B58AB0DDF830C043
:10E04000CDF814C00493039202919DF814108DF83A
:10E0500024100299039A049B089307920691019059
:10E060009DF81D00012823D1FFE70199886B20F45A
:10E07000803088630199C8684FF6BF72CFF6BD72D1
:10E080001040C8600199C86820F44010C8609DF82D
:10E090002400012806D1FFE70199C86840F48010E8
:10E0A000C860FFE7019800F03FF88DF803001AE020
:10E0B0000199C86840F04000C860019800F034F849
:10E0C0008DF803009DF8210030B9FFE70199886BB6
:10E0D00040F48030886305E00199886B20F480303B
:10E0E0008863FFE7FFE79DF81A00012816D1FFE7D4
:10E0F0000199C86D80B2C8650199C86D0022C0F24F
:10E10000EE321043C8650199886840F006008860C7
:10E110000199886840F020008860FFE79DF80300BF
:10E120000AB080BD0000000083B001900020009084
:10E13000FFE70098013000900098B0F1706F04D9AB
:10E14000FFE703208DF80B0026E0FFE70198006948
:10E15000C00F0028EDD0FFE700200090019908696A
:10E1600040F001000861FFE700980130009000983E
:10E17000B0F1706F04D9FFE703208DF80B000BE0BE
:10E18000FFE70198006900F001000128ECD0FFE7EB
:10E1900000208DF80B00FFE79DF80B0003B07047DF
:10E1A00084B0039002910398019002980078009047
:10E1B00002984078012845D1FFE70198009900EBCB
:10E1C0004110D0F80009C00FA8B1FFE701980099ED
:10E1D00000EB4111D1F8000940F00060C1F80009DE
:10E1E0000198009900EB4111D1F8000940F08040FE
:10E1F000C1F80009FFE70298007800F00F01012044
:10E2000000FA01F3019AD2F83C189943C2F83C187D
:10E210000299097801F00F0100FA01F20199D1F891
:10E220001C089043C1F81C080198009900EB4111AB
:10E23000D1F8000947F60002CEF633421040C1F88B
:10E24000000946E00198009900EB4110D0F8000B5E
:10E25000C00FA8B1FFE70198009900EB4111D1F878
:10E26000000B40F00060C1F8000B0198009900EB32
:10E270004111D1F8000B40F08040C1F8000BFFE7DE
:10E280000298007800F00F01012000FA01F3019AD2
:10E29000D2F83C1821EA0341C2F83C1802990978E7
:10E2A00001F00F0100FA01F20199D1F81C0820EAEF
:10E2B0000240C1F81C080198009900EB4111D1F807
:10E2C000000B47F60002CEF6F3721040C1F8000BC7
:10E2D000FFE7002004B0704782B0019001980090E1
:10E2E0000099D1F8000E20F00300C1F8000E00994B
:10E2F000D1F8040820F00200C1F80408002002B0A0
:10E30000704700000000000082B00190019800906A
:10E310000099D1F8000E20F00300C1F8000E00991A
:10E32000D1F8040840F00200C1F80408002002B04F
:10E33000704700000000000080B58CB0DDF838C0E8
:10E34000CDF81CC00693059204919DF81C108DF821
:10E350002C100499059A069B0A9309920891039040
:10E3600000208DF80B00039901910090FFE70098C1
:10E370000E280CD8FFE70398009900EB81010020DC
:10E38000C1F80401FFE7009801300090EFE79DF825
:10E390002A00B8B9FFE70199D1F8040840F002005B
:10E3A000C1F804080399886B20F40010886303996E
:10E3B000086840F0400008600399086840F0800059
:10E3C000086005E00399886B40F400108863FFE75C
:10E3D00001990020C1F8000E9DF8250001280FD1F9
:10E3E000FFE79DF8230028B9FFE70398002100F01C
:10E3F0008FFE04E00398012100F08AFEFFE704E0AD
:10E400000398032100F084FEFFE70398102100F039
:10E41000AFFC20B1FFE701208DF80B00FFE7039868
:10E4200000F06AFC20B1FFE701208DF80B00FFE748
:10E4300001990020C1F810080199C1F81408019948
:10E44000C1F81C080090FFE700989DF82010884252
:10E450003BD2FFE70198009900EB4110D0F800098A
:10E46000C00FB0B1FFE7009848B9FFE701980099E5
:10E4700000EB41114FF00060C1F8000908E001987D
:10E48000009900EB41114FF09040C1F80009FFE7FF
:10E4900007E00198009900EB41110020C1F8000944
:10E4A000FFE70198009900EB41110020C1F8100925
:10E4B0000198009900EB41114FF67F30C1F808092F
:10E4C000FFE7009801300090BEE700200090FFE7D2
:10E4D00000989DF8201088423BD2FFE701980099F0
:10E4E00000EB4110D0F8000BC00FB0B1FFE700986F
:10E4F00048B9FFE70198009900EB41114FF0006027
:10E50000C1F8000B08E00198009900EB41114FF0B1
:10E510009040C1F8000BFFE707E00198009900EB7D
:10E5200041110020C1F8000BFFE70198009900EBB2
:10E5300041110020C1F8100B0198009900EB411126
:10E540004FF67F30C1F8080BFFE7009801300090CC
:10E55000BEE70199D1F8100820F48070C1F81008C6
:10E5600003990020886103996FF0804048619DF80D
:10E57000220030B9FFE70399886940F010008861F4
:10E58000FFE70399886943F60002C8F23C02104392
:10E5900088619DF8260030B1FFE70399886940F053
:10E5A00008008861FFE79DF82A00012808D1FFE7ED
:10E5B000039988690422C4F2000210438861FFE7CE
:10E5C0009DF80B000CB080BD81B000900099886868
:10E5D00020F001008860002001B0704700000000BA
:10E5E00086B004908DF80F10029204980190049860
:10E5F000006C0090009843F20B01C4F654718842FD
:10E600000BD3FFE70198D0F8000BC00F20B1FFE754
:10E6100000208DF817002EE0FFE701990020C1F8D7
:10E62000100B0199D1F8100B40F40020C1F8100B29
:10E630000199D1F8100B40F01800C1F8100B0199A6
:10E64000D1F8100B40F0C040C1F8100B9DF80F003E
:10E6500001280CD1FFE702980199C1F8140B019928
:10E66000D1F8000B40F08020C1F8000BFFE700203C
:10E670008DF81700FFE79DF8170006B070470000FF
:10E6800084B0039002910398019002980078009062
:10E6900002984078012820D1FFE70198009900EB0B
:10E6A0004111D1F8000920F40010C1F800090298C6
:10E6B0000079032805D0FFE70298007902280BD1E2
:10E6C000FFE70198009900EB4111D1F8000940F0F3
:10E6D0008050C1F80009FFE71FE00198009900EBA6
:10E6E0004111D1F8000B20F40010C1F8000B029882
:10E6F0000079032805D0FFE70298007902280BD1A2
:10E70000FFE70198009900EB4111D1F8000B40F0B0
:10E710008050C1F8000BFFE7FFE7002004B070470E
:10E7200084B00390029103980190029800780090C1
:10E7300002984078012822D1FFE70198009900EB68
:10E740004110D0F80009C00F70B9FFE7009858B128
:10E75000FFE70198009900EB4111D1F8000920F082
:10E760008040C1F80009FFE70198009900EB4111D2
:10E77000D1F8000940F40010C1F8000921E0019827
:10E78000009900EB4110D0F8000BC00F70B9FFE703
:10E79000009858B1FFE70198009900EB4111D1F8BA
:10E7A000000B20F08040C1F8000BFFE701980099B2
:10E7B00000EB4111D1F8000B40F40010C1F8000B40
:10E7C000FFE7002004B0704780B588B0079006913D
:10E7D0008DF8172007980490069800780390069803
:10E7E0004078012840F02481FFE706980069F8B9D5
:10E7F000FFE70498039900EB4111D1F810096FF37A
:10E80000DC40C1F810090498039900EB4111D1F8DC
:10E81000100940F40020C1F810090498039900EB96
:10E820004111D1F810096FF31200C1F8100971E01D
:10E830000498039900EB4111D1F810096FF312000D
:10E84000C1F810090498039900EB4111D1F810099F
:10E850006FF3DC40C1F810090398A8B9FFE70698E8
:10E8600081680069884204D9FFE7069988680861D1
:10E87000FFE70498039900EB4111D1F8100940F427
:10E880000020C1F8100937E0069881680069084443
:10E890000138B0FBF1F0ADF80A00BDF80A10002015
:10E8A000C1F6F87000EAC1420498039900EB4111E7
:10E8B000D1F810091043C1F8100906980079012811
:10E8C00019D1FFE70498039900EB4111D1F8100921
:10E8D00020F0C040C1F81009BDF80A0000F00302A2
:10E8E0000498039900EB4111D1F8100940EA4270F5
:10E8F000C1F81009FFE7FFE7069802696FF3DF42EE
:10E900000498039900EB4111D1F810091043C1F8A4
:10E910001009FFE79DF8170001283BD1FFE7069893
:10E92000C06948B1FFE70698C0690499039A01EBF2
:10E930004211C1F81409FFE70698007901281ED199
:10E94000FFE70498D0F80808C00500280BD4FFE7BB
:10E950000498039900EB4111D1F8000940F00050F0
:10E96000C1F800090AE00498039900EB4111D1F8BD
:10E97000000940F08050C1F80009FFE7FFE7049864
:10E98000039900EB4111D1F8000940F00440C1F8AF
:10E9900000094CE00498039900EB4111D1F80009FB
:10E9A00040F00440C1F8000906980079012813D00E
:10E9B000FFE70698006970B1FFE70698007800F05D
:10E9C0000F01012000FA01F20499D1F83408104334
:10E9D000C1F83408FFE729E00498D0F80808C0051A
:10E9E00000280BD4FFE70498039900EB4111D1F8FC
:10E9F000000940F00050C1F800090AE004980399AA
:10EA000000EB4111D1F8000940F08050C1F8000935
:10EA1000FFE70798069BD9681A781B8A9DF817C0EC
:10EA2000EE46CEF800C000F067FCFFE7FFE7C4E069
:10EA30000498039900EB4111D1F8100B6FF3120009
:10EA4000C1F8100B0498039900EB4111D1F8100B99
:10EA50006FF3DC40C1F8100B039818BBFFE7069872
:10EA6000006920B1FFE7069988680861FFE7069909
:10EA7000886808620698026A6FF3DF420498039977
:10EA800000EB4111D1F8100B1043C1F8100B0498A2
:10EA9000039900EB4111D1F8100B40F40020C1F8AC
:10EAA000100B49E006980069C0B9FFE70698826834
:10EAB0006FF3DF420498039900EB4111D1F8100B7A
:10EAC0001043C1F8100B0498039900EB4111D1F8E1
:10EAD000100B40F40020C1F8100B2CE00698816860
:10EAE000006908440138B0FBF1F0ADF80A0006995E
:10EAF0008868BDF80A2050430862BDF80A1000205B
:10EB0000C1F6F87000EAC1420498039900EB411184
:10EB1000D1F8100B1043C1F8100B0698026A6FF37E
:10EB2000DF420498039900EB4111D1F8100B104318
:10EB3000C1F8100BFFE7FFE79DF8170001280ED181
:10EB4000FFE70698C06848B1FFE70698C0680499D7
:10EB5000039A01EB4211C1F8140BFFE7FFE7069897
:10EB6000007901281ED1FFE70498D0F80808C005F5
:10EB700000280BD4FFE70498039900EB4111D1F86A
:10EB8000000B40F00050C1F8000B0AE00498039914
:10EB900000EB4111D1F8000B40F08050C1F8000BA0
:10EBA000FFE7FFE70498039900EB4111D1F8000B50
:10EBB00040F00440C1F8000BFFE7002008B080BD22
:10EBC00085B004900391002002908DF8070004980E
:10EBD00000900398407801283ED1FFE70098039900
:10EBE000097800EB4110D0F80009C00F98B3FFE797
:10EBF00000980399097800EB4111D1F8000940F021
:10EC00000060C1F8000900980399097800EB4111F0
:10EC1000D1F8000940F08040C1F80009FFE70298F0
:10EC200001300290029842F21171884204D3FFE74A
:10EC300001208DF807000DE0FFE70098039909789F
:10EC400000EB4110D0F8000900F00040B0F1004F97
:10EC5000E5D0FFE7FFE73DE000980399097800EB76
:10EC60004110D0F8000BC00F98B3FFE7009803994C
:10EC7000097800EB4111D1F8000B40F00060C1F8B9
:10EC8000000B00980399097800EB4111D1F8000BB3
:10EC900040F08040C1F8000BFFE70298013002907D
:10ECA000029842F21171884204D3FFE701208DF8E7
:10ECB00007000DE0FFE700980399097800EB411089
:10ECC000D0F8000B00F00040B0F1004FE5D0FFE7B6
:10ECD000FFE7FFE79DF8070005B070470000000060
:10ECE00081B000900099886840F0010088600020A1
:10ECF00001B070470000000083B001900020009038
:10ED0000FFE70098013000900098B0F1706F04D9CF
:10ED1000FFE703208DF80B0024E0FFE7019800696E
:10ED2000C00F0028EDD0FFE70020009001991020CF
:10ED30000861FFE70098013000900098B0F1706F13
:10ED400004D9FFE703208DF80B000BE0FFE70198E3
:10ED5000006900F010001028ECD0FFE700208DF8CB
:10ED60000B00FFE79DF80B0003B0704700000000A8
:10ED700084B00290019100200090FFE700980130DC
:10ED800000900098B0F1706F04D9FFE703208DF870
:10ED90000F0026E0FFE702980069C00F0028EDD0C1
:10EDA000FFE700200090019880012030029908615F
:10EDB000FFE70098013000900098B0F1706F04D91F
:10EDC000FFE703208DF80F000BE0FFE702980069D2
:10EDD00000F020002028ECD0FFE700208DF80F0085
:10EDE000FFE79DF80F0004B070470000000000002E
:10EDF00084B00390039802900298D0F8080800F0BD
:10EE000006000090009820B9FFE700208DF8070069
:10EE100010E00098022804D0FFE70098062804D1EB
:10EE2000FFE702208DF8070003E00F208DF80700B0
:10EE3000FFE7FFE79DF8070004B0704700000000FF
:10EE400081B000900098406900F0010001B0704767
:10EE500083B00290029801900198D0F818080090B1
:10EE60000198D0F81C18009808400090BDF80000E8
:10EE700003B070470000000083B002900298019038
:10EE80000198D0F8180800900198D0F81C18009844
:10EE900008400090BDF8020003B070470000000079
:10EEA00086B005908DF81310059803900398D0F85C
:10EEB000100801900398D0F83408009000989DF84D
:10EEC000131001F00F01C84000F00101019840EA61
:10EED000C110019003989DF8131000EB4110D0F879
:10EEE0000809019908400290029806B07047000096
:10EEF00084B003908DF80B100398019001989DF851
:10EF00000B1000EB4110D0F8080B00900198D0F8DE
:10EF10001418009808400090009804B07047000052
:10EF200082B0019001984069009001988169009831
:10EF300008400090009802B07047000000000000F8
:10EF400089B008900791ADF81A20089805900798A5
:10EF50000490BDF81A0080080190BDF81A0000F076
:10EF60000300ADF8020000200290FFE7029801992B
:10EF7000884217D2FFE705984FF480514058049912
:10EF800008600498013004900498013004900498BB
:10EF900001300490049801300490FFE7029801309A
:10EFA0000290E3E7BDF8020008B3FFE700200290FB
:10EFB00005984FF4805140580390FFE703989DF85F
:10EFC0000810C900C84004990870029801300290E6
:10EFD000049801300490BDF802000138ADF8020039
:10EFE000FFE7BDF802000028E8D1FFE7FFE704983B
:10EFF00009B070470000000080B586B004908DF81D
:10F000000F10002002900499C86820F0C040C8602A
:10F010009DF80F00012823D1FFE70499C86840F04C
:10F020000050C860FFE70A20E9F746F902980A3065
:10F030000290FFE70498FFF703FF01460020012933
:10F04000019007D0FFE702990020C82938BF0120AE
:10F050000190FFE70198C0070028E4D1FFE72AE00C
:10F060009DF80F0010BBFFE70499C86840F080408E
:10F07000C860FFE70A20E9F71FF902980A300290FA
:10F08000FFE70498FFF7DCFE01460020009039B14D
:10F09000FFE702990020C82938BF01200090FFE750
:10F0A0000098C0070028E5D1FFE703E001208DF8B4
:10F0B00017000CE0FFE70298C82804D1FFE7012001
:10F0C0008DF8170003E000208DF81700FFE79DF88A
:10F0D000170006B080BD000083B002908DF80710C5
:10F0E000029800900099D1F8000820F4FE60C1F861
:10F0F00000089DF8070000F07F020099D1F8000891
:10F1000040EA0210C1F80008002003B07047000078
:10F1100083B002908DF80710029800909DF80720A8
:10F120000099D1F800081043C1F80008002003B08E
:10F13000704700000000000084B0039002918DF839
:10F1400007209DF80700022840F0B880FFE70298EA
:10F150004AF6C041C0F2D80188420BD3FFE70298BB
:10F160004EF2BF11C0F2E401884203D8FFE70F203E
:10F170000090A2E002984EF2C011C0F2E401884271
:10F180000BD3FFE7029842F2FF31C0F2F40188424C
:10F1900003D8FFE70E2000908EE0029842F2004173
:10F1A000C0F2F40188420BD3FFE7029847F27F31A7
:10F1B000C0F20611884203D8FFE70D2000907AE0E4
:10F1C000029847F28031C0F2061188420BD3FFE764
:10F1D000029844F69F11C0F21A11884203D8FFE743
:10F1E0000C20009066E0029844F6A011C0F21A11BB
:10F1F00088420BD3FFE7029842F6FF41C0F231117B
:10F20000884203D8FFE70B20009052E0029842F6B4
:10F210000051C0F2311188420BD3FFE702984AF245
:10F220003F41C0F24C11884203D8FFE70A2000900A
:10F230003EE002984AF24041C0F24C1188420BD3A2
:10F24000FFE7029843F2FF51C0F26E11884203D8E3
:10F25000FFE7092000902AE0029843F20061C0F223
:10F260006E1188420BD3FFE702984AF61F31C0F2B5
:10F27000A611884203D8FFE70820009016E0029804
:10F280004AF62031C0F2A61188420BD3FFE702985C
:10F2900044F2FF71C0F2E811884203D8FFE707206B
:10F2A000009002E006200090FFE7FFE7FFE7FFE79E
:10F2B000FFE7FFE7FFE7FFE7FFE70AE09DF807004A
:10F2C00018B9FFE70920009002E009200090FFE74D
:10F2D000FFE70399C86820F47050C860009800F0F8
:10F2E0000F020399C86840EA8220C860002004B079
:10F2F000704700000000000080B588B084460A987E
:10F30000CDF81CC006918DF81720ADF814308DF89B
:10F31000130007980390069802909DF8130048BBCD
:10F32000FFE7BDF814000330800801900020009032
:10F33000FFE70098019988421BD2FFE70298006816
:10F3400003999DF8172001EB02314FF48052885049
:10F350000298013002900298013002900298013028
:10F360000290029801300290FFE70098013000906F
:10F37000DFE7FFE7002008B080BD000000000000CC
:10F3800080B58CB00B90ADF82A100992BDF92A0017
:10F3900000900020019002900821039104900590B4
:10F3A00006900790089003F06BFC0B98099A694649
:10F3B000E9F726F898B3FFE70B9844F2F021C2F280
:10F3C0000041884208D1FFE742F2AA51C2F200414F
:10F3D00088880130888021E00B9844F29031C2F295
:10F3E0000041884208D1FFE742F2AA51C2F200412F
:10F3F000C8880130C88010E00B9844F23041C2F256
:10F400000041884208D1FFE742F2AA51C2F200410E
:10F41000088901300881FFE7FFE7FFE7FFE703F016
:10F42000CBFF0CB080BD000010B586B08C46864680
:10F4300009980899CDF814E0ADF812C0ADF8102085
:10F44000ADF80E30ADF80C10ADF80A0000200190B8
:10F4500000909DF811008DF80000BDF810008DF8A7
:10F4600001009DF80F008DF80200BDF80E008DF828
:10F4700003009DF80D008DF80400BDF80C008DF818
:10F4800005009DF80B008DF80600BDF80A008DF808
:10F4900007000598BDF912106A46FFF771FF06B024
:10F4A00010BD000000000000FFE7FEE700000000C4
:10F4B00080B586B0049003910020ADF80A0004984E
:10F4C00020B1FFE70398022803D8FFE7002005904A
:10F4D00029E004980399023940F2AC02C2F20042DA
:10F4E0001288E4F7ADFAADF80A009DF80A10049A04
:10F4F0000398104410F8022C0020914201900DD185
:10F50000FFE79DF80B00049A0399114411F8011CC0
:10F51000401AB0FA80F040090190FFE7019800F02E
:10F5200001000590FFE7059806B080BD00000000CF
:10F5300080B584B00290ADF8061000208DF805006B
:10F54000029828B1FFE7BDF80600022803DCFFE7B8
:10F550000020039017E00298BDF80610013989B227
:10F56000FF22E4F7A1FA8DF805009DF80500029A44
:10F57000BDF80610114411F8011C401AB0FA80F0D1
:10F5800040090390FFE7039804B080BD000000002D
:10F5900080B582B001900091019808B9FFE728E09A
:10F5A000FFE7009870B1FFE701980078A52807D021
:10F5B000FFE701980130019000980138009000E0C9
:10F5C00000E0EEE7009808B9FFE712E00198007844
:10F5D000A5280ED1FFE701994FF2E840C2F20140A1
:10F5E0004022E1F70BF800F0AFF80F20E3F790FFAF
:10F5F000FFE702B080BD000080B500F009F84FF2CF
:10F600003250C2F201404121E2F712F880BD000001
:10F6100080B582B04FF23250C2F201405A210170DF
:10F6200040F62C21C2F200414A7FB2FA82F252091E
:10F6300042700022827042F69842C2F20042D2F832
:10F64000B430C0F80B3040F2A833C2F20043D3F814
:10F6500030C0C0F807C0DB6AC0F80330B2F95034DC
:10F6600041F6AE6CA3EB0C0300EE103AB8EEC00A04
:10F670009FED2E1A20EE010A9FED2D1A20EE010AB1
:10F6800010EE103AC0F80F3002F5AF6292ED002A8A
:10F69000B0EE080A30EE420A9FED262A80EE020AFA
:10F6A00020EE010A10EE102AC0F8132042F2C052D8
:10F6B000C2F20042B2F9223000EE103AB8EEC00AAF
:10F6C00010EE103A40F8173F0190B2F92A3100EEDF
:10F6D000103AB8EEC00A10EE103A4360B2F9323276
:10F6E00000EE103AB8EEC00A10EE103A8360B2F99C
:10F6F0003A2300EE102AB8EEC00A10EE102AC260BB
:10F70000D1F819200261FF22027515301322E0F7AB
:10F7100075FF01994FF2B840C2F20140407B81F879
:10F720002800A52081F8290002B080BD0000003922
:10F730000000B443DB0FC9404FF23251C2F2014125
:10F740005A2008707047000080B5A0B04FF2E84121
:10F75000C2F201411591D1F816204FF2B840C2F221
:10F7600001408260D1F80E200260D1F81220426080
:10F770004A7B4273D1F81E20826191F8282000EE66
:10F78000102AB8EE400A80ED0A0AD1F8052082F06E
:10F79000004200EE102A9FEDEE1A20EE010A4FF211
:10F7A0007852C2F2014282ED000AD1F8012082F0C3
:10F7B000004200EE102A20EE010A4FF27C52C2F203
:10F7C000014282ED000AD1F809204FF27453C2F2CF
:10F7D00001431A60D1F8292042F2C053C2F200431B
:10F7E000C3F8642591F8363040F64A22C2F200424E
:10F7F000137091F839305370B1F83D30538091F85F
:10F800003A30137191F83C30937191F83B1051717B
:10F81000407B002800F0A881FFE746F24030C2F2AA
:10F82000004090F82003C007002800F09D81FFE70A
:10F8300042F69840C2F2004090F8340FC00700280A
:10F8400000F09281FFE740F2A830C2F2004090ED54
:10F850000D0A9FEDCA2A80EE021A4FF2B840C2F29A
:10F86000014090ED010A80EE020A9FEDC52A20EECC
:10F87000020A91EE020A8DED1F0A4FF2E841C2F230
:10F880000141D1F81A201E9282691D92D1F82210EE
:10F890001C91407B01286BD1FFE79DED1C0AB7EE60
:10F8A000C00A8DED100B9DED1E0AB7EEC00A04F0E4
:10F8B000D7F8B0EE401B9DED100B20EE010BB7EE1C
:10F8C000C00B8DED1B0A9DED1C0AB7EEC00A8DED35
:10F8D000120B9DED1E0AB7EEC00A04F0D5FDB0EE86
:10F8E000401B9DED120B20EE010BB7EEC00B8DED12
:10F8F0001A0A9DED1F0AB7EEC00A04F005FFB7EE25
:10F90000C00B8DED190A9DED190A9DED1B1A9DED99
:10F910001D2A9DED1A3A32EE432A81EE021AB4EE08
:10F92000410AF1EE10FA1BDAFFE79DED190A9DED91
:10F930001B1AB1EE411A9DED1D2A9DED1A3A32EEC9
:10F94000032A81EE021AB4EE410AF1EE10FA07DD45
:10F95000FFE746F24031C2F200410320087106E0A1
:10F9600046F24031C2F2004100200871FFE7FAE0A0
:10F9700041F62130C2F2004001780120C9070F9002
:10F98000F9B9FFE74FF2E840C2F2014090F82610C3
:10F9900041F62230C2F200400278012091420F90DD
:10F9A0000FD1FFE7EAF7D0F941F62431C2F2004166
:10F9B0000968411A0020B1F52F7F88BF01200F9000
:10F9C000FFE70F9800F0010141F62130C2F200403C
:10F9D00001704FF2E841C2F2014191F8261041F660
:10F9E0002232C2F2004211700078C007002800F0F5
:10F9F000B980FFE79DED1D0AB7EEC00A8DED000B43
:10FA00009DED1F0A9DED1E1A30EE410AB7EEC00AA9
:10FA100004F026F8B0EE401B9DED000B80EE010BCC
:10FA2000B7EEC00B8DED180A9DED180AB7EEC00AAF
:10FA30008DED020B9DED1F0AB7EEC00A04F024FD08
:10FA4000B0EE401B9DED020B20EE010BB7EEC00B9C
:10FA50008DED170A9DED180AB7EEC00A8DED040B67
:10FA60009DED1E0AB7EEC00A03F0FAFFB0EE401B90
:10FA70009DED040B20EE010BB7EEC00B8DED160AC9
:10FA80009DED170A8DED0E0A9DED160AB7EEC00A20
:10FA90008DED0C0B40F2A830C2F2004090ED0C0A44
:10FAA0009FED361A8DED061A80EE010A9FED341A8D
:10FAB0008DED071A20EE010AB7EEC00A04F024FE0D
:10FAC0009DED062A9DED071A8DED0A0B9DED1D0A91
:10FAD000B7EEC00A8DED080B4FF2B840C2F20140FC
:10FAE00090ED020A80EE020A20EE010AB7EEC00A8B
:10FAF00004F00AFE9DED081B9DED0A3B9DED0C2BCD
:10FB0000B0EE404B9DED0E0A21EE041B92EE031B5E
:10FB1000F7EEC10B04F0A4F89DED1C1AB4EE410AF7
:10FB2000F1EE10FA16DCFFE746F24031C2F2004176
:10FB300005200871EAF708F941F62431C2F20041C4
:10FB4000086041F62131C2F200410020087008E04F
:10FB500000007A4446F24031C2F2004100200871B0
:10FB6000FFE7FFE7FFE706E046F24031C2F200415F
:10FB700000200871FFE720B080BD00BF00003443C3
:10FB8000DB0F49400000000080B540F20000C2F2E7
:10FB900000409E21E0F7D3FD0023184619461A467F
:10FBA00000F002F880BD000080B584B0ADF80E0012
:10FBB0008DF80D108DF80C208DF80B30BDF80E006F
:10FBC000012801DBFFE74BE000F072F8BDF80E0002
:10FBD00000EB4000C000019000208DF80300FFE71B
:10FBE0009DF80300072838DCFFE79DF80C009DF81E
:10FBF00003309840010621200029024648BF4222D6
:10FC000001990B4440F20001C2F2004121F8132097
:10FC10009DF80D209DF803C002FA0CF21206002A8E
:10FC2000024648BF4222019B634401EB43031A8210
:10FC30009DF80B209DF803309A401206002A48BF19
:10FC40004220019A1A4401EB42010884FFE79DF823
:10FC5000030001308DF80300C2E700F005F8FFE76C
:10FC600004B080BD0000000080B500F021F844F62B
:10FC7000D420C2F200400268002191634FF280520A
:10FC8000C2F201420121117040F20002C2F20042B0
:10FC900004214F23EFF744FF38B1FFE74FF28051C3
:10FCA000C2F2014100200870FFE780BD00000000A3
:10FCB00080B582B0EAF748F80190FFE74FF2805034
:10FCC000C2F201400078B0B1FFE7EAF73DF80199D0
:10FCD000401A03280ED3FFE744F6D420C2F20040B6
:10FCE0000421F0F751FA4FF28051C2F20141002095
:10FCF000087000E0E2E702B080BD000000000000F4
:10FD000080B582B00190019841F6E031C2F2004125
:10FD1000884227D1FFE741F6E032C2F20042107E6E
:10FD200041F63831C2F20041603100EB400001EB96
:10FD3000C000C068127E02EB420201EBC2010969F9
:10FD4000401A70B1FFE70198807848B9FFE7019940
:10FD50000120887000F09CF8019900208870FFE76E
:10FD6000FFE7FFE702B080BD80B582B041F63830D2
:10FD7000C2F2004001900198A821E0F7E0FC01994F
:10FD80000320086101994861019846F29101C0F68B
:10FD900002018161019A42F2A410C2F20040D061D6
:10FDA000019A4FF480601062019A00209062019ADB
:10FDB0005062019AD062019A1166019A42F294113E
:10FDC000C2F200415166019A1021916601990867BB
:10FDD0000199C86601994867BFF35F8F0090FFE7FC
:10FDE00000980F280ED8FFE7009A45F27070C0F611
:10FDF0000200801AC07B01998854FFE70098013007
:10FE00000090EDE7BFF35F8F02B080BD00000000FF
:10FE100086B0059004910392049830B9FFE70599E4
:10FE2000481C0590002008702EE004980190059869
:10FE3000411C059102900398812803D3FFE780209D
:10FE40000390FFE7FFE70399481E0390002000900E
:10FE500039B1FFE704980078002818BF012000900E
:10FE6000FFE70098C00748B1FFE70498411C0491E0
:10FE7000007805994A1C05920870E4E704980199F6
:10FE8000401A02990870FFE7059806B07047000015
:10FE900080B584B041F6E030C2F20040007E0DF142
:10FEA0000F010122F6F7E4FF02900298002863D0C8
:10FEB000FFE79DF80F0001460191012820D0FFE7E0
:10FEC000019802281FD0FFE7019803281ED0FFE702
:10FED000019804281DD0FFE7019805281CD0FFE7F2
:10FEE000019806281BD0FFE7019807281AD0FFE7E2
:10FEF00001987F282DD0FFE70198802815D029E0B0
:10FF0000F7F7C6FD37E0F7F723FE34E0F7F744FADA
:10FF100031E0F7F789FD2EE0F7F762F82BE0F7F70D
:10FF200043FC28E0F7F71CFC25E041F6E030C2F284
:10FF30000040007E0DF10F010122F6F799FF0290BB
:10FF4000029828B1FFE79DF80F00F7F775FBFFE770
:10FF500011E010E09DF80F0080280BDBFFE741F671
:10FF6000E030C2F20040007E0DF10F010122F6F7F1
:10FF70007FFFFFE7FFE7FFE704B080BD0000000060
:10FF800081B000900098073001B070470000000079
:10FF900080B594B013901291EFF311804FF02001CF
:10FFA00081F3118806900DF12D0004301090109807
:10FFB000119041F6E030C2F20040006A00284FD0B4
:10FFC000FFE741F6E030C2F20040006A0068002816
:10FFD00046D0FFE741F6E030C2F20040006A006818
:10FFE0008047099108901198059008980490FFE7C0
:10FFF000049880280BD3FFE7049840F0800005990F
:020000040802F0
:100000004A1C059208700498C0090490F0E704980F
:1000100005994A1C05920870059811901198039053
:1000200009980290FFE7029880280BD3FFE7029817
:1000300040F0800003994A1C039208700298C0099E
:100040000290F0E7029803994A1C03920870039803
:1000500011901099481E10900D2001F8010C43E0FA
:1000600041F20400CEF2000000680790139841F6B8
:10007000E031C2F20041884214D0FFE741F6E0309F
:10008000C2F20040406868B1FFE71398406841F64B
:10009000E031C2F200414968B0FBF1F107984843F2
:1000A0000790FFE71198019007980090FFE70098EC
:1000B00080280BD3FFE7009840F0800001994A1C8C
:1000C000019208700098C0090090F0E7009801992B
:1000D0004A1C01920870019811901099481E1090C6
:1000E0000C2001F8010CFFE7139841F6E031C2F251
:1000F0000041884207D1FFE741F20400CEF2000040
:1001000000681290FFE713981299109A119B00F063
:10011000A3F9069880F3118814B080BD0000000098
:1001200080B596B01590EFF311804FF0200181F368
:10013000118809900DF12F0004301390139814903A
:1001400014980890159840680790FFE70798802852
:100150000BD3FFE7079840F0800008994A1C0892EB
:1001600008700798C0090790F0E7079808994A1C9B
:100170000892087008981490149806901598806852
:100180000590FFE7059880280BD3FFE7059840F01E
:10019000800006994A1C069208700598C0090590CF
:1001A000F0E7059806994A1C069208700698149084
:1001B00014980490159800690390FFE7039880282D
:1001C0000BD3FFE7039840F0800004994A1C049287
:1001D00008700398C0090390F0E7039804994A1C3B
:1001E00004920870049814901498029000200190D2
:1001F000FFE7019880280BD3FFE7019840F08000CB
:1002000002994A1C029208700198C0090190F0E717
:10021000019802994A1C029208700298149014984E
:100220001399401A0A900A98802810D3FFE70A9879
:10023000C00913994A1E139201F8010C0A9840F064
:10024000800013994A1E139201F8010C06E00A98E7
:1002500013994A1E139201F8010CFFE71399481EE7
:100260001390182001F8010C1598C168139A149B7B
:1002700000F0F2F8099880F3118816B080BD0000F4
:1002800080B584B003900291019201981F2812D882
:10029000FFE741F6E030C2F20040C0690199C84072
:1002A000C00738B1FFE741F6E030C2F20040FFF787
:1002B00027FDCCE0FFE70198172807D8FFE7019852
:1002C00003994A1E039201F8010CB2E002980399C7
:1002D000401A00900098802810D3FFE70098C009CA
:1002E00003994A1E039201F8010C009840F0800027
:1002F00003994A1E039201F8010C06E00098039945
:100300004A1E039201F8010CFFE701987E2807D8E6
:10031000FFE7019803994A1E039201F8010C87E058
:1003200001990020B0EB913F10D1FFE70198C0097F
:1003300003994A1E039201F8010C019840F08000D5
:1003400003994A1E039201F8010C70E00199002004
:10035000B0EB515F19D1FFE70198800B03994A1E5A
:10036000039201F8010C0199802040EAD110039911
:100370004A1E039201F8010C019840F08000039995
:100380004A1E039201F8010C50E001990020B0EBE5
:10039000117F21D1FFE70198400D03994A1E039276
:1003A00001F8010C0199802040EA9131039A531E13
:1003B000039302F8011C019940EAD11003994A1EE7
:1003C000039201F8010C019840F0800003994A1E45
:1003D000039201F8010C28E00198000F03994A1ECE
:1003E000039201F8010C0199802040EA5151039ACF
:1003F000531E039302F8011C019940EA9131039ABC
:10040000531E039302F8011C019940EAD11003998D
:100410004A1E039201F8010C019840F080000399F4
:100420004A1E039201F8010CFFE7FFE7FFE7FFE731
:10043000FFE741F20400CEF200000168039A029B3C
:1004400041F6E030C2F2004000F006F8FFE704B0E9
:1004500080BD00000000000080B588B007900691C4
:10046000059204930020029007980078012801D19A
:10047000FFE715E00798007808B9FFE753E0079811
:10048000007802280BD1FFE70798069900F074F86E
:1004900007980078012801D0FFE744E0FFE7FFE775
:1004A000069850B1FFE70798C06830B9FFE7002011
:1004B000039006980799C86005E006980799C968EF
:1004C000401A0390FFE70498019003980090FFE71B
:1004D000009880280BD3FFE7009840F08000019936
:1004E0004A1C019208700098C0090090F0E700983B
:1004F00001994A1C0192087001980490079840786D
:100500000599049A521ADFF78BFF0290029820B1E6
:10051000FFE706980799C86004E00799087801305A
:100520000870FFE7FFE70798FFF7EAFB029808B0BB
:1005300080BD00000000000080B588B00790EFF398
:1005400011804FF0200181F3118801900DF113000B
:1005500004300290029803900399481C03900A20EB
:1005600008700798C168029A039BFFF775FF01980E
:1005700080F3118808B080BD80B58CB00B900A91D3
:1005800001208DF815000DF115000130049004983C
:1005900003900B9840690290FFE7029880280BD3E4
:1005A000FFE7029840F0800003994A1C039208700C
:1005B0000298C0090290F0E7029803994A1C03923E
:1005C0000870039804900A980B99C968401A09901A
:1005D0000498019009980090FFE7009880280BD3B9
:1005E000FFE7009840F0800001994A1C01920870D2
:1005F0000098C0090090F0E7009801994A1C019208
:100600000870019804900B984078049A0DF1150138
:10061000521ADFF705FF0890089840B1FFE70A98E3
:100620000B99C8600B9908780138087004E00B99A1
:10063000486901304861FFE708980CB080BD0000B0
:1006400081B0ADF80200BDF9020000280ED4FFE72A
:10065000BDF9021001F01F02012090404A094EF23C
:100660000011CEF2000141F82200FFE701B070470F
:100670004EF60C50CEF200000068C0F30220704726
:1006800082B0ADF806000091BDF9060000280AD43A
:10069000FFE700980001BDF906104EF20042CEF2CD
:1006A000000288540BE000980001BDF8061001F02C
:1006B0000F014EF61452CEF200028854FFE702B04A
:1006C000704700000000000083B00290029800F024
:1006D000070000904EF60C51CEF200010868019020
:1006E00001984FF6FF02104001900198009A40EAED
:1006F00002200022C0F2FA521043019001980860D3
:1007000003B0704700000000BFF34F8F4EF60C514E
:10071000CEF20001086800F4E0600422C0F2FA5250
:1007200010430860BFF34F8FFFE700BFFDE70000F5
:1007300080B582B002F050FD002101910090009937
:1007400001984FF47A72A1FB021300FB0230009172
:1007500001900098019902B080BD000000000000E7
:1007600080B546F2F900C0F60200F7F759F846F2F4
:100770002C10C0F60200F7F753F880BD000000000F
:1007800080B582B000200190FFE7019841F6343136
:10079000C2F20041096888421DD2FFE7019800EBD0
:1007A000800142F2F400C2F2004000EB810C50F8EC
:1007B0002100DCF80410DCF80820DCF80C30DCF850
:1007C00010C0EE46CEF800C0F7F70AFCFFE701982C
:1007D00001300190D9E702B080BD000000000000A8
:1007E000F5EE400AF1EE10FA23DD80EE200AB7EEB6
:1007F000002AB0EEC01AB4EE421AF1EE10FA46DD4D
:1008000082EE012A45F28C729FED771A2021C0F604
:10081000020200BF5318B0EE413A043993ED001ABA
:100820000B1DA2EE031AF5D19FED6D2A32EE412A7F
:100830003EE0F5EE400AF1EE10FA46DAB5EE400A77
:10084000F1EE10FA4EDD80EE200AB7EE002AB0EE8F
:10085000C01AB4EE421AF1EE10FA77DD82EE012AE8
:1008600045F28C729FED601A2021C0F6020200BF93
:100870005318B0EE413A043993ED001A0B1DA2EE65
:10088000031AF5D19FED562A32EE412A70E045F267
:100890008C729FED553A2021C0F60202531804399C
:1008A00093ED002A0B1DA1EE032AB0EE423AF5D1DA
:1008B000B1EE421AB5EE400AF1EE10FA22FE010A3C
:1008C00080ED000A002040B27047F5EE400AF1EEDC
:1008D00010FA38D1B5EE400AF1EE10FA2BDD9FED9B
:1008E000400AEDE7B5EE400AF1EE10FA4DDA80EE7F
:1008F000200AB7EE002AB0EEC01AB4EE421AF1EEAA
:1009000010FA4DDD82EE012A45F28C729FED361A07
:100910002021C0F6020200BF5318B0EE413A04395C
:1009200093ED001A0B1DA2EE031AF5D19FED2C2AB0
:1009300032EE412A46E0B5EE400AF1EE10FA02DA54
:100940009FED280ABCE7FC2040B2704745F28C724C
:100950009FED253A2021C0F6020200BF531804394A
:1009600093ED002A0B1DA1EE032AB0EE423AF5D119
:10097000B1EE421AB5EE400AF1EE10FA22FE010A7B
:100980009FED1B1A30EE010A9AE710EE101A40F69E
:10099000DB72C4F2490262F31E0100EE101A8FE707
:1009A00045F28C729FED103A2021C0F6020200BF82
:1009B0005318043993ED002A0B1DA1EE032AB0EE63
:1009C000423AF5D1B1EE421AB5EE400AF1EE10FA14
:1009D00022FE010A9FED051A30EE010A70E700BF02
:1009E000DB0FC93FDB0FC9BFA59204BDDB0F49C0B8
:1009F000DB0F494000000000B5EE001A9FED1E2AF3
:100A0000A0EE021A9FED1E2ABDEEC10AB5EE401AF5
:100A1000F1EE10FA10EE100AB8BF013800EE100A1D
:100A2000B8EEC00A31EE400A9FED141A20EE010A1A
:100A3000BCEEC01A30EE022A11EE100A410A45F24D
:100A4000B47118BF002000FE020AC0F6020101EED8
:100A5000100A01EB800090ED012AB8EE411A30EE49
:100A6000410AB7EE001A31EE401A20EE020A90ED6C
:100A7000002AA1EE020A704783F9223E00000044DA
:100A8000000000C400000000B0F800C0438803FB71
:100A90000CF3B3B1D2F804C040684968021F0439AE
:100AA000ACF1040092ED010A91ED011A00F1040C81
:100AB00030EE010A04320431013B80ED010A604648
:100AC000F0D10020704700000180428043607047F1
:100AD0002DE9F04F93B002880190B0F80290109287
:100AE00007914868129012B310996FF003008D00BF
:100AF000002600EB810A4FF07E5B2C46129F04E03B
:100B000004364446B542074611D026B13846314630
:100B1000DFF715FE37443846B245A4F1040840F823
:100B200004BBEDD04146DFF70AFE3819E8E7B9F11A
:100B3000000F00F06E81019804214FEA8908B7EE9A
:100B4000000AD0F804C009F101000690109845424F
:100B500004200B9001EB89000390ACF10400129982
:100B60000CEB890A0439099100EB89010A910021F3
:100B70000E910C900024CDE91190CDE9045C1DE0AC
:100B800011981299013811900398DDF820A00144C2
:100B900012910C99824404310C910E990F9C0431EE
:100BA0000E910D9949450A9901440B98DDE9045CC1
:100BB0000A9100F104000B9000F01E810698621C5F
:100BC00010990D9260438A420CEB800090ED001A60
:100BD00016D251462346204691ED002AB0EEC14A76
:100BE000B0EEC23A0133EA184144B4EE443AF1EEB1
:100BF00010FAC8BF184632FE011A0132ECD100E0EB
:100C00002046B5EE401A0021021BF1EE10FA08BF93
:100C10000121B2FA82F2520951EA020E22D1A14513
:100C20000CD90C9908FB0011DDE9113252F8047F50
:100C300051F8046F013B16600F60F7D1079949889E
:100C400081B100FB01F20E98099B00FB013003EB20
:100C5000820300BF50F8042F53F8047F0139076066
:100C60001A60F7D1B5EE401AF1EE10FA00F0C2802A
:100C700080EE011ACDF808E0A9EB040EBEF1010FD9
:100C80000CDBDDE9111200BF92ED012A101D21EEEF
:100C9000022A013982ED012A0246F5D107984F4612
:100CA000CDF820A0B0F802B0BBF1000F0ED00E9925
:100CB000099801FB0B02594692ED012A101D21EE05
:100CC000022A013982ED012A0246F5D1002C0CEBF3
:100CD000840343D00E98099EA1464FEA8B0400FB83
:100CE0000B604FF0000CDDF830A00F9006E000BF65
:100CF0000CF1010CC244CC4526442FD00CFB07F06C
:100D0000BEF1010F03EB800090ED001AB1EE412A15
:100D10000FDB11995546129A92ED013A95ED014A71
:100D2000A2EE034A281D0432013985ED014A054629
:100D3000F2D1BBF1000FDBD0594635460F9A00BF08
:100D400092ED013A95ED014AA2EE034A281D0432C4
:100D5000013985ED014A0546F2D1C9E710980D9990
:100D60008142B9460F91BFF40BAF0E9809994FEA33
:100D70008B0A0A9A00FB0B1C0B980F9D00FB0B14AF
:100D800007E000BF013510988542424454443FF4C7
:100D9000F7AE05FB09F0BEF1010F03EB800090ED0B
:100DA000001AB1EE412A10DB119F1146129800BFC4
:100DB00090ED013A91ED014AA2EE034A0E1D043076
:100DC000013F81ED014A3146F2D1BBF1000FD9D08C
:100DD0005F462146604600BF90ED013A91ED014A21
:100DE000A2EE034A0E1D0430013F81ED014A314657
:100DF000F2D1C7E7FB2027E0B5EE401A0020F1EE64
:100E000010FA08BF01200299084001284FF00000A5
:100E10001AD1109809FB00F1002081B1019A5368A2
:100E2000002200BF93ED000AB5EE400AF1EE10FA81
:100E300006D1013204339142F4D10A4600E0002287
:100E40008A4208BF6FF0040040B213B0BDE8F08FD3
:100E50002DE9F04F81B04688B1F802904368B0F8B0
:100E600000A0D2F804E04FEA8608A3F1040C4FEA90
:100E700089054FF0000B9FED180A4F68009704E0BA
:100E8000BAF1010ACB44C44421D00EEB8B02009886
:100E9000494607E0131D013982ED001A00F10400F4
:100EA0001A46EDD0B0EE401A002EF3D0B0EE401A44
:100EB00007466446334600BF94ED012A97ED003A99
:100EC000A2EE031A0434013B2F44F5D1E2E70020DF
:100ED00001B0BDE8F08F00BF00000000000000007E
:100EE000B0F800C0438803FB0CF3B3B1D2F804C0E0
:100EF00040684968021F0439ACF1040092ED010A10
:100F000091ED011A00F1040C30EE410A0432043173
:100F1000013B80ED010A6046F0D1002070470000DF
:100F200070B50688D0F804C0B0F802E04C68B30091
:100F300004E000BF013E04F1040410D0BEF1000F34
:100F4000F8D0ACF104002146724600BF50F8045FAF
:100F5000013A0D601944F9D100F1040CEAE70020D0
:100F600070BD0000000000009FED1E1A20EE010A77
:100F70009FED1E2ABDEEC01AB5EE400AF1EE10FA42
:100F800011EE100AB8BF013801EE100AB8EEC11A0E
:100F900030EE410A9FED141A20EE010ABCEEC01A91
:100FA00030EE022A11EE100A410A45F2B47118BF60
:100FB000002000FE020AC0F6020101EE100A01EB59
:100FC000800090ED012AB8EE411A30EE410AB7EEEA
:100FD000001A31EE401A20EE020A90ED002AA1EE2E
:100FE000020A704783F9223E00000044000000C45A
:100FF00080B588B000208DF81E008DF81D00DFF749
:10100000F7FE80200490E0F7B3F855200590E0F754
:10101000AFF80598E0F7ACF88DF81E00DFF7DCFEBE
:1010200096200690DFF724FFDFF7E2FE0498E0F752
:101030009FF80598E0F79CF80598E0F799F88DF887
:101040001E00DFF7C9FE0698DFF712FFDFF7D0FEBC
:101050007E20B621E0F7A4F8DFF7BEFE5020DFF7D0
:10106000F3FEDFF7C5FE0498E0F782F80598E0F795
:101070007FF80598E0F77CF88DF81E00DFF7ACFEEE
:101080000698DFF7F5FEDFF7B3FE0498E0F770F897
:101090000598E0F76DF80598E0F76AF88DF81E00FE
:1010A000DFF79AFE0698DFF7E3FE9DF81E001E2884
:1010B00004D0FFE7FF208DF81F005CE000208DF8D2
:1010C0001D00FFE79DF81D00052850DCFFE7DFF756
:1010D0008FFE9DF81D0000EB400240F26420C2F23A
:1010E000004003908118805C4978E0F759F8DFF7F9
:1010F00073FE96200290DFF7BBFEDFF779FE0398C0
:101100009DF81D1001EB4101405C40F08000E0F7CC
:101110002FF855200190E0F72BF80198E0F728F818
:101120008DF81E00DFF758FE0298DFF7A1FE039945
:101130009DF81E009DF81D2002EB420211444978E3
:1011400088420DD0FFE79DF81D0000EB400140F202
:101150006420C2F20040084480788DF81F000AE045
:10116000FFE79DF81D0001308DF81D00AAE7002063
:101170008DF81F00FFE79DF81F0008B080BD00003C
:1011800080B586B0002002908DF816008DF815000D
:10119000DFF74AFE02980DF115010391DFF7D4FF46
:1011A000DFF736FE96200490DFF762FEDFF73CFEA5
:1011B00002980399DFF7C8FFDFF72AFE0498DFF7EC
:1011C00057FEDFF731FE1420B621DFF7E9FFDFF726
:1011D0001FFE5020DFF738FEDFF726FE0298039946
:1011E000DFF7B2FFDFF714FE0498DFF741FEDFF709
:1011F0001BFE02980399DFF7A7FFDFF709FE0498AB
:10120000DFF736FE9DF815000F2804D0FFE7FF201A
:101210008DF8170053E000208DF81600FFE79DF8C9
:101220001600052847DCFFE7DFF7FEFD9DF81600F6
:1012300000EB400240F27620C2F20040019081189B
:10124000805C4978DFF7ACFFDFF7E2FD9620009085
:10125000DFF70EFEDFF7E8FD01989DF8161001EBB1
:101260004101405C0DF11501DFF76EFFDFF7D0FDA6
:101270000098DFF7FDFD01999DF815009DF81620F7
:1012800002EB42021144497888420DD0FFE79DF8F5
:10129000160000EB400140F27620C2F20040084404
:1012A00080788DF817000AE0FFE79DF816000130FE
:1012B0008DF81600B3E700208DF81700FFE79DF8C2
:1012C000170006B080BD000080B58CB00B900B9865
:1012D0006946E7F759FA059838B1FFE70B980168B6
:1012E000886920F001008861FFE70CB080BD000034
:1012F00080B586B00590ADF81210ADF81020BDF89D
:101300001200BDF810100844ADF80600FF208DF85B
:1013100008008DF809008DF80A008DF80B008DF893
:101320000C008DF80D008DF80E00FB208DF80F00DD
:101330000598BDF9061002AAFEF722F806B080BD96
:1013400080B586B00590ADF81210ADF81020BDF84C
:101350001200BDF810100844ADF80600FF208DF80B
:1013600008008DF809008DF80A008DF80B008DF843
:101370000C008DF80D008DF80E00FD208DF80F008B
:101380000598BDF9061002AAFDF7FAFF06B080BD68
:1013900080B584B0039002910298007800F00F00AD
:1013A00003994860029800780009039988600298C0
:1013B000B0F8010040BA0399C8600299C878097969
:1013C000000140EA111003990861029801794079FF
:1013D00001F00F0140EA0120039948610398C068B9
:1013E0009FED220ADFED220ACDED010A102100F067
:1013F000E3FF039880ED080A03980069BBEE0E0A2C
:10140000F3EE0E0A0C21009100F0D6FF009903982C
:1014100080ED090A03984069BAEE040AF2EE040A64
:1014200000F0CAFF9DED011A039880ED0A0A0298A8
:10143000807900EE100AB8EE400A039880ED0D0A9C
:101440000298C07900EE100AB8EE400A039880EDC9
:101450000E0A039890ED080A80EE010A9FED051A26
:1014600020EE010A80ED110A04B080BDDB0F49C0F7
:10147000DB0F49400000344380B584B003900291F3
:101480000298007800F00F000399486002980078F5
:101490000009039988600298B0F8010040BA0399E6
:1014A000C8600299C8780979000140EA11100399CF
:1014B000086102980179407901F00F0140EA0120AA
:1014C000039948610398C0689FED220ADFED220A64
:1014D000CDED010A102100F06FFF039880ED080A9E
:1014E00003980069BBEE0E0AF3EE0E0A0C21009180
:1014F00000F062FF0099039880ED090A03984069A3
:10150000BAEE040AF2EE040A00F056FF9DED011A4D
:10151000039880ED0A0A0298807900EE100AB8EE6E
:10152000400A039880ED0D0A0298C07900EE100A77
:10153000B8EE400A039880ED0E0A039890ED080A71
:1015400080EE010A9FED051A20EE010A80ED110AD6
:1015500004B080BDDB0F49C0DB0F494000003443BD
:1015600080B586B00590ADF81210ADF81020BDF82A
:101570001200BDF810100844ADF80600FF208DF8E9
:1015800008008DF809008DF80A008DF80B008DF821
:101590000C008DF80D008DF80E00FC208DF80F006A
:1015A0000598BDF9061002AAFDF7EAFE06B080BD57
:1015B00086B08DED050ACDED040A8DED031A02907B
:1015C0009DED030A9DED041A30EE410A8DED010AEE
:1015D000049800909DED050A9DED001A30EE410A39
:1015E000029901208840013801EE100AB8EEC11AB4
:1015F00020EE010A9DED011A80EE010ABDEEC00A3F
:1016000010EE100A06B0704781B0EFF3058000902D
:101610000098002818BF012001B0704700000000AA
:1016200080B582B08DED010A4FF07E5000909DEDA7
:10163000010A03F049F8B0EE401A9DED000A80EE71
:10164000010A8DED000A9DED000A02B080BD000088
:1016500080B582B08DED010A4FF07E5000909DED77
:10166000010A03F031F8B0EE401A9DED000A80EE59
:10167000010A8DED000A9DED000A02B080BD000058
:1016800080B582B0019001980078A5281AD1FFE7B3
:1016900001980521FDF74CFF98B1FFE701994878C3
:1016A000897840EA012042F64C31C2F200410880BC
:1016B000019809880844093001900198FFF7E0FF7C
:1016C000FFE700E0FFE702B080BD0000000000007F
:1016D00080B582B000200190F2F772FAE8F74CFB77
:1016E000F7F75EF8F2F7A4FDF2F796FAF2F714FEB8
:1016F000F2F79AFEF2F708FBF2F746FBF2F784FBEB
:10170000F2F74EFFF2F794FFF2F73EFEF2F7FCFE1F
:101710004FF4F070E1F7BCFDDFF79AFEF4F710FD2F
:10172000DFF782F8E1F750FEF5F742FCF2F7A8FB8D
:1017300000F0B6F8FFE7FEE782B0ADF80600002043
:101740000090BDF90600842807D0FFE7BDF9060028
:101750000099084403300090FFE7009802B07047FA
:1017600080B58EB00D90ADF832108DED0B0ACDED39
:101770000A0A8DED091ACDED081A8DED072ABDF87C
:101780003200ADF808009DED0B0ADFED360A9FED43
:10179000361A1020FFF70CFFADF812009DED0A0A73
:1017A000FBEE0E0AB3EE0E1A0C200190FFF700FFBD
:1017B00001460198ADF810109DED090ADFED2B0AE6
:1017C000CDED000A9FED2A1AFFF7F2FEDDED000ACB
:1017D00001460198ADF80E109DED080AB1EE041A0D
:1017E000FFF7E6FE01460198ADF80C109DED070AE3
:1017F000FAEE040AB2EE041AFFF7DAFEADF80A00B8
:101800009DF813008DF814009DF812008DF8150056
:10181000BDF8100000098DF81600BDF810109DF8F5
:101820000F0040EA01108DF817009DF80E008DF8AA
:101830001800BDF80C0000098DF81900BDF80C1057
:101840009DF80B0040EA01108DF81A009DF80A007F
:101850008DF81B000D98BDF9081005AAFDF790FD45
:101860000EB080BDDB0F49C0DB0F49400000000017
:101870000000FA430000000080B584B00390039894
:101880000290029818B1FFE70298019002E001204F
:101890000190FFE7019801F00FF8002004B080BD2F
:1018A00080B501F0B5F8002080BD00000000000008
:1018B000B0B590B00E900D910E98406938B3FFE727
:1018C0000E98806918B3FFE70E9801680891416887
:1018D0000B91016909910D990A91B0F90800FFF780
:1018E0002BFF0899099A0A9B84460B98DDF838E08B
:1018F000DEF81440DEF81850EE46CEF80850CEF868
:101900000440CEF800C001F037FB0C9020E00E98A8
:101910000168049141680791018A05910D9906912A
:10192000B0F90800FFF708FF0499059A069B844662
:101930000798EE460CACCEF80440CEF800C001F09B
:10194000CBFA012803D0FFE700200F9003E0FFE768
:101950000C980F90FFE70F9810B0B0BD000000008A
:1019600080B582B00190FFF74FFE98B1FFE7019874
:1019700001F0E2FD01280CD1FFE74EF60451CEF252
:1019800000014FF080500860BFF34F8FBFF36F8F9F
:10199000FFE703E0019800F0CBFFFFE7002002B073
:1019A00080BD00000000000080B582B00190019869
:1019B00001F0B2F8002002B080BD0000000000007D
:1019C00080B584B0039002914FF67400C2F20140DA
:1019D0000068009046F23420C2F2004000680430F3
:1019E00000F086FD88B9FFE746F23420C2F20040DD
:1019F0000068C16A012000FA01F24FF2B441C2F25C
:101A0000014108689043086000E0FFE70398013057
:101A100080B9FFE7029868B1FFE746F23420C2F2CE
:101A200000400068011D4FF64C00C2F2014000F07A
:101A3000F3FD3DE00098039908440190019846F2B7
:101A40003421C2F200410968486001980099884237
:101A50000ED2FFE746F24020C2F20040006846F294
:101A60003421C2F200410968043100F09DFD1EE0FE
:101A700046F23820C2F20040006846F23421C2F239
:101A800000410968043100F08FFD01984FF61801FC
:101A9000C2F201410968884207D2FFE701984FF678
:101AA0001801C2F20141086000E0FFE7FFE7FFE72D
:101AB00004B080BD0000000080B582B0019000F04D
:101AC000D7FD4FF2A441C2F201410868013008601D
:101AD00046F23420C2F20040006898B9FFE701984E
:101AE00046F23421C2F2004108604FF2A440C2F233
:101AF00001400068012803D1FFE700F0F1F900E0A0
:101B0000FFE71CE04FF64000C2F201400068A0B9B8
:101B1000FFE746F23420C2F200400068C06A019933
:101B2000C96A884207D8FFE7019846F23421C2F219
:101B30000041086000E0FFE700E0FFE7FFE74FF249
:101B4000B040C2F2014001680131016000680199B2
:101B50004864019890B1FFE70198F5F75DFB0198A3
:101B600000F13401D0F800C0C26A036BACEB030C87
:101B7000EE46CEF800C0F6F7D3F9FFE70198F5F787
:101B8000CBFB0198C16A012000FA01F24FF2B44187
:101B9000C2F201410868104308600199C86A00EB6D
:101BA000800246F24420C2F2004000EB8200043181
:101BB00000F032FD00F088FD4FF64000C2F2014017
:101BC0000068C8B1FFE746F23420C2F20040006866
:101BD000C06A0199C96A88420CD2FFE74EF60451E7
:101BE000CEF200014FF080500860BFF34F8FBFF37B
:101BF0006F8F00E0FFE700E0FFE702B080BD00006C
:101C000080B582B0FFE74FF2A840C2F20140006801
:101C100008B3FFE700F02CFD4FF66000C2F2014070
:101C2000C068C06801900198043000F061FC4FF278
:101C3000A441C2F201410868013808604FF2A8418E
:101C4000C2F2014108680138086000F03DFD0198CA
:101C500000F006F8D7E702B080BD000000000000E9
:101C600080B582B00090009890F8590040B9FFE725
:101C70000098006B00F050FD009800F04DFD1CE056
:101C8000009890F85900012804D1FFE7009800F06F
:101C900043FD11E0009890F8590002280BD0FFE7AF
:101CA0004FF0500080F31188BFF36F8FBFF34F8F59
:101CB0000190FFE7FEE7FFE7FFE702B080BD00000D
:101CC00084B048F2A060C0F20100009046F29C602F
:101CD000C2F2004001909DF80400400788B1FFE780
:101CE000019807300190019820F007000190019AB7
:101CF00046F29C61C2F200410098891A08440090A3
:101D0000FFE70198029002994FF64400C2F20140A9
:101D10000160002141600298009A104401900198EE
:101D200008380190019820F007000190019A46F2CE
:101D30003C20C2F2004002600268516002681160FB
:101D4000029903910199039A891A516000680399D5
:101D50000860039840684FF61401C2F20141086020
:101D6000039840684FF2B051C2F2014108604FF24F
:101D70008451C2F201414FF00040086004B0704746
:101D800080B582B00190FFE7FFF73AFF46F24420AA
:101D9000C2F20040006802280CD3FFE74EF604515F
:101DA000CEF200014FF080500860BFF34F8FBFF3B9
:101DB0006F8F00E0FFE7E7E780B588B0DDF834C05B
:101DC000DDF830C0DDF82CC0DDF828C006900591A4
:101DD000049203930C98006B04998900A522DEF706
:101DE00084FC0C98006B049900EB8100043802908D
:101DF000029820F0070002909DF80800400758B1B3
:101E0000FFE74FF0500080F31188BFF36F8FBFF3EF
:101E10004F8F0790FFE7FEE70598F8B1FFE7002036
:101E20000190FFE701980F2813D8FFE70598019A62
:101E3000805C0C99114481F8340005980199405C4C
:101E400008B9FFE705E0FFE7FFE7019801300190DF
:101E5000E8E70C99002081F8430004E00C99002089
:101E600081F83400FFE70A98072803D3FFE706202C
:101E70000A9000E0FFE70A980C99C8620A980C994A
:101E8000C8640C990020009008650C98043000F09C
:101E900083FB0C98183000F07FFB00980C990961C7
:101EA0000A99C1F107010C9A91610C9949620C9948
:101EB00048650C9981F8580002980699039A00F039
:101EC0004BFA0C9908600B9820B1FFE70C980B991E
:101ED000086000E0FFE708B080BD000000000000DF
:101EE00080B584B000200390FFE70398062810D83F
:101EF000FFE7039800EB800146F24420C2F2004065
:101F000000EB810000F030FBFFE703980130039005
:101F1000EBE74FF28850C2F20140019000F024FB41
:101F20004FF29C50C2F20140029000F01DFB4FF6B0
:101F30002C00C2F2014000F017FB4FF66000C2F225
:101F4000014000F011FB4FF64C00C2F2014000F0DE
:101F50000BFB0199029846F23822C2F2004211604E
:101F600046F24021C2F20041086004B080BD00008A
:101F700083B002904FF64400C2F201400190FFE7A7
:101F8000019800680299884205D2FFE7FFE70198AF
:101F900000680190F4E70198009000980199496861
:101FA00008440299884209D1FFE7029842680199E2
:101FB0004868104448600198029000E0FFE70298EA
:101FC000009000980299496808440199096888427C
:101FD00020D1FFE70198006846F23C21C2F200419F
:101FE000096888420DD0FFE70198006842680299AD
:101FF00048681044486001980068006802990860C9
:1020000007E046F23C20C2F20040006802990860F6
:10201000FFE704E00198006802990860FFE7019873
:102020000299884204D0FFE702980199086000E015
:10203000FFE703B07047000008480068006880F3BD
:1020400008884FF0000080F3148862B661B6BFF3D1
:102050004F8FBFF36F8F00DF00BF000008ED00E07F
:1020600081B046F23820C2F200400068006840B9F2
:10207000FFE74FF61801C2F201414FF0FF30086050
:102080000FE046F23820C2F200400068C068C06825
:102090000090009840684FF61801C2F201410860B4
:1020A000FFE701B07047000083B00020009040F2CD
:1020B0004420C2F200400068013058B1FFE74FF001
:1020C000500080F31188BFF36F8FBFF34F8F0290E2
:1020D000FFE7FEE74FF0500080F31188BFF36F8FEA
:1020E000BFF34F8F0190FFE7009808B9FFE7FBE7C8
:1020F00003B070470000000084B0029000200190FF
:1021000002980090029858B9FFE74FF0500080F312
:102110001188BFF36F8FBFF34F8F0390FFE7FEE788
:10212000009840694FF64C01C2F20141884214D137
:10213000FFE70098806A4FF62C01C2F20141884205
:1021400009D0FFE70098806A18B9FFE701200190E5
:1021500000E0FFE700E0FFE700E0FFE7019804B0E0
:10216000704700000000000080B58AB00690002093
:10217000029000F085FD46F23C20C2F2004000686B
:1021800018B9FFE7FFF79CFD00E0FFE706984FF264
:102190008451C2F201410968084240F0C580FFE75E
:1021A000069800B3FFE70698083006909DF81800DF
:1021B0004007B0B1FFE7069820F00700083006900E
:1021C0009DF81800400758B1FFE74FF0500080F32A
:1021D0001188BFF36F8FBFF34F8F0990FFE7FEE7C2
:1021E00000E0FFE700E0FFE70698002800F09A8093
:1021F000FFE706984FF2B051C2F2014109688842E8
:1022000000F29080FFE74FF64400C2F201400490D4
:1022100000680590FFE705984168069A0020914202
:10222000019007D2FFE705980068002818BF012039
:102230000190FFE70198C00730B1FFE705980490CF
:10224000059800680590E6E7059846F23C21C2F241
:1022500000410968884263D0FFE7049800680830AD
:1022600002900598006804990860059840680699EE
:10227000401A112821D3FFE70598069908440390D6
:102280009DF80C00400758B1FFE74FF0500080F375
:102290001188BFF36F8FBFF34F8F0890FFE7FEE702
:1022A000059840680699401A039948600698059970
:1022B00048600398FFF75CFE00E0FFE7059842687E
:1022C0004FF2B050C2F201400168891A0160006803
:1022D0004FF61401C2F20141096888420BD2FFE7B0
:1022E0004FF2B050C2F2014000684FF61401C2F242
:1022F0000141086000E0FFE74FF28450C2F2014064
:1023000002680599486810434860059900200860F4
:102310004FF62001C2F2014108680130086000E078
:10232000FFE700E0FFE700E0FFE701F045F89DF878
:102330000800400758B1FFE74FF0500080F31188C4
:10234000BFF36F8FBFF34F8F0790FFE7FEE7029851
:102350000AB080BD0000000083B00290019100929D
:1023600002980438029002994FF080700860029839
:1023700004380290019820F0010002990860029848
:1023800004380290029942F2A900C0F602000860E7
:102390000298143802900098029908600298043854
:1023A000029002996FF002000860029820380290B3
:1023B000029803B07047000086B005908DED040AC6
:1023C000CDED030A02919DED030A9DED041A30EE56
:1023D000410A8DED010A049800909DED050AB8EEC2
:1023E000C00A9DED011A20EE010A029901208840E1
:1023F000013801EE100AB8EEC11A80EE010A9DED17
:10240000001A30EE010A06B070470000000000001C
:1024100080B584B00390029100F02AF946F234208E
:10242000C2F200400068406DE8B9FFE746F2342090
:10243000C2F200400168012081F85800029880B182
:10244000FFE702980121FFF7BBFA4EF60451CEF2E6
:1024500000014FF080500860BFF34F8FBFF36F8FC4
:1024600000E0FFE700E0FFE700F02EF900F000F9E0
:102470000399029A4220F4F7F7FF46F23420C2F2A1
:1024800000400068406D01900198A8B1FFE70398F3
:1024900040B1FFE746F23420C2F20040016800205C
:1024A000486508E00198013846F23421C2F2004143
:1024B00009684865FFE700E0FFE746F23420C2F212
:1024C00000400168002081F8580000F0FDF80198F4
:1024D00004B080BD0000000080B582B001900020F3
:1024E00000900198FFF740FE0090009802B080BD78
:1024F00082B001900198006900900198416880685D
:102500008860019948688968486000984068019926
:10251000884205D1FFE7019880680099486000E093
:10252000FFE70199002008610099086801380860F8
:102530000098006802B0704783B002900191009249
:1025400002994FF2B870C2F20140086001994FF24F
:10255000B450C2F20140086000998020086003B0C6
:10256000704700000000000081B00090009901F168
:102570000800486000994FF0FF308860009901F131
:102580000800C860009901F1080008610099002066
:10259000086001B07047000081B0009000990020F1
:1025A000086101B07047000084B003900291029866
:1025B000006800900098013020B9FFE70398006997
:1025C000019010E0039808300190FFE701984068FF
:1025D00000680099884205D8FFE7FFE70198406846
:1025E0000190F3E7FFE7019840680299486002987C
:1025F0004168886001980299886002980199486052
:10260000039802990861039908680130086004B0D2
:10261000704700000000000083B002900191029812
:10262000406800900098019948600098806801997E
:1026300088600198009989684860019800998860CD
:10264000029801990861029908680130086003B096
:102650007047000000000000DFF80C00016841F442
:10266000700101607047000088ED00E0000000008C
:1026700082B04FF0500080F31188BFF36F8FBFF32B
:102680004F8F019040F24420C2F2004001680131B6
:1026900001600068012814D1FFE74EF60450CEF225
:1026A00000000068000658B1FFE74FF0500080F3CB
:1026B0001188BFF36F8FBFF34F8F0090FFE7FEE7E6
:1026C000FFE702B07047000082B040F24420C2F23F
:1026D0000040006858B9FFE74FF0500080F31188C0
:1026E000BFF36F8FBFF34F8F0090FFE7FEE740F21D
:1026F0004420C2F20040016801390160006830B92D
:10270000FFE700200190019880F31188FFE702B0F5
:10271000704700000000000080B586B00390039869
:102720000290039800285CD0FFE7029808380290D6
:1027300002980190019840684FF28451C2F2014121
:10274000096808420BD1FFE74FF0500080F3118871
:10275000BFF36F8FBFF34F8F0590FFE7FEE7019840
:10276000006858B1FFE74FF0500080F31188BFF3C5
:102770006F8FBFF34F8F0490FFE7FEE7019840682B
:102780004FF28451C2F201410968084227D0FFE7A5
:102790000198006808BBFFE74FF28450C2F2014085
:1027A0000268019948689043486000F069FA01980E
:1027B00042684FF2B051C2F201410868104408600B
:1027C0000198FFF7D5FB4FF62401C2F201410868DA
:1027D0000130086000F0F0FD00E0FFE700E0FFE7F7
:1027E000FFE706B080BD00004EF21001CEF20001FE
:1027F000002008604EF21802CEF20002106040F293
:102800006810C2F20040006844F6D352C1F262027E
:10281000A0FB02024FF0FF3000EB92104EF21402C8
:10282000CEF2000210600720086070470000000030
:1028300084B0EFF305800190019810281ED3FFE7C4
:1028400001984EF2F031CEF20001405C8DF80300A9
:102850009DF803004EF63C51C2F2014109788842CE
:102860000BDAFFE74FF0500080F31188BFF36F8F52
:10287000BFF34F8F0390FFE7FEE7FFE74EF60C50E4
:10288000CEF20000006800F4E0604EF64051C2F263
:102890000141096888420BD9FFE74FF0500080F3EF
:1028A0001188BFF36F8FBFF34F8F0290FFE7FEE7F2
:1028B00004B070470000000080B584B00290002092
:1028C0000190029800B3FFE74FF2AC40C2F2014022
:1028D000006858B1FFE74FF0500080F31188BFF354
:1028E0006F8FBFF34F8F0390FFE7FEE700F0C8F94B
:1028F00002992320F4F77CFD02980021FFF760F88D
:1029000000F05AFD019000E0FFE7019860B9FFE791
:102910004EF60451CEF200014FF080500860BFF334
:102920004F8FBFF36F8F00E0FFE704B080BD000062
:1029300080B584B0029002980190029858B9FFE7E0
:102940004FF0500080F31188BFF36F8FBFF34F8FAC
:102950000390FFE7FEE7019846F23421C2F20041FE
:102960000968884250D0FFE7019800284CD0FFE763
:10297000FFF77EFE0198FFF7BFFB002840D0FFE77E
:102980000198F5F779F801462A20F4F731FD01980E
:102990000430FFF7ADFD0198F4F7BEFC0198C16A61
:1029A000012000FA01F24FF2B441C2F2014108687D
:1029B000104308600199C86A00EB800246F2442087
:1029C000C2F2004000EB82000431FFF725FE0198BF
:1029D000C06A46F23421C2F200410968C96A8842DD
:1029E0000CD3FFE74EF60451CEF200014FF08050B9
:1029F0000860BFF34F8FBFF36F8F00E0FFE700E089
:102A0000FFE7FFF761FE00E0FFE704B080BD0000D4
:102A100080B58AB0002003900690059006A805A90D
:102A200004AAFFF789FD039B049A0599DDF818C0F5
:102A30006846C0F808C04160036041F68150C0F6A6
:102A4000020046F28C01C0F6020100F095FA014640
:102A50004FF2B470C2F201400160006818B1FFE7A4
:102A60000120079002E000200790FFE70798012867
:102A70003DD1FFE74FF0500080F31188BFF36F8F17
:102A8000BFF34F8F09904FF61801C2F201414FF08A
:102A9000FF3008604FF64001C2F20141012008609A
:102AA0004FF67401C2F201410020086046F2342062
:102AB000C2F200400068343046F28C01C0F60201D8
:102AC0000522DDF76FFD40B1FFE746F23420C2F288
:102AD00000400068F4F7E0FB02E0F4F781FBFFE759
:102AE00000F04EF908B1FFE700E0FFE70FE00798BC
:102AF000013058B9FFE74FF0500080F31188BFF361
:102B00006F8FBFF34F8F0890FFE7FEE7FFE70AB034
:102B100080BD00000000000080B584B00290FFF787
:102B2000A7FD029838B9FFE746F23420C2F2004010
:102B30000068009002E002980090FFE70098019082
:102B40000198F4F799FF01462920F4F751FC019808
:102B50000430FFF7CDFCD0B9FFE70198C06A00EB65
:102B6000800146F24420C2F2004050F8210068B9CA
:102B7000FFE70198C16A012000FA01F24FF2B44167
:102B8000C2F20141086890430860FFE700E0FFE7F8
:102B90000198806A28B1FFE701981830FFF7A8FC78
:102BA00000E0FFE70198011D4FF64C00C2F2014022
:102BB000FFF732FD019890F85800012805D1FFE792
:102BC0000199002081F85800FFE7FFF77DFD4FF6DF
:102BD0004000C2F20140006838B1FFE7FFF748FD4E
:102BE000FFF73EFAFFF770FD00E0FFE7019846F2BD
:102BF0003421C2F20041096888423ED1FFE74FF616
:102C00004000C2F201400068F0B1FFE74FF2AC4073
:102C1000C2F20140006858B1FFE74FF0500080F366
:102C20001188BFF36F8FBFF34F8F0390FFE7FEE76D
:102C30004EF60451CEF200014FF080500860BFF311
:102C40004F8FBFF36F8F17E04FF64C00C2F2014079
:102C500000684FF2A441C2F201410968884207D1DD
:102C6000FFE746F23421C2F200410020086002E092
:102C700000F00EF8FFE7FFE700E0FFE704B080BDDB
:102C80004FF2AC41C2F20141086801300860704760
:102C900080B586B04FF2AC40C2F20140006838B156
:102CA000FFE74FF67801C2F201410120086063E0BE
:102CB0004FF67801C2F20141002008604FF2B440A3
:102CC000C2F20140006805900598B0FA80F08DF8D6
:102CD00013009DF81300C0F11F000290029800EB52
:102CE000800146F24420C2F2004050F8210058B959
:102CF000FFE74FF0500080F31188BFF36F8FBFF3F1
:102D00004F8F0390FFE7FEE7029800EB800146F249
:102D10004420C2F2004000EB810001900199486814
:102D200040684860019948680831884205D1FFE74A
:102D30000199486840684860FFE701984068C168A9
:102D400046F23420C2F2004001600068343046F29E
:102D50008C01C0F602010522DDF724FC40B1FFE73B
:102D600046F23420C2F200400068F4F795FA02E01F
:102D7000F4F736FAFFE7FFE706B080BD0000000079
:102D800080B588B04EF60050CEF2000000684CF2DC
:102D90007121C4F20F1188420BD1FFE74FF05000B0
:102DA00080F31188BFF36F8FBFF34F8F0790FFE75A
:102DB000FEE74EF60050CEF2000000684CF27021A3
:102DC000C4F20F1188420BD1FFE74FF0500080F39F
:102DD0001188BFF36F8FBFF34F8F0690FFE7FEE7B9
:102DE0004EF20040CEF20000039001780491FF21E2
:102DF000017000788DF80B009DF80B0000F050007A
:102E00004EF63C51C2F2014108704EF64051C2F2FA
:102E1000014107200860FFE79DF80B00000600282D
:102E20000DD5FFE74EF64051C2F201410868013866
:102E300008609DF80B0040008DF80B00ECE74EF6A3
:102E40004050C2F20140006803280BD0FFE74FF06A
:102E5000500080F31188BFF36F8FBFF34F8F059041
:102E6000FFE7FEE74EF64051C2F20141086800025A
:102E70000860086800F4E060086004984EF20041C1
:102E8000CEF2000108704EF62051CEF20001086823
:102E900040F470000860086840F070400860FFF778
:102EA000A3FC40F24421C2F20041002001900860DE
:102EB000FFF7D2FB4EF63471CEF20001086840F005
:102EC00040400860FFF7B8F8FFF7E2FEFFF7ECF8C4
:102ED000019808B080BD000070B58CB0DDF844C02A
:102EE000DDF840C00B900A91ADF826200893BDF89C
:102EF00026008000FFF738F90590059880B1FFE7BC
:102F00005C20FFF731F90790079820B1FFE705989B
:102F10000799086303E00598FFF7FEFBFFE702E06F
:102F200000200790FFE70798F0B1FFE70798002619
:102F300080F859600B980A99BDF82620089BDDF8A7
:102F400040C0119C079DEE46CEF80C60CEF80850AC
:102F5000CEF80440CEF800C0FEF72EFF0798FEF72B
:102F6000ABFD0120069003E04FF0FF300690FFE735
:102F700006980CB070BD0000B0B58EB0DDF850C042
:102F8000DDF84CC0DDF848C00A900991089207931B
:102F9000139858B9FFE74FF0500080F31188BFF342
:102FA0006F8FBFF34F8F0D90FFE7FEE7149858B96E
:102FB000FFE74FF0500080F31188BFF36F8FBFF32E
:102FC0004F8F0C90FFE7FEE75C20049004985C288C
:102FD0000BD0FFE74FF0500080F31188BFF36F8FE5
:102FE000BFF34F8F0B90FFE7FEE70498149820B3D0
:102FF000FFE7139808B3FFE7149806901398069913
:1030000008630699022081F859000A980999089ADC
:10301000079BDDF848C0069CEE460025CEF80C5014
:10302000CEF8084005ACCEF80440CEF800C0FEF75C
:10303000C3FE0698FEF740FD02E000200590FFE782
:1030400005980EB0B0BD000080B58CB00890079117
:103050008DF81B20059301200390089858B9FFE7CD
:103060004FF0500080F31188BFF36F8FBFF34F8F85
:103070000B90FFE7FEE708980490FFF7F9FA059830
:1030800028B1FFE70498406D05990860FFE70498B0
:1030900090F858008DF80B000499022081F8580030
:1030A0009DF81B0001460191042822D80199DFE810
:1030B00001F01F03090E1200079A0499486D10438E
:1030C000486527E00499486D0130486522E007987B
:1030D000049948651EE09DF80B00022804D0FFE724
:1030E00007980499486502E000200390FFE711E08B
:1030F00010E00498406D013058B1FFE74FF05000E8
:1031000080F31188BFF36F8FBFF34F8F0A90FFE7F3
:10311000FEE7FFE70498F4F7AFFC0146079A9DF835
:103120001B300598EC46CCF800003E20F4F7F4F98B
:103130009DF80B00012848D1FFE704980430FFF701
:10314000D7F90498F4F7E8F80498C16A012000FA66
:1031500001F24FF2B441C2F2014108681043086025
:103160000499C86A00EB800246F24420C2F2004093
:1031700000EB82000431FFF74FFA0498806A58B1DF
:10318000FFE74FF0500080F31188BFF36F8FBFF35C
:103190004F8F0990FFE7FEE70498C06A46F234219A
:1031A000C2F200410968C96A88420CD9FFE74EF6AD
:1031B0000451CEF200014FF080500860BFF34F8FF2
:1031C000BFF36F8F00E0FFE700E0FFE7FFF77CFA57
:1031D00003980CB080BD000080B582B0FFF728FBDB
:1031E000002000904FF67400C2F201400068019088
:1031F000019802B080BD000080B586B0002002902A
:103200004FF2AC40C2F201400068002840F0C88094
:10321000FFE74FF67401C2F20141086801300190E6
:1032200001980860019858BBFFE746F23820C2F2C7
:1032300000400068006858B1FFE74FF0500080F38D
:103240001188BFF36F8FBFF34F8F0590FFE7FEE745
:1032500046F23822C2F200421068009046F2402145
:10326000C2F2004108681060009808604FF61C0127
:10327000C2F20141086801300860FEF7F1FE00E08B
:10328000FFE701984FF61801C2F201410968884230
:1032900065D3FFE7FFE746F23820C2F2004000683E
:1032A000006840B9FFE74FF61801C2F201414FF044
:1032B000FF30086052E046F23820C2F20040006859
:1032C000C068C0680490049840680390019803990E
:1032D000884207D2FFE703984FF61801C2F2014176
:1032E00008603BE0FFE704980430FFF701F9049819
:1032F000806A28B1FFE704981830FFF7F9F800E07A
:10330000FFE70498F4F708F80498C16A012000FA6E
:1033100001F24FF2B441C2F2014108681043086063
:103320000499C86A00EB800246F24420C2F20040D1
:1033300000EB82000431FFF76FF90498C06A46F28F
:103340003421C2F200410968C96A884203D3FFE709
:103350000120029000E0FFE7FFE79CE7FFE746F26D
:103360003420C2F200400068C06A00EB800146F2DF
:103370004420C2F2004050F82100022803D3FFE7A6
:103380000120029000E0FFE74FF67800C2F2014012
:10339000006818B1FFE70120029000E0FFE707E0B6
:1033A0004FF62801C2F20141086801300860FFE7CA
:1033B000029806B080BD000080B584B00020029065
:1033C00001904FF2AC40C2F20140006858B9FFE7EB
:1033D0004FF0500080F31188BFF36F8FBFF34F8F12
:1033E0000390FFE7FEE7FFF743F94FF2AC40C2F26C
:1033F00001400168013901600068002840F09680B2
:10340000FFE74FF2A440C2F201400068002800F03C
:103410008C80FFE7FFE74FF62C00C2F20140006806
:1034200000283FD0FFE74FF62C00C2F20140C068F1
:10343000C068029002981830FFF75AF802980430DA
:10344000FFF756F80298F3F767FF0298C16A012068
:1034500000FA01F24FF2B441C2F201410868104390
:1034600008600299C86A00EB800246F24420C2F26A
:10347000004000EB82000431FFF7CEF80298C06AEA
:1034800046F23421C2F200410968C96A884207D372
:10349000FFE74FF67801C2F201410120086000E029
:1034A000FFE7B8E7029818B1FFE7FEF7D9FDFFE79D
:1034B0004FF62800C2F20140006800900098E0B189
:1034C000FFE7FFE7FFF798FE38B1FFE74FF6780117
:1034D000C2F201410120086000E0FFE700980138D6
:1034E0000090FFE700980028ECD1FFE74FF6280195
:1034F000C2F201410020086000E0FFE74FF67800CB
:10350000C2F20140006870B1FFE7012001904EF661
:103510000451CEF200014FF080500860BFF34F8F8E
:10352000BFF36F8F00E0FFE7FFE700E0FFE7FFF783
:10353000CBF8019804B080BD80B588B0039000201E
:10354000029003980190039858B9FFE74FF050009C
:1035500080F31188BFF36F8FBFF34F8F0490FFE7A5
:10356000FEE7FFF765F9EFF311814FF0500080F3AC
:103570001188BFF36F8FBFF34F8F069105900698A8
:1035800000900198FEF7B8FD002849D0FFE70198A8
:10359000F4F772FA01462B20F3F72AFF4FF2AC4002
:1035A000C2F20140006880BBFFE70198C06A46F2A2
:1035B0003421C2F200410968C96A884203D3FFE797
:1035C0000120029000E0FFE701980430FEF790FF31
:1035D0000198F3F7A1FE0198C16A012000FA01F2F7
:1035E0004FF2B441C2F201410868104308600199EA
:1035F000C86A00EB800246F24420C2F2004000EBB1
:1036000082000431FFF708F809E0019800F1180181
:103610004FF62C00C2F20140FEF7FEFFFFE700E08C
:10362000FFE700980790079880F31188029808B088
:1036300080BD03B401984100009850EAC12018BF32
:1036400004204A0D18BF40F0010040F2FF72B2EBB7
:10365000515F08BF40F00200012808BF052002B0FA
:1036600070474100080218BF04200A0E18BF40F03E
:1036700001004FF07F4232EA010108BF40F0020032
:10368000012808BF0520704710B54FF00E402DED02
:10369000028BB0EE408A18EE104A00EB4400B0F105
:1036A000506F4AD84FF0FC40B0EB440F22D2B0EE3E
:1036B000C80AF7EE000A30EEC00AF6EE000A60EE25
:1036C000208A18EE900A01F0B9FC01EE100A14F0FD
:1036D000004F1DBFDFED2D0A9FED2D0AB1EE411AFF
:1036E000DFED2C0A08BF9FED2C0AF8EE001A21EE40
:1036F000218A05E0DFED290A68EE088AB0EE600A4B
:103700009FED271ADFED271A30EE080A48EE811ADE
:103710009FED251A08EEA11ADFED241A48EE811A52
:103720009FED231A08EEA11A68EE281ABDEC028B51
:1037300001EE810A30EE200A10BD4FF0E440B0EBFC
:10374000440F0CD918EE100AFFF78BFF042808BFAE
:1037500001F0B6FBB0EE480ABDEC028B10BD4FF095
:103760007F40B0EB440F07D2B0EE480ABDEC028BAD
:10377000BDE8104001F08EBB0120DDF70FF8BDEC75
:10378000028BBDE8104001F08BBB00000000C9BFF8
:1037900022AAFDB90000C93F22AAFD39000000009D
:1037A00024FE1C3DC78AD83C1E67383D1B93993DBB
:1037B000AFAA2A3E70B54FF068422DED048BF0EEB3
:1037C000408A18EE900AB0EE608A18EE101A02EBEA
:1037D0004003B3F1654F3CBF02EB4102B2F1654FCC
:1037E0007DD200BFC0F3C753C1F3C7529A1A1B2A38
:1037F00009DD10F0004F14BF9FED830A9FED830A8F
:10380000BDEC048B70BD12F11A0F36DA11F0004FC7
:1038100009D010F0004F0CBF9FED7D0A9FED7D0A8F
:10382000BDEC048B70BD88EE889A19EE100AFFF784
:1038300018FF042808BF01F043FB18EE900AFFF7B9
:1038400010FF054618EE100AFFF70BFF044619EEAD
:10385000100AFFF706FF042D18BF052D08D1042C10
:1038600018BF052C04D1002804BF0220DCF796FF06
:10387000B0EE490ABDEC048B70BD4200B2EB410FC3
:103880003AD910F0004F19BFDFED630A9FED630ACC
:10389000DFED630A9FED630AB0EE481A0A46B1EE07
:1038A000688A80F00041F0EE418A10460A1A520000
:1038B000B2F1807F34D2484010F0004FDFED5A1A49
:1038C0009FED5A2A1DBFBEEE001A70EEE10A30EEDF
:1038D000420AB6EE001A08BF70EEA10A00E040E00E
:1038E00008BF30EE020AB0EE682A01EE482A08EE60
:1038F000818AC2EE081A15E011F0004F04BF9FED57
:103900004C0AF0EE400AD1D010F0004F19BFDFEDA5
:10391000490A9FED490ADFED490A9FED490AC5E7CB
:10392000C8EE881A21EEA11A9FED462ADFED462A3D
:1039300041EE022A9FED452A01EE222ADFED442ABC
:1039400041EE022A9FED432ABDEC048B01EE222AB0
:1039500021EE811A01EE020A30EE210A30EE200A31
:1039600070BD4FF07F42B2EB400F28BFB2EB410F6A
:1039700009D2F0EE480AB0EE680ABDEC048BBDE84F
:10398000704001F08ABA40EA01035B0008BF41F0D1
:10399000FF410BD0B2EB400F08BFB2EB410F08D193
:1039A00020F0804008EE900A21F0804108EE101AC5
:1039B00018E7B2EB400F12BF5FEA410340F0FF404F
:1039C00001F000413FF40EAFB2EB410F12BF5FEACE
:1039D000400200F0004041F0FF413FF403AF4A00D5
:1039E00092EA40033FF5FEAE002AACBF9FED1A0AF3
:1039F0009FED1A0A68EE808A28EE008A18EE900A77
:103A000018EE101AEEE60000DB0FC9BFDB0FC93F4E
:103A1000DB0F4940DB0F49C00000C9BF22AAFDB936
:103A20000000C93F22AAFD390060ED3EC30ACE372F
:103A300000000000000049C022AA7DBA00004940F1
:103A400022AA7D3A2DAD65BD8FB8D53D0FB511BE0B
:103A500061C84C3EA8AAAABE0000804F0000802F7B
:103A600010B529499FED261B2DED020B84B005985A
:103A700020F000408842D8BF9DED040B2DDD234986
:103A8000884209D1049840B94FF00100DCF786FE66
:103A900001F0DEF906B010BD05DB9DED040B30EE44
:103AA000000B06B010BD68469DED040B00F06CFEE7
:103AB00010F0030004BF9DED021B9DED000B0CD028
:103AC00001280ED09DED021B9DED000B022810D0A9
:103AD000012001F079F806B010BD00F0D9FF06B062
:103AE00010BD9DED021B9DED000B012001F06CF857
:103AF00001E000F0CDFFB1EE400B06B010BD0000BC
:103B00000000000000000000FB21E93F0000F07F02
:103B100010EE101A08B5444A6846B2EB410F28D996
:103B20004FF0E640B0EB410F94BF00204FF0FF3064
:103B300000900098002861DB60EE000A10F0010F91
:103B400045D010F0020FDFED391A9FED391A00EE63
:103B5000A11ADFED381A40EE811A21EEA01AF0EE1C
:103B6000400A40EE010A08BFF1EE600AB0EE600ABA
:103B700008BD314B21F0004293423CD911F0004F77
:103B8000DFED2E0A20EE201ADFED2D0A19BF31EEEF
:103B9000601A71EE200A31EE201A71EE600ABDEE55
:103BA000E01A11EE100A9FED271A00F0030000EE54
:103BB000C10A9FED251A009000EEC10A9FED231A5D
:103BC00000EEC10A9FED221A00EEC10AB1E79FED97
:103BD000211A9FED210A10F0020F00EE810A9FEDDD
:103BE0001F1A00EE801AB7EE000A00EE810A18BF15
:103BF000B1EE400A08BD01F06BF99AE710EE100A29
:103C00004000B0F17F4F3CBFB7EE000A08BD07D1BE
:103C10004FF00100DCF7C2FDBDE8084001F040B9FB
:103C2000BDE8084001F036B9B61F927E336D4CB93D
:103C3000DA82083CA0AA2ABE490E494683F9223FEF
:103C40000000004B0000C93F00A0FD390020A23356
:103C50001A61342CB93AB2BACA9F2A3DDDFFFFBEC1
:103C600070B510EE100A2DED028B20F0004510EE1D
:103C7000900A20F00044AC4202DD28462546044666
:103C800008EE105A08EE904A281BB0F1686FC2BFC8
:103C900038EE280ABDEC028B70BD0026B5F1BC4F92
:103CA00029DDB5F1FF4F1DDBF0EE680AB0EE480AE2
:103CB00030EE200A6FF0FF4057492A188A4227BF8A
:103CC00020448842BDEC028B70BD6802400A08BFE8
:103CD000B0EE480AB4F1FF4F08BFB0EE680ABDEC81
:103CE000028B70BDA5F12055A4F1205408EE105AA6
:103CF00008EE904A5026B4F1185F15DAB4F5000FBB
:103D000009DA002C7ED09FED450A783E68EE808A65
:103D100028EE008A08E005F1205104F1205008EE59
:103D2000101A08EE900A503E38EE681AF4EEC18A76
:103D3000F1EE10FA18D218EE100A68EEE80A00F553
:103D400000606FF30B0000EE100A38EE401A78EEB8
:103D5000001A41EE610A50EE000A10EE900A01F0DE
:103D60006DF900EE100A29E018EE900A38EE080A04
:103D7000F0EE002A00F500606FF30B0000EE900AF1
:103D800010EE100A38EEE02A00F500606FF30B0029
:103D900001EE900A61EEA21A30EE610A21EE822A4B
:103DA00000EE282A21EE410A30EE420A11EEA00A66
:103DB00010EE100A01F042F900EE100A002E04BFC6
:103DC000BDEC028B70BDF7EE000A10EE100A06EB98
:103DD000D050FF2808DB0220DCF7E0FCBDEC028BB2
:103DE000BDE8704001F064B810EE900A00EBC650D8
:103DF00000EE900A20EE808A18EE100AFFF731FCE0
:103E0000042800E002E008BF01F05AF8B0EE480ACA
:103E1000BDEC028B70BD0000FFFF3F000000807B07
:103E200010B510EE100A2DED068BB7EE001A10EE4D
:103E3000901AB0EE418A0022A0F5000CDFEDFE9A48
:103E40004FF00073BCF1FE4F4FF07F4403EB410C89
:103E500080F0B481BCF1804FC0F02082F74901446A
:103E60009FEDF73AB1F5005F40F2D48200F5802172
:103E7000CB0C03F00F0101EE901AC3F307137F3B45
:103E8000A0EBC350B8EEE12A00EE100A1A44DFEDB1
:103E9000ED2AF0EE411A42EE221AF0EE613A70EE8F
:103EA000232A30EE632A12EE900A00F500606FF3C9
:103EB0000B0001EE900A73EEE13A33EE804AC1EE58
:103EC000223A22EE230A10EE100A00F500606FF38A
:103ED0000B0000EE100A00EE612A00EE442A62EEAA
:103EE000232A70EE221A21EEA12ADFEDD73A02EE44
:103EF000233A23EE023A20EE012A22EE811A03EE43
:103F0000211A32EE010A10EE100A00F500606FF37C
:103F10000B0000EE100A72EE401A31EE812A9FED7E
:103F2000CB1A60EE011A9FEDCA1A20EE011A9FED1E
:103F3000C90A02EE001A31EE810A10EE100A00F5ED
:103F400000606FF30B0000EE100AC34871EEC01A58
:103F500031EE812A784400EBC10090ED003AD0EDBB
:103F6000011A100101EE100AF8EEC12A32EE211AF0
:103F700031EE001A31EE031A31EE221A11EE100A58
:103F800000F500606FF30B0009EE100A39EE621ABB
:103F900031EE431A31EE400A30EE610A32EE40AAA9
:103FA00010EE900A002100F500606FF30B0008EEA0
:103FB000900A084670EEE8AA4FF0000029EE280AA1
:103FC00000F00C01F0EEC00A10EE900AB0F18B4F39
:103FD0000DDD10EE900AB4EB400F08D310EE100A7E
:103FE0004FF08B4262F31E0008EE900A13E069EE78
:103FF0002A0A38EEAA1A4AEE010A30EE201A11EE09
:10400000100A00F500606FF30B0008EE900A30EE26
:10401000680A70EE209A0C204FF0000038EEA90AD2
:10402000B5EEC00AF1EE10FA34BFFEEE000AF6EE6D
:10403000000A30EE800ABDEEC00A10EE100A01112F
:1040400000EE101AF8EEC00A00EE100AB8EEC00A30
:1040500038EEC00A30EE290ADFED801A9FED801A93
:1040600000EE211ADFED7F1A7F4900F00F0040EECD
:10407000011A21EE800A794401EB800191ED001ACA
:104080007A49794401EB8001D1ED001A784901EEBB
:10409000801A794401EB8000764990ED000A31EEF8
:1040A000001AB0EEE00A10EE100A884215DA10EE9F
:1040B000100AB4EB400F10D39FED6F0A30EE800A68
:1040C000DFED6E0A20EE200A68EE010ABDEC068BD9
:1040D000BCEEC00A20EE200A10BD10EE100A68499E
:1040E000884243DA10EE100AB4EB400F3ED3BDEE27
:1040F000E00A68EE010A10EE100A00EBD0725110CF
:10410000C90501F17E5100EE101AA0EB6200C00556
:1041100060EE200A00F17E5000EE100A60EE808A08
:1041200018EE900AB4EB400F0FD10220DCF736FBFB
:1041300000F0BEFE10EE101A18EE100ABDEC068B51
:1041400061F31E0000EE100A10BD18EE900A400048
:1041500011D018EE900AFFF784FA042808BF00F087
:10416000AFFEB0EE680ABDEC068B10BDF5EEC00ADE
:10417000F1EE10FA0FD20220DCF710FB00F0A0FEE7
:1041800010EE101A18EE100ABDEC068B61F31E003B
:1041900000EE100A10BD0220DCF700FB00F088FEE4
:1041A00010EE101AB0EE480A10EE100ABDEC068BA5
:1041B00061F31E0000EE100A10BD00BFBCF1804F7D
:1041C0006CD300BF00F1FF43B3F1FE4F24D200BF18
:1041D000B0EEC00A10EE100AC1F3C7537F2B0DDBFF
:1041E000972BBFF63BAEC3F196034FF0010C0CFAD0
:1041F00003F3A3F1010C1CEA010F08D00120DCF746
:10420000CDFABDEC068BBDE8104000F049BE0B4274
:1042100018BFBFEE008A21E643001CBF4FF0807339
:10422000B3EB400F34D96FF01A02DFED161A20EE0F
:10423000210A10EE100A27E000000000001080C0E4
:10424000ABAAAA3E0000803D7EE24C3E00B0384260
:10425000D49AB8BB3BAA38423C110000FC596337E2
:10426000C9FF753A1872313DDA1000000E110000D6
:104270007E1000000000FC420000FE420000004BE7
:10428000000040430000004D10F0004FA0D1E5E5D4
:10429000A0F50003B3F1FE4F21D2DFE503EB4103AC
:1042A000B3F1007F11D3F5EEC00AF1EE10FA05D19B
:1042B000430018BFB4EB400F76D883E701F000410C
:1042C00041F0FC5100EE901A7CE7B3F1807F06D2FA
:1042D00010EE903AA3F5000300EE903A72E720F05A
:1042E00000426FF0FF4C604C02EB0C03A34210D372
:1042F00021F000439C44A4450BD3B0F17E5F18BF6E
:104300005FEA410C50D0B2F1FF4F98BFB3F1FF4FBD
:1043100005D9BDEC068BBDE8104000F0BEBDB0F184
:10432000FF4F0FD0C1F3C7527F2A09DB972A11DA5A
:10433000C2F19602012303FA02F2531E0B4205D08A
:10434000002208E011F0004F55D128E00A4218BFC2
:10435000012200D1022210F5000F13D028B3B0F1D2
:10436000004F26D010F1814F4FD04FF0FE42B2EBFC
:10437000400F94BF01200020012202EBE17188422E
:1043800039D10CE011F0004F02D0012A38D032E0D0
:10439000012A02BF9FED350ABDEC068B10BD9FEDD3
:1043A000340ABDEC068B10BD2FE011F0004F0CD18C
:1043B00021E0B1F1FF4F1ED011F5000F05D011F033
:1043C000004F15D00AB1012A08D00220DCF7E6F927
:1043D000BDEC068BBDE8104000F052BD0220DCF7BA
:1043E000DDF900F04DFDBDEC068BB1EE400A10BDCD
:1043F0000AB1012A04D0B0EE690ABDEC068B10BDEB
:10440000BDEC068B9FED1B0A10BDBDEC068BB7EE15
:10441000000A10BD30EE410AB5EE001A9FED172AD2
:1044200000EE413AB6EE001A60EE001A00EE431AB2
:1044300061EEC11A9FED101A20EE011A20EE020A59
:104440009FED0F2A01EE820A71EE001A11EE900A1A
:1044500000F500606FF30B0009EE100A31EE491A07
:1044600031EE00AA9CE50000FFFF3F00000080FF46
:104470000000807F0000008000B0B841D49A38BBB3
:104480003BAAB8410000000010B529499FED261B4A
:104490002DED020B84B0059820F000408842DCBF6F
:1044A00000209DED040B2EDD2249884209D104989D
:1044B00040B94FF00100DCF771F900F0C9FC06B01B
:1044C00010BD05DB9DED040B30EE000B06B010BDFA
:1044D00068469DED040B00F057F910F003000DD075
:1044E000012814D09DED021B9DED000B022816D073
:1044F00000F0CEFAB1EE400B06B010BD9DED021BF0
:104500009DED000B012000F05FFB06B010BD9DED9E
:10451000021B9DED000B00F0BBFA06B010BD0120A0
:1045200000F052FBE6E70000000000000000000081
:10453000FB21E93F0000F07F00B510EE101A2DEDD1
:10454000028B81B0524A6846B2EB410F2ED94FF030
:10455000E640B0EB410F94BF00204FF0FF300090D9
:104560000098B0EE408A00286ADB10F0010F4BD0B3
:1045700068EE080A9FED471A9FED470A00EE810A90
:104580009FED461A10F0020F00EE801AB7EE000AF7
:1045900000EE810A02BF01B0BDEC028B00BD00BF7E
:1045A00001B0B1EE400ABDEC028B00BD3C4B21F0E6
:1045B0000042934241D911F0004FDFED3A0A20EE5C
:1045C000201ADFED390A19BF31EE601A71EE200AA8
:1045D00031EE201A71EE600ABDEEE01A11EE100AFB
:1045E0009FED321A00F0030000EEC10A9FED301A71
:1045F000009000EEC10A9FED2F1A00EEC10A9FED58
:104600002E1A00EEC10AABE728EE080A9FED2B1A1E
:10461000DFED2B0A10F0020F40EE010A9FED291A80
:1046200000EE201A61EE000AB0EE480A08EE200AF9
:10463000B6D101B0BDEC028B00BD00F049FC8FE7A4
:1046400018EE100A4000B0F17F4F0DD218EE100A9C
:10465000FFF707F8042808BF00F032FCB0EE480A64
:1046600001B0BDEC028B00BD09D10120DCF796F84A
:1046700001B0BDEC028B5DF804EB00F011BC01B0A1
:10468000B0EE480ABDEC028B5DF804EB00F002BC12
:10469000B61F927EB93AB2BACA9F2A3DDDFFFFBE6D
:1046A000490E494683F9223F0000004B0000C93FF4
:1046B00000A0FD390020A2331A61342C336D4CB9AF
:1046C000DA82083CA0AA2ABE10B52DED028BB1EE0D
:1046D000C08A18EE100A20F00040C0F1FF40C00F61
:1046E0000AD010EE100A20F00040C0F1FF40C00FC9
:1046F00004BF0120DCF752F8B0EE480ABDEC028B93
:1047000010BD00000000000010B51D499FED1A1BF0
:104710002DED020B84B0059820F000408842DCBFEC
:1047200001209DED040B21DD1649884209D1049832
:1047300040B94FF00100DCF731F800F089FB06B01A
:1047400010BD05DB9DED040B30EE000B06B010BD77
:1047500068469DED040B00F017F800F00100012100
:10476000A1EB40009DED021B9DED000B00F07CFADB
:1047700006B010BD000000000000000000000000B6
:10478000FB21E93F0000F07F2DE9F14F04462DEDBC
:10479000020B2DED048B94B09FED9D0B80ED020B71
:1047A000199E9D4826F0004585420ADC9DED180BB8
:1047B000002084ED000B14B0BDEC048B03B0BDE809
:1047C000F08F96489FED969B9FED978BA84225DD35
:1047D00097489FED991B9FED9A2B9DED180B002E8E
:1047E0000DDD30EE490B854212BF30EE480B30EE46
:1047F000410B30EE420B84ED000B0120DBE730EE85
:10480000090B854212BF30EE080B30EE010B30EE83
:10481000020B84ED000B4FF0FF30CCE78A48A84232
:1048200053DB9DED180B51EC100B00F0FBFB41EC42
:10483000100BB0EE401B9FED862BB6EE000B01EE89
:10484000020BFDEEC00B10EE903A00EE903AB8EE7F
:10485000E02BB0EE410B02EE490B22EE081BDFF815
:10486000F8C1290D0120FC4430EE411B84ED001BF2
:1048700003281DD011EE902A00EB4015113DC2F324
:104880000A528A1A954213DAB0EE403B0CEB001242
:1048900092ED000B20EE021B33EE410B33EE403B5A
:1048A00033EE411B92ED023B12EE031B401CDBE793
:1048B000002EA8BF1846BFF67EAF94ED000BB1EEF8
:1048C000400B84ED000B584275E7C6F3130040F42B
:1048D000801EC6F30A50A0F2F530471100F01F0504
:1048E000C5F12000DDF860B0139000200890099019
:1048F00005200DF1080C5949002D07EB0002794401
:1049000008BF51F8221009D051F8223001EB820182
:10491000AB404A68139922FA01F11943A1FB0E2614
:10492000A1FB0B131A449A4234BF0123002303EB6B
:1049300006080CEB8003D3E901A60E448E4234BF77
:104940000121002192448A4411B1924502D903E029
:10495000924501D2012100E00021C3E901A64144B2
:104960004CF82010011EA0F10100C4DC04989DED5C
:10497000050A00F10050810F0498DDED060A800061
:104980009DED072A01EE100AB8EEC13BB8EE401BC0
:104990009FED334B21EE041BB8EE600B9FED324BC5
:1049A00020EE040BB8EE422B9FED314B22EE042B90
:1049B00030EE024B34EE014B34EE034B8DED004BE9
:1049C000002000909DED004B34EE433B33EE411B45
:1049D00031EE400B32EE401B9DED000B9FED262B80
:1049E00020EE020B9FED262B01EE020B9DED001B2E
:1049F0009FED252B01EE020B199810F0004F1CBF04
:104A00004942B1EE400B84ED000B0846D3E60000AE
:104A10000000000000000000FB21E93F7CD90240BB
:104A200000004054FB21F93F3163621A61B4D03D6C
:104A3000FB21F93F000000000000601A61B4D03D86
:104A40007370032E8A19A33BFB213941000000003B
:104A500083C8C96D305FE43F9E090000360900003D
:104A6000000000000000103E000000000000103CAC
:104A7000000000000000103A3326A611460B113C3E
:104A8000182D4454FB21F93D00000054FB21F93D51
:104A900010B52DED040B2DED048B82B0B0EE419BD3
:104AA000079820F00044B4F1795F0FDA9DED060B12
:104AB000BDEEC00B10EE100A002801BFB7EE000BD0
:104AC00002B0BDEC048B04B008BF10BD9DED060B19
:104AD00020EE008BB0EE480B1B480621784400F016
:104AE00039F820EE080B28EE000B9DED061B01EEB9
:104AF000490BB6EE001B28EE011B1448B7EE002B45
:104B00008442BCBF31EE400B32EE400B16DB104846
:104B1000A042BCBFB5EE023B8DED003B06DBA4F529
:104B200000100190002000909DED003B31EE431BF2
:104B300032EE432B31EE400B32EE400B02B0BDECB7
:104B4000048B04B010BD0000F80600003333D33FDF
:104B50000000E93FB0EE401B491E00EBC10292EDA0
:104B6000000B31F006020DD0491E00EBC10292EDA0
:104B7000002BB0EE403BB0EE420B03EE010B31F0E8
:104B80000602F1D1022914D004290AD0062918BF3F
:104B9000704790ED0A2B00EE012B90ED080B02EE12
:104BA000010B90ED062B00EE012B90ED040B02EEB5
:104BB000010B90ED022B00EE012B90ED000B02EEAD
:104BC000010B70470000000031B504462DED040BC9
:104BD0002DED068BB0EE419B07989DED060B20F066
:104BE0000040B0F1795F0DDA51EC100BFEF721FDBA
:104BF000042808BF00F038F99DED060BBDEC068BCC
:104C000005B030BD20EE008B28EE00ABB0EE480BB7
:104C1000114805217844FFF79DFF9FED111B8CB1D2
:104C2000B6EE002B29EE022B0AEE402B18EE029B6B
:104C30000AEE419B9DED060B30EE490BBDEC068B59
:104C400005B030BD08EE001B9DED060B0AEE010B12
:104C5000BDEC068B05B030BDE00600000000000092
:104C6000495555555555C5BFF1B505462DED040BB4
:104C70002DED0A8B84B0B0EE418B0F9E684826F074
:104C80000044B7EE009BBFEE00AB844207DA9DED17
:104C90000E0BBDEEC00B10EE100A00287BD0614F4A
:104CA000A7421DDC002E07DA9DED0E0BB1EE400B86
:104CB0008DED0E0BB1EE488B9DED0E0B9FED5A1B4B
:104CC00031EE400B8DED000B9FED590B30EE480B94
:104CD0009DED001B31EE000B8DED0E0B9FED568B05
:104CE0009DED0E0B20EE000B8DED000B20EE00CBAA
:104CF000B0EE4C0B524806217844FFF72BFFB0EE84
:104D000040BBB0EE4C0B4F4806217844FFF722FF22
:104D10009DED001B20EE012B9DED000B9DED0E1B6C
:104D200020EE011B3BEE022BB0EE480B01EE020B16
:104D30009DED002B02EE008B9FED430B01EE008BEF
:104D40009DED0E0B30EE080BA74248DC01EE105A29
:104D5000B8EEC11B20EE002B30EE013B82EE030BC0
:104D600030EE480B9DED0E2B32EE400BB0EE002BDB
:104D700000EE421B022000EAA670C0F1010000EE26
:104D8000100AB8EEC00B21EE000B04B0BDEC0A8B8C
:104D900005B0F0BDFFE7691C0E982143084306D01B
:104DA000012D0FD09DED0E1B8AEE010BEDE79DED61
:104DB0000E0B51EC100B00F035F941EC110B89EEA4
:104DC000010BE2E79DED0E0B51EC100BFEF731FCF1
:104DD000042808BF00F048F89DED0E0BD5E7012D23
:104DE000D3D08DED000B002000909DED001B9DEDBC
:104DF0000E2B31EE421B38EE411B8AEE002B8DED5F
:104E0000022B02909DED020B9DED003B00EE039BFB
:104E100000EE019B02EE090BB7E700000000000066
:104E20000000303E2894E53F182D4454FB21E93F13
:104E3000075C143326A6813C00000000000000003F
:104E40002406000042060000635555555555D53FD0
:104E50009FED031B81EE010B704700000000000076
:104E600000000000000000009FED030B20EE000B8F
:104E7000704700000000000000000000000000106B
:104E8000DFED030AB7EE001A81EE200A704700003A
:104E90000000000030EE000A704730EE200A704734
:104EA000DFED020A80EEA00A70470000000000005B
:104EB0009FED020A20EE000A70470000000000701B
:104EC0009FED020A20EE000A70470000000000106B
:104ED0002DE9F0014FF07F42B2EB410F9FBF4FF041
:104EE000FF310160BDE8F00170474FF0004242EA37
:104EF0000123C1F3C752783A551112F01F0C434CED
:104F0000CCF120067C44C1F3C752A2F178024FEAEB
:104F1000621204EB820254F8254008BFD2E9015620
:104F200012D0556804FA0CF425FA06F73C4397684A
:104F300005FA0CF527FA06F8D26807FA0CFCF240DD
:104F400045EA08054CEA0206A4FB034CA5FB035204
:104F5000A6FB03631D449D4234BF0126002613199E
:104F6000334416B1934202D903E0934201D20122A5
:104F700000E00022624402F1200C9206DC0C42EABE
:104F8000443200EE102A5B03DFED210AF8EEC01A6E
:104F900000EE103A4FEA9C1C11F0004FB8EE400AA8
:104FA000C0F800C020EE201A00EE105ADFED190AFA
:104FB000B8EE400A20EE200A71EE810A70EE800AF7
:104FC00010EE902A02F500626FF30B0200EE902AB9
:104FD00070EEE11A31EEC11ADFED101A30EE411A0F
:104FE0009FED0D0A20EE800A01EE210A9FED0C1ABA
:104FF00000EE810A04BFBDE8F0017047CCF180519A
:105000000160BDE8F001B1EE400A7047CC0300003A
:10501000000000360000802C22AAFD29DB0FC92FDA
:105020000000C92F82B0CDE9000121F000400190BD
:105030009DED000B02B051EC100B704710B500EE67
:10504000100A2DED028BB1EEC08A18EE100A20F086
:105050000040C0F1FF40C00F0AD010EE100A20F04F
:105060000040C0F1FF40C00F04BF0120DBF796FBFA
:1050700018EE100ABDEC028B10BDF1EE100A4FF6CF
:10508000FF71C0F2C03120EA010040F04070E1EE53
:10509000100A704700000000000000000000B33F4D
:1050A000B2BE7D3A00002E40DFCF513800007E4076
:1050B000BF51FABA00E0A44019DAC3BA00E0C84010
:1050C000C2ED8AB90040EB40CD1F2CBA001006415A
:1050D0002AFFFABA00C01541DFCFD13700D02441F2
:1050E0009A97703A0050334189478E3600404141CB
:1050F000E75B9D3800B04E41C00A98B900A05B4103
:10510000558F943A00306841DA92C0BA0040744139
:1051100062B3C63A0000803F00A0853F00908B3FFD
:1051200000C0913F0030983F00F09E3F00F0A53F47
:105130000050AD3F0000B53F0000BD3F0060C53FDF
:105140000020CE3F0040D73F00C0E03F00C0EA3F14
:105150000020F53F000000007D36AC397D3C383939
:10516000EBDCF438320A7E39124C26399B6AED3971
:10517000A4EE83397F661E39F6398A392B426539A8
:10518000A48211395B991F39C3EECD39DDE7C637EB
:10519000A5A22F390000803FC3AA853FC2958B3F4F
:1051A000D3C3913FF037983F32F59E3FD7FEA53FDE
:1051B0003F58AD3FF304B53FA408BD3F2A67C53F44
:1051C0008C24CE3FFD44D73FDFCCE03FC7C0EA3F51
:1051D0007D25F53F000000004C5555555555A53F20
:1051E0007751C1166CC156BF9015CB19A001FA3E7C
:1051F000AD529C804F7E92BEC4B1B4BD9EEE213EA6
:10520000D43888BEE9FAA8BD00004054FB21F93F1C
:105210003163621A61B4D03D0000601A61B4D03DC0
:105220007370032E8A19A33B0000002E8A19A33B3A
:10523000C14920259A837B3900000000000000004E
:105240006E83F9A22915444ED15727FCC0DD34F5F1
:10525000999562DB4190433CAB6351FE61C5BBDE77
:105260003A6E24B7E0D24D42EA2E49061C92D1098B
:105270001CEB1DFE3EA729B1F53582E88444BB2E08
:1052800026709CE9417E5FB439D69139F439538355
:105290008B5F849C3B28F9BDFF97F81F0F9805DEB4
:1052A0008B112FEF1F6D0A5ACF7E366DB709CB27B2
:1052B000663F464F2DEA5F9EC7BA27757BF1E5EB47
:1052C000F739073DEA92528AB15FFB6B085D8D1F8B
:1052D00046300356000000006E83F9A22915444EA3
:1052E000D15727FCC0DD34F5999562DB4190433CF2
:1052F000AB6351FE00000000A6F810111111813FB0
:10530000D561C119A0012ABF7DFEB157E31DC73E7B
:10531000EB9C2B8AE6E55ABE7CD5CF5A3AD9E53DBF
:105320007AFE10111111C13F37D60684F464963FFE
:10533000280356C9226D6D3F0165F2F2D844433F00
:10534000A69237A0887E143F735360DBCB75F3BE03
:10535000FE41B31BBAA1AB3F93846EE9E326823FC3
:105360001583E0FEC8DB573F68108D1AF726303FE3
:10537000E9A7F0320FB8123FD47ABF74702AFB3E0F
:10538000000000000000000000000000000000001D
:105390000000000001000000020000000300000007
:1053A00004000000000000000500000000000000F4
:1053B00000000000000000000600000000000000E7
:1053C000000000000000000007000000FB5F020872
:1053D000614D010800000000000000000001000015
:1053E000000000000000000042600208A94D010812
:1053F00000000000000000000001000000000000AC
:105400000000000024600208C94D010800000000EF
:10541000000000000001000000000000000000008B
:1054200010600208E94D01080300000000000000C0
:105430008000000000000000000000003B60020847
:10544000014F010800000000000000000001000002
:105450000000000000000000CA5F0208214F0108A0
:105460000000000000000000000800000000000034
:1054700000000000D95F0208394F01080000000059
:10548000000000000001000000000000000000001B
:10549000C25F0208494F0108FFFF00000000000042
:1054A0008000000000000000000000001A600208F8
:1054B000814F010800000000000000000002000011
:1054C0000000000000000000B85F0208914D0108D4
:1054D00002000000000000000002000000000000C8
:1054E00000000000D25F0208C94F0108010000005F
:1054F00000000000000100000000000000000000AB
:105500000460020849540108000000000000000087
:10551000000100000000000000000000EE5F020833
:105520008954010800000000000000008000000015
:105530000000000000000000E35F0208A954010819
:105540000000000000000000000200000000000059
:10555000000000002F6002084987010800000000D9
:105560000000000000020000000000000000000039
:1055700077079600A7069600ED059600FC049600B6
:105580007004960000005802005EBCE2613FDD83BB
:10559000C29C7E20A3FD1F419DC3217FFCA2401E13
:1055A0005F01E3BD3E6082DC237D9FC1421CFEA003
:1055B000E1BF5D0380DE3C62BEE0025CDF81633DF3
:1055C0007C22C09E1D43A1FF4618FAA427799BC5E3
:1055D00084DA3866E5BB5907DB856739BAE40658D3
:1055E0001947A5FB7826C49A653BD987045AB8E6C3
:1055F000A7F91B45C6987A24F8A6441A99C7257BB3
:105600003A6486D85B05E7B98CD2306EEDB3510FA2
:105610004E10F2AC2F7193CD114FADF3702ECC9292
:10562000D38D6F31B2EC0E50AFF1134DCE90722C82
:105630006D33D18F0C52B0EE326C8ED0530DEFB172
:10564000F0AE4C1291CF2D73CA947628ABF5174962
:105650000856B4EA6937D58B5709EBB536688AD452
:1056600095CB2977F4AA4816E9B7550B88D6346A42
:105670002B7597C94A14F6A8742AC896154BA9F732
:10568000B6E80A54D7896B35000000000102030414
:1056900001020304060708090001020304050607C6
:1056A000080C1014182030400006101600061016C2
:1056B0000000803F0000000000000000000000002B
:1056C0000000000000000000000000000000803F1B
:1056D00000000000000000000000000000000000CA
:1056E00000000000000000000000803F00000000FB
:1056F00000000000000000000000000000000000AA
:10570000000000000000803F0000000000000000DA
:105710000000000000000000000000000000000089
:105720000000803F000000000000000000000000BA
:105730000000000000000000000000000000803FAA
:105740003107020881070208080402040801010168
:10575000010101030701000001000200040006002E
:1057600008000A000C00100020004000800000012A
:105770000000000000005454522052454747455352
:105780000000000000000000000000000000000019
:105790000100803FC90CC0B7E565AABE435690BB67
:1057A0003C695D3EEBFCA9BC08B732BEE745093E4B
:1057B000A59204BD00000000920E493CB10AC93C0C
:1057C0002BC3163D2EFB483D752B7B3D04A9963D12
:1057D00080B6AF3D36BDC83D2FBCE13D73B2FA3D4A
:1057E00087CF093E8340163EB5AB223EA2102F3E26
:1057F000CF6E3B3EC2C5473E0115543E135C603E32
:105800007F9A6C3ECCCF783EC07D823E938E883EA0
:10581000229A8E3E32A0943E86A09A3EE59AA03E01
:10582000128FA63ED47CAC3EEF63B23E2A44B83E13
:10583000491DBE3E15EFC33E53B9C93ECA7BCF3E9C
:105840004136D53E80E8DA3E4F92E03E7533E63E83
:10585000BBCBEB3EEA5AF13ECBE0F63E275DFC3E89
:10586000E4E7003F3D9C033F824B063F9BF5083F2A
:105870006B9A0B3FDA390E3FCDD3103F2A68133FA6
:10588000D9F6153FC07F183FC6021B3FD17F1D3F91
:10589000CBF61F3F9967223F25D2243F5636273F3C
:1058A0001594293F4AEB2B3FDE3B2E3FBB85303F13
:1058B000C9C8323FF304353F233A373F4268393F86
:1058C0003B8F3B3FF9AE3D3F67C73F3F70D8413FFD
:1058D00001E2433F03E4453F65DE473F12D1493FC4
:1058E000F8BB4B3F029F4D3F207A4F3F3D4D513F0C
:1058F0004918533F31DB543FE595563F5348583FD5
:105900006AF2593F1A945B3F532D5D3F05BE5E3FDF
:105910002146603F97C5613F5A3C633F59AA643FA7
:10592000880F663FD86B673F3CBF683FA7096A3F57
:105930000C4B6B3F5E836C3F93B26D3F9ED86E3FC6
:1059400073F56F3F0809713F5213723F4714733F5D
:10595000DD0B743F0BFA743FC6DE753F07BA763F26
:10596000C58B773FF853783F9812793F9DC7793FB1
:1059700002737A3FBE147B3FCDAC7B3F283B7C3F1C
:10598000C9BF7C3FAC3A7D3FCCAB7D3F23137E3F0C
:10599000B0707E3F6DC47E3F580E7F3F6D4E7F3F9F
:1059A000AB847F3F0FB17F3F97D37F3F43EC7F3F77
:1059B00011FB7F3F0000803F11FB7F3F43EC7F3FA7
:1059C00097D37F3F0FB17F3FAB847F3F6D4E7F3FCB
:1059D000580E7F3F6DC47E3FB0707E3F23137E3FE5
:1059E000CCAB7D3FAC3A7D3FC9BF7C3F283B7C3F81
:1059F000CDAC7B3FBE147B3F02737A3F9DC7793F9E
:105A00009812793FF853783FC58B773F07BA763FB6
:105A1000C6DE753F0BFA743FDD0B743F4714733FCE
:105A20005213723F0809713F73F56F3F9ED86E3F66
:105A300093B26D3F5E836C3F0C4B6B3FA7096A3F8F
:105A40003CBF683FD86B673F880F663F59AA643FE9
:105A50005A3C633F97C5613F2146603F05BE5E3FAC
:105A6000532D5D3F1A945B3F6AF2593F5348583FAC
:105A7000E595563F31DB543F4918533F3D4D513F6B
:105A8000207A4F3F029F4D3FF8BB4B3F12D1493F19
:105A900065DE473F03E4453F01E2433F70D8413FA5
:105AA00067C73F3FF9AE3D3F3B8F3B3F4268393FC1
:105AB000233A373FF304353FC9C8323FBB85303FF7
:105AC000DE3B2E3F4AEB2B3F1594293F5636273FAE
:105AD00025D2243F9967223FCBF61F3FD17F1D3F40
:105AE000C6021B3FC07F183FD9F6153F2A68133FF7
:105AF000CDD3103FDA390E3F6B9A0B3F9BF5083F31
:105B0000824B063F3D9C033FE4E7003F275DFC3EA0
:105B1000CBE0F63EEA5AF13EBBCBEB3E7533E63EB8
:105B20004F92E03E80E8DA3E4136D53ECA7BCF3E1A
:105B300053B9C93E15EFC33E491DBE3E2A44B83E87
:105B4000EF63B23ED47CAC3E128FA63EE59AA03EF7
:105B500086A09A3E32A0943E229A8E3E938E883E34
:105B6000C07D823ECCCF783E7F9A6C3E135C603E17
:105B70000115543EC2C5473ECF6E3B3EA2102F3E9C
:105B8000B5AB223E8340163E87CF093E73B2FA3D45
:105B90002FBCE13D36BDC83D80B6AF3D04A9963D62
:105BA000752B7B3D2EFB483D2BC3163DB10AC93CEE
:105BB000920E493C00000000920E49BCB10AC9BCDB
:105BC0002BC316BD2EFB48BD752B7BBD04A996BD0E
:105BD00080B6AFBD36BDC8BD2FBCE1BD73B2FABD46
:105BE00087CF09BE834016BEB5AB22BEA2102FBE22
:105BF000CF6E3BBEC2C547BE011554BE135C60BE2E
:105C00007F9A6CBECCCF78BEC07D82BE938E88BE9C
:105C1000229A8EBE32A094BE86A09ABEE59AA0BEFD
:105C2000128FA6BED47CACBEEF63B2BE2A44B8BE0F
:105C3000491DBEBE15EFC3BE53B9C9BECA7BCFBE98
:105C40004136D5BE80E8DABE4F92E0BE7533E6BE7F
:105C5000BBCBEBBEEA5AF1BECBE0F6BE275DFCBE85
:105C6000E4E700BF3D9C03BF824B06BF9BF508BF26
:105C70006B9A0BBFDA390EBFCDD310BF2A6813BFA2
:105C8000D9F615BFC07F18BFC6021BBFD17F1DBF8D
:105C9000CBF61FBF996722BF25D224BF563627BF38
:105CA000159429BF4AEB2BBFDE3B2EBFBB8530BF0F
:105CB000C9C832BFF30435BF233A37BF426839BF82
:105CC0003B8F3BBFF9AE3DBF67C73FBF70D841BFF9
:105CD00001E243BF03E445BF65DE47BF12D149BFC0
:105CE000F8BB4BBF029F4DBF207A4FBF3D4D51BF08
:105CF000491853BF31DB54BFE59556BF534858BFD1
:105D00006AF259BF1A945BBF532D5DBF05BE5EBFDB
:105D1000214660BF97C561BF5A3C63BF59AA64BFA3
:105D2000880F66BFD86B67BF3CBF68BFA7096ABF53
:105D30000C4B6BBF5E836CBF93B26DBF9ED86EBFC2
:105D400073F56FBF080971BF521372BF471473BF59
:105D5000DD0B74BF0BFA74BFC6DE75BF07BA76BF22
:105D6000C58B77BFF85378BF981279BF9DC779BFAD
:105D700002737ABFBE147BBFCDAC7BBF283B7CBF18
:105D8000C9BF7CBFAC3A7DBFCCAB7DBF23137EBF08
:105D9000B0707EBF6DC47EBF580E7FBF6D4E7FBF9B
:105DA000AB847FBF0FB17FBF97D37FBF43EC7FBF73
:105DB00011FB7FBF000080BF11FB7FBF43EC7FBFA3
:105DC00097D37FBF0FB17FBFAB847FBF6D4E7FBFC7
:105DD000580E7FBF6DC47EBFB0707EBF23137EBFE1
:105DE000CCAB7DBFAC3A7DBFC9BF7CBF283B7CBF7D
:105DF000CDAC7BBFBE147BBF02737ABF9DC779BF9A
:105E0000981279BFF85378BFC58B77BF07BA76BFB2
:105E1000C6DE75BF0BFA74BFDD0B74BF471473BFCA
:105E2000521372BF080971BF73F56FBF9ED86EBF62
:105E300093B26DBF5E836CBF0C4B6BBFA7096ABF8B
:105E40003CBF68BFD86B67BF880F66BF59AA64BFE5
:105E50005A3C63BF97C561BF214660BF05BE5EBFA8
:105E6000532D5DBF1A945BBF6AF259BF534858BFA8
:105E7000E59556BF31DB54BF491853BF3D4D51BF67
:105E8000207A4FBF029F4DBFF8BB4BBF12D149BF15
:105E900065DE47BF03E445BF01E243BF70D841BFA1
:105EA00067C73FBFF9AE3DBF3B8F3BBF426839BFBD
:105EB000233A37BFF30435BFC9C832BFBB8530BFF3
:105EC000DE3B2EBF4AEB2BBF159429BF563627BFAA
:105ED00025D224BF996722BFCBF61FBFD17F1DBF3C
:105EE000C6021BBFC07F18BFD9F615BF2A6813BFF3
:105EF000CDD310BFDA390EBF6B9A0BBF9BF508BF2D
:105F0000824B06BF3D9C03BFE4E700BF275DFCBE9C
:105F1000CBE0F6BEEA5AF1BEBBCBEBBE7533E6BEB4
:105F20004F92E0BE80E8DABE4136D5BECA7BCFBE16
:105F300053B9C9BE15EFC3BE491DBEBE2A44B8BE83
:105F4000EF63B2BED47CACBE128FA6BEE59AA0BEF3
:105F500086A09ABE32A094BE229A8EBE938E88BE30
:105F6000C07D82BECCCF78BE7F9A6CBE135C60BE13
:105F7000011554BEC2C547BECF6E3BBEA2102FBE98
:105F8000B5AB22BE834016BE87CF09BE73B2FABD41
:105F90002FBCE1BD36BDC8BD80B6AFBD04A996BD5E
:105FA000752B7BBD2EFB48BD2BC316BDB10AC9BCEA
:105FB000920E49BC0000008052533438355461734E
:105FC0006B004C45445461736B00494D55546173EB
:105FD0006B0052635461736B004A7564676554616A
:105FE000736B00566973696F6E5461736B00537500
:105FF0007065724361705461736B004265657054E3
:1060000061736B0053686F6F7465725461736B00DA
:106010004572726F725461736B004D6F746F72547E
:1060200061736B004465746563745461736B0064E1
:10603000656661756C745461736B0047696D62616C
:106040006C00436861737369730043444320496E75
:10605000746572666163650043444320436F6E66F6
:1060600069670053544D6963726F656C6563747240
:106070006F6E6963730053544D33322056697274E6
:1060800075616C20436F6D506F72740049444C45CC
:10609000005465726D696E616C00286E756C6C29B8
:1060A00000537973566965770053595354454D56DB
:1060B0004945573A20436F756C64206E6F742072A7
:1060C00065636F7264207461736B20696E666F72B2
:1060D0006D6174696F6E2E204D6178696D756D20EC
:1060E0006E756D626572206F66207461736B7320CC
:1060F000726561636865642E004E3D467265655247
:10610000544F532044656D6F204170706C6963611A
:1061100074696F6E2C443D436F727465782D4D37F2
:106120002C4F3D4672656552544F5300492331351B
:106130003D5379735469636B000000008911122389
:106140009B322446AD573665BF74488CC19D5AAF0B
:10615000D3BE6CCAE5DB7EE9F7F881100801933302
:106160001A22A5562C47B7753E64C99C408DDBBFEB
:1061700052AEEDDA64CBFFF976E802218B301002E3
:1061800099132667AF763444BD554AADC3BC588ECB
:10619000D19F6EEBE7FA7CC8F5D983310A209112C2
:1061A0001803A7772E66B5543C45CBBD42ACD99EAB
:1061B000508FEFFB66EAFDD874C904428D53166117
:1061C0009F702004A9153227BB364CCEC5DF5EED8B
:1061D000D7FC6888E1997AABF3BA85520C43977182
:1061E0001E60A1142805B3373A26CDDE44CFDFFD6B
:1061F00056ECE9986089FBBB72AA06638F72144063
:106200009D512225AB343006B9174EEFC7FE5CCC4A
:10621000D5DD6AA9E3B8788AF19B87730E62955041
:106220001C41A3352A24B1163807CFFF46EEDDDC2A
:1062300054CDEBB962A8F99A708B088481951AA79E
:1062400093B62CC2A5D33EE1B7F04008C919522B32
:10625000DB3A644EED5F766DFF7C899400859BB7D9
:1062600012A6ADD224C3BFF136E0C1184809D33B12
:106270005A2AE55E6C4FF77D7E6C0AA583B41886BA
:1062800091972EE3A7F23CC0B5D14229CB38500AF2
:10629000D91B666FEF7E744CFD5D8BB502A4999699
:1062A0001087AFF326E2BDD034C1C3394A28D11AD2
:1062B000580BE77F6E6EF55C7C4D0CC685D71EE5EE
:1062C00097F42880A1913AA3B3B2444ACD5B5669B2
:1062D000DF78600CE91D722FFB3E8DD604C79FF559
:1062E00016E4A9902081BBB332A2C55A4C4BD77992
:1062F0005E68E11C680DF33F7A2E0EE787F61CC43A
:1063000095D52AA1A3B03882B193466BCF7A544871
:10631000DD59622DEB3C700EF91F8FF706E69DD418
:1063200014C5ABB122A0B9923083C77B4E6AD55851
:106330005C49E33D6A2CF11E780F0000606302089F
:106340000000002488020000300300088064020876
:1063500088020024000E02009003000800000000E4
:1063600001A0100CE7416B3A58A08B3A82810123BF
:10637000FFFF180AE9CA010859CB010879041AA1DC
:10638000041AF1041A99141A09085108081250C382
:1063900047CDCCCC3D0409531C110B1AC8421C211B
:1063A0001420420113401F2C90D003041B49BDBC94
:1063B0004EBA0108A9C0B01F69BB010811B9C019C4
:1063C00014C11E69BC0108F91C1AD9081AE1081485
:1063D00009024313020125C03209041B01020B13F9
:1063E00005241610010524011009010424020205E8
:1063F000240617010705820308151009040133025A
:106400000A2E0705010240072A810711130A0632E6
:10641000023340011A12231302021E408304405724
:10642000591B02031513B1151B08A9041A49041AB4
:10643000E90413191600081808040309041A0334A0
:10644000FF01101AAA01811F28F5012439F7D41E73
:10645000F6010891F5C41904157D04017C1602406B
:10646000AB03411009055308065804070F1608101E
:10647000820911160A15800B1605000C18010D0073
:04000005080002CD20
:00000001FF
